SN,NEWID,GENDER,PSLE,REPEAT,INTAKE,SEC SCHOOL,KI,GP,KI (A),MA2,FM2,CP2,PH2,CH2,BY2,EL2,EL2 (A),ELL2,EC2,EC2 (A),EH2,EH2 (A),EG2,EG2 (A),S1_2,S2_2,S3_2,S4_2,S5_2,FR2,GM2,JP2,SP2,MA1,CH1,EL1,EC1,EH1,EG1,S1_1,NO OF CCA
1,20180001,M,260,NA,IP (X),SCHOOL X,,0.56,,0.69,,,0.78,0.71,,,,,0.44,,,,,,,,,,,,,,,,,,,,,,1
2,20180002,F,253,NA,JAE Ordinary Admission,METHODIST GIRLS' SCHOOL (SECONDARY),,0.44,,0.85,,,0.8,0.68,,,,,0.68,,,,,,,,,,,,,,,,,,,,,,1
3,20180003,F,262,NA,IP (Y),SCHOOL Y,,0.66,,0.16,,,0.27,0.22,,,,,0.41,,,,,,,,,,,,,,,,,,,,,,1
4,20180004,F,242,NA,JAE Ordinary Admission,TANJONG KATONG GIRLS' SCHOOL,,,0.14,,,,,,,,MC,,,0.02,,MC,,,,,,,,,,,,MC,,,,,,,1
5,20180005,M,237,NA,JAE Ordinary Admission,MARIS STELLA HIGH SCHOOL,,0.27,,0.81,,,0.27,0.53,,,,,0.16,,,,,,,,,,,,,,,,,,,,,,1
6,20180006,M,246,NA,JAE Ordinary Admission,CATHOLIC HIGH SCHOOL,0.58,,,0.68,,,,0.76,0.79,,,,,,,,,,,,,,,,,,,,,,,,,,1
7,20180007,M,261,NA,IP (X),SCHOOL X,,0.86,,0.93,,,0.48,0.5,,,,,0.93,,,,,,,,,,,,,,,,,,,,,,1
8,20180008,M,263,NA,IP (X),SCHOOL X,,0.78,,0.2,,,,0.64,0.47,,,,0.37,,,,,,,,,,,,,,,,,,,,,,2
9,20180009,F,251,NA,IP (Y),SCHOOL Y,,0.63,,0.3,,,,0.13,0.05,,,,0.58,,,,,,,,,,,,,,,,,,,,,,2
10,20180010,F,247,NA,IP (Y),SCHOOL Y,,0.63,,0.53,,,,0.15,0.14,,,,0.63,,,,,,,,,,,,,,,,,,,,,,1
11,20180011,F,258,NA,IP (Y),SCHOOL Y,,0.77,,0.52,,,,0.33,0.42,,,,0.35,,,,,,,,,,,,,,,,,,,,,,1
12,20180012,F,256,NA,JAE Ordinary Admission,CHIJ ST. NICHOLAS GIRLS' SCHOOL,,0.05,,0.75,,,,0.68,0.4,,,,0.43,,,,,,,,,,,,,,,,,,,,,,0
13,20180013,F,258,NA,IP (Y),SCHOOL Y,,0.77,,0.61,,,,0.77,0.91,,,,,,,,,,,,,0.7,,,,,,,,,,,,,1
14,20180014,F,240,NA,JAE Ordinary Admission,CRESCENT GIRLS' SCHOOL,,0.63,,0.51,,,,0.25,0.34,,,,0.33,,,,,,,,,,,,,,,,,,,,,,1
15,20180015,M,0,NA,DSA,BUKIT PANJANG GOVT. HIGH SCHOOL,,0.68,,0.91,,,0.85,0.89,,,,,0.68,,,,,,,,,,,,,,,,,,,,,,2
16,20180016,F,257,NA,IP (Y),SCHOOL Y,0.54,,,0.69,,,0.62,0.48,,,,,,,,,,,,,,,,,,,,,,,0.81,,,,1
17,20180017,F,260,NA,IP (Y),SCHOOL Y,,0.91,,0.83,,,0.91,0.88,,,,,0.98,,,,,,,,,,,,,,,,,,,,,,2
18,20180018,F,259,NA,IP (Y),SCHOOL Y,,0.81,,0.45,,,,0.54,0.48,,,,,,,,,,0.37,,,,,,,,,,,,,,,,1
19,20180019,F,244,NA,DSA,CHIJ SECONDARY (TOA PAYOH),,0.66,,0.07,,,0.26,,,0.65,,,,,,,,,0.68,,,,,,,,,,,,,,,,1
20,20180020,M,252,NA,IP (X),SCHOOL X,,0.25,,0.42,,,,0.35,0.39,,,,0.95,,,,,,,,,,,,,,,,,,,,,,2
21,20180021,M,254,NA,IP (X),SCHOOL X,,0.41,,0.83,,,0.74,0.75,,,,,0.58,,,,,,,,,,,,,,,,,,,,,,1
22,20180022,M,261,NA,IP (X),SCHOOL X,,0.96,,0.82,,,,0.43,0.89,,,,0.66,,,,,,,,,,,,,,,,,,,,,,1
23,20180023,F,245,NA,DSA (CCA),SINGAPORE CHINESE GIRLS' SCHOOL,,0.41,,0.31,,,,0.33,0.13,,,,0.57,,,,,,,,,,,,,,,,,,,,,,1
24,20180024,M,256,NA,IP (X),SCHOOL X,,0.88,,0.57,,,,0.94,0.95,,,,0.9,,,,,,,,,,,,,,,,,,,,,,1
25,20180025,F,242,NA,IP (Y),SCHOOL Y,,0.06,,0.49,,,0.13,0.26,,,,,0.25,,,,,,,,,,,,,,,,,,,,,,1
26,20180026,F,251,NA,JAE Ordinary Admission,METHODIST GIRLS' SCHOOL (SECONDARY),,0.94,,0.73,,,,0.6,0.83,,,,0.78,,,,,,,,,,,,,,,,,,,,,,1
27,20180027,F,254,NA,IP (Y),SCHOOL Y,,0.41,,,,,,,,0.36,,,0.18,,0.3,,,,,,,,,,,,,0.9,,,,,,,2
28,20180028,M,243,NA,JAE Ordinary Admission,NAN HUA HIGH SCHOOL,,0.22,,0.99,0.91,,0.96,,,,,,0.83,,,,,,,,,,,,,,,,,,,,,,1
29,20180029,F,261,NA,IP (Y),SCHOOL Y,,0.48,,0.5,,,0.37,0.31,,,,,MC,,,,,,,,,,,,,,,,,,,,,,2
30,20180030,M,256,NA,IP (X),SCHOOL X,,0.97,,0.78,,,0.68,0.88,,,,,0.64,,,,,,,,,,,,,,,,,,,,,,2
31,20180031,M,254,NA,IP (X),SCHOOL X,,0.63,,0.34,,,0.27,0.35,,,,,0.69,,,,,,,,,,,,,,,,,,,,,,1
32,20180032,F,246,NA,IP (Y),SCHOOL Y,,0.35,,0.21,,,,0.15,0.24,,,,0.24,,,,,,,,,,,,,,,,,,,,,,1
33,20180033,F,256,NA,IP (Y),SCHOOL Y,,0.86,,0.55,,,0.52,0.51,,,,,0.84,,,,,,,,,,,,,,,,,,,,,,2
34,20180034,F,249,NA,JAE Ordinary Admission,BUKIT PANJANG GOVT. HIGH SCHOOL,,0.57,,0.57,,,0.7,0.45,,,,,0.73,,,,,,,,,,,,,,,,,,,,,,1
35,20180035,F,259,NA,IP (Y),SCHOOL Y,,0.98,,0.96,,,0.89,0.86,,,,,,,,,,,,,,0.92,,,,,,,,,,,,,2
36,20180036,F,251,NA,DSA,SINGAPORE CHINESE GIRLS' SCHOOL,,0.92,,0.5,,,,0.74,0.91,,,,0.71,,,,,,,,,,,,,,,,,,,,,,2
37,20180037,F,249,NA,DSA (CCA),CRESCENT GIRLS' SCHOOL,,0.91,,0.31,,,0.5,0.32,,,,,0.01,,,,,,,,,,,,,,,,,,,,,,1
38,20180038,M,264,NA,IP (X),SCHOOL X,,0.7,,0.13,,,,0.1,0.04,,,,0.16,,,,,,,,,,,,,,,,,,,,,,1
39,20180039,F,259,NA,Appeals (Academic),NATIONAL JUNIOR COLLEGE (IP),,0.95,,0.35,,,0.43,0.58,,,,,EX,,,,,,,,,,,,,,,,,,,,,,2
40,20180040,F,259,NA,IP (Y),SCHOOL Y,,0.57,,0.84,,,0.59,0.77,,,,,0.48,,,,,,,,,,,,,,,,,,,,,,1
41,20180041,F,249,NA,JAE Ordinary Admission,METHODIST GIRLS' SCHOOL (SECONDARY),,0.42,,0.06,,,,0.48,0.61,,,0.8,,,,,,,,,,,,,,,,,,,,,,,1
42,20180042,F,258,Repeat Yr2,IP (Y),SCHOOL Y,,,,,,,,,,,,,,,,,,,,,,,,,,,,,,,,,,,1
43,20180043,F,231,NA,JAE Ordinary Admission,CHIJ SECONDARY (TOA PAYOH),,0.65,,0.38,,,,0.66,0.72,,,,0.5,,,,,,,,,,,,,,,,,,,,,,1
44,20180044,F,247,NA,IP (Y),SCHOOL Y,,0.43,,0.6,,0.45,0.35,,,,,,,,,,,,,,,,,,,,,,,,0.68,,,,1
45,20180045,M,252,NA,IP (X),SCHOOL X,,0.32,,0.62,,,,0.7,0.74,,,,0.72,,,,,,,,,,,,,,,,,,,,,,3
46,20180046,F,246,NA,IP (Y),SCHOOL Y,,0.52,,0.1,,,,,,,,,,,0.46,,,,0.06,,,,,,,,,,,,0.25,,,,1
47,20180047,M,266,NA,IP (X),SCHOOL X,,0.91,,0.88,,,0.84,0.91,,,,,,,,,,,,,,,,,,,,,,,0.98,,,,1
48,20180048,M,258,NA,IP (X),SCHOOL X,,0.82,,,,,,,,0.7,,0.2,,,0.52,,,,,,,,,,,,,0.84,,,,,,,1
49,20180049,M,262,NA,IP (X),SCHOOL X,,0.53,,0.87,,,0.85,0.92,,,,,0.62,,,,,,,,,,,,,,,,,,,,,,1
50,20180050,M,249,NA,IP (X),SCHOOL X,,0.04,,0.5,,,0.15,0.12,,,,,,,,,,,,,,,,,,,,,,,0.12,,,,1
51,20180051,F,263,NA,IP (Y),SCHOOL Y,,0.82,,0.47,,,,0.57,0.28,,,,,,,,,,,,,0.82,,,,,,,,,,,,,2
52,20180052,F,243,NA,JAE Ordinary Admission,NAN HUA HIGH SCHOOL,,0.39,,0.22,,,,0.64,0.6,,,,0.35,,,,,,,,,,,,,,,,,,,,,,1
53,20180053,M,257,NA,IP (X),SCHOOL X,,0.15,,0.64,,,0.64,0.61,,,,,0.09,,,,,,,,,,,,,,,,,,,,,,2
54,20180054,M,0,NA,JAE Ordinary Admission,BOWEN SECONDARY SCHOOL,,0.11,,0.17,,0.09,0.08,,,,,,0.11,,,,,,,,,,,,,,,,,,,,,,0
55,20180055,M,236,NA,JAE Ordinary Admission,ST. JOSEPH'S INSTITUTION,,0.16,,0.95,,,0.86,0.89,,,,,0.57,,,,,,,,,,,,,,,,,,,,,,1
56,20180056,M,258,NA,IP (X),SCHOOL X,,0.24,,0.34,,,0.34,0.25,,0.23,,,,,,,,,,,,,,,,,,,,,,,,,1
57,20180057,M,0,NA,IP (X),SCHOOL X,,0.3,,0.42,,,,,,,,,0.68,,0.6,,,,,,,0.96,,,,,,,,,,,,,2
58,20180058,M,0,NA,DSA (CCA),XINMIN SECONDARY SCHOOL,,0.51,,0.78,,,0.9,0.94,,,,,0.96,,,,,,,,,,,,,,,,,,,,,,3
59,20180059,F,237,NA,IP (Y),SCHOOL Y,,0.54,,0.41,,,,0.18,0.13,,,,,,,,,,,,,,,,,,,,,,0.52,,,,2
60,20180060,F,248,NA,JAE Ordinary Admission,CRESCENT GIRLS' SCHOOL,,0.15,,0.09,,,0.14,0.13,,,,,0.03,,,,,,,,,,,,,,,,,,,,,,2
61,20180061,M,266,NA,IP (X),SCHOOL X,,0.91,,0.65,,,,,,,,,0.48,,,,0.98,,,,,0.5,,,,,,,,,,,,,1
62,20180062,F,267,NA,IP (Y),SCHOOL Y,,0.26,,0.37,,,0.31,0.26,,,,,0.7,,,,,,,,,,,,,,,,,,,,,,1
63,20180063,M,259,NA,IP (X),SCHOOL X,,0.43,,0.41,,,,0.57,0.34,,,,0.6,,,,,,,,,,,,,,,,,,,,,,2
64,20180064,M,245,NA,DSA (CCA),MARIS STELLA HIGH SCHOOL,,0.08,,0.73,,,0.77,0.73,,,,,0.68,,,,,,,,,,,,,,,,,,,,,,1
65,20180065,M,258,NA,IP (X),SCHOOL X,,0.96,,0.86,,,,,,,0.33,,,0.51,,0.92,,,,,,,,,,,,,,,,,,,2
66,20180066,M,252,NA,IP (X),SCHOOL X,,0.63,,0.44,,,,0.44,0.4,,,,0.4,,,,,,,,,,,,,,,,,,,,,,1
67,20180067,M,242,NA,DSA (CCA),ST. JOSEPH'S INSTITUTION,,0.22,,0.34,,,0.13,0.07,,,,,0,,,,,,,,,,,,,,,,,,,,,,1
68,20180068,M,259,NA,IP (X),SCHOOL X,,0.03,,0.04,,,0.01,,,,,,,,,,,,,,,0.35,,,,,,,,,0.68,,,,1
69,20180069,M,259,NA,IP (X),SCHOOL X,,0.39,,0.65,,,0.72,0.67,,,,,0.39,,,,,,,,,,,,,,,,,,,,,,1
70,20180070,F,250,NA,JAE Ordinary Admission,ANGLICAN HIGH SCHOOL,,0.14,,0.19,,,,MC,0.27,,,,0.38,,,,,,,,,,,,,,,,,,,,,,1
71,20180071,F,264,NA,JAE Ordinary Admission,SINGAPORE CHINESE GIRLS' SCHOOL,,0.67,,0.63,,,,0.44,0.42,,,,0.17,,,,,,,,,,,,,,,,,,,,,,2
72,20180072,M,259,NA,IP (X),SCHOOL X,,0.09,,0.09,,,,0.11,,,,,0.11,,,,,,,,,0.44,,,,,,,,,,,,,1
73,20180073,F,258,NA,IP (Y),SCHOOL Y,,0.77,,0.23,,,,0.3,,,,,0.35,,,,0.41,,,,,,,,,,,,,,,,,,1
74,20180074,F,252,NA,IP (Y),SCHOOL Y,,0.47,,0.32,,,0.53,0.36,,,,,0.34,,,,,,,,,,,,,,,,,,,,,,1
75,20180075,F,261,NA,IP (Y),SCHOOL Y,,0.96,,0.78,,,,0.94,0.96,,,,0.98,,,,,,,,,,,,,,,,,,,,,,1
76,20180076,F,250,NA,JAE Ordinary Admission,CHIJ ST. NICHOLAS GIRLS' SCHOOL,,0.29,,0.42,,,,0.52,0.58,,,,0.45,,,,,,,,,,,,,,,,,,,,,,1
77,20180077,F,244,NA,JAE Ordinary Admission,NAN CHIAU HIGH SCHOOL,,0.65,,0.42,,,0.82,0.67,,,,,0.41,,,,,,,,,,,,,,,,,,,,,,1
78,20180078,F,235,NA,IP (Y),SCHOOL Y,,0.19,,0.01,,,,,,,,,0.24,,,,0.08,,,,,,,,,,,,0.42,,,,,,1
79,20180079,F,247,NA,IP (Y),SCHOOL Y,,0.07,,0.03,,,,,,0.08,,,0.03,,0.43,,,,,,,,,,,,,,,,,,,,1
80,20180080,F,238,NA,JAE Ordinary Admission,ZHONGHUA SECONDARY SCHOOL,,0.17,,0.67,,,,0.73,0.5,,,,0.43,,,,,,,,,,,,,,,,,,,,,,1
81,20180081,F,255,NA,IP (Y),SCHOOL Y,,0.97,,,,,,,,0.44,,,0.41,,,,0.61,,,,,,,,,,,0.65,,,,,,,1
82,20180082,M,261,NA,IP (X),SCHOOL X,,0.89,,0.88,,0.85,0.58,,,,,,0.89,,,,,,,,,,,,,,,,,,,,,,1
83,20180083,M,254,NA,IP (X),SCHOOL X,,0.65,,0.91,,,0.93,0.83,,,,,0.95,,,,,,,,,,,,,,,,,,,,,,1
84,20180084,M,257,NA,IP (X),SCHOOL X,,0.41,,0.63,,,,0.78,0.59,,,,0.75,,,,,,,,,,,,,,,,,,,,,,1
85,20180085,F,256,NA,IP (Y),SCHOOL Y,,0.71,,0.41,,,,0.33,0.49,,,,0.86,,,,,,,,,,,,,,,,,,,,,,1
86,20180086,F,0,NA,DSA (CCA),METHODIST GIRLS' SCHOOL (SECONDARY),,0.47,,0.74,,,,0.91,0.85,,,,0.89,,,,,,,,,,,,,,,,,,,,,,1
87,20180087,F,259,NA,IP (Y),SCHOOL Y,,0.79,,0.27,,,,0.52,0.4,,,,0.22,,,,,,,,,,,,,,,,,,,,,,2
88,20180088,M,257,NA,IP (X),SCHOOL X,,0.51,,0.81,,,,0.57,0.31,,,,0.81,,,,,,,,,,,,,,,,,,,,,,1
89,20180089,M,259,NA,IP (X),SCHOOL X,0.9,,,0.86,,,0.9,0.96,,,,,,,,,,,,,,,,,,,,,,,,,,,1
90,20180090,M,254,NA,IP (X),SCHOOL X,,0.28,,0.31,,,,,,0.49,,,,,0.69,,,,,,,,,,,,,,,,0.96,,,,1
91,20180091,F,258,NA,IP (Y),SCHOOL Y,,0.91,,0.53,,,,0.52,0.67,,,0.33,,,,,,,,,,,,,,,,,,,,,,,1
92,20180092,M,251,NA,JAE Ordinary Admission,NAN HUA HIGH SCHOOL,,0.31,,0.66,,,0.46,0.51,,,,,0.48,,,,,,,,,,,,,,,,,,,,,,1
93,20180093,M,244,NA,JAE Ordinary Admission,ANGLICAN HIGH SCHOOL,,0.35,,0.67,,,0.53,0.35,,,,,0.6,,,,,,,,,,,,,,,,,,,,,,1
94,20180094,M,252,NA,IP (X),SCHOOL X,,0.06,,0.26,,,0.13,0.27,,,,,,,,,,,,,,,,,,,,,,,0.47,,,,1
95,20180095,F,258,NA,IP (Y),SCHOOL Y,,0.82,,,,,,,,,,,,,,,0.77,,,,,0.6,0.7,,,,,0.56,,,,,,,1
96,20180096,F,249,NA,JAE Ordinary Admission,ANGLICAN HIGH SCHOOL,,0.33,,0.08,,,,0.35,0.15,,,,MC,,,,,,,,,,,,,,,,,,,,,,1
97,20180097,F,260,NA,IP (Y),SCHOOL Y,,0.23,,0.01,,,,0.06,,,,,0.24,,,,0.31,,,,,,,,,,,,,,,,,,1
98,20180098,M,256,NA,IP (X),SCHOOL X,,0.46,,0.64,,,0.66,0.71,,,,,0.73,,,,,,,,,,,,,,,,,,,,,,2
99,20180099,M,254,NA,DSA (CCA),SCHOOL X,,0.08,,0.33,,,0.29,0.23,,,,,,,,,,,,,,,,,,,,,,,0.7,,,,1
100,20180100,M,261,NA,IP (X),SCHOOL X,,0.61,,0.37,,,,0.65,0.15,,,,0.49,,,,,,,,,,,,,,,,,,,,,,1
101,20180101,M,261,NA,IP (X),SCHOOL X,,0.46,,0.66,,,0.42,0.39,,,,,0.57,,,,,,,,,,,,,,,,,,,,,,1
102,20180102,M,256,NA,IP (X),SCHOOL X,,0.87,,0.9,,,0.89,0.97,,,,,0.93,,,,,,,,,,,,,,,,,,,,,,2
103,20180103,F,255,NA,IP (Y),SCHOOL Y,,0.05,,0.32,0.08,0.23,,,,,,,,,,,,,,,,,,,,,,,,,0.08,,,,1
104,20180104,M,257,NA,IP (X),SCHOOL X,,0.49,,0.48,,,0.42,0.5,,,,,0.19,,,,,,,,,,,,,,,,,,,,,,1
105,20180105,F,260,NA,IP (Y),SCHOOL Y,,0.76,,0.8,,,0.41,0.56,,,,,0.64,,,,,,,,,,,,,,,,,,,,,,1
106,20180106,F,0,NA,IP (Y),SCHOOL Y,,0.56,,0.42,,,,,,,0.07,,,0.72,,,,,0.81,,,,,,,,,,,,,,,,1
107,20180107,F,260,NA,IP (Y),SCHOOL Y,,0.59,,,,,,,,,,,0.54,,,,0.68,,0.5,,,,,,,,,0.81,,,,,,,1
108,20180108,F,258,NA,JAE Ordinary Admission,NAN CHIAU HIGH SCHOOL,,0.88,,0.27,,,,0.37,0.65,,,,0.78,,,,,,,,,,,,,,,,,,,,,,2
109,20180109,F,250,NA,Appeals (Academic),SINGAPORE CHINESE GIRLS' SCHOOL,,0.99,,0.27,,,,,,,0.41,,,0.7,,0.75,,,,,,,,,,,,,,,,,,,1
110,20180110,F,232,NA,JAE Ordinary Admission,CLEMENTI TOWN SECONDARY SCHOOL,,0.56,,0.4,,,,0.43,0.56,,,,0.85,,,,,,,,,,,,,,,,,,,,,,1
111,20180111,M,258,NA,IP (X),SCHOOL X,,0.79,,0.51,,,,,,,,0.66,0.6,,0.8,,,,,,,,,,,,,,,,,,,,1
112,20180112,F,257,NA,JAE Ordinary Admission,ANGLICAN HIGH SCHOOL,,0.64,,0.48,,,,0.9,0.72,,,,,,,,0.8,,,,,,,,,,,,,,,,,,1
113,20180113,M,262,NA,IP (X),SCHOOL X,,0.12,,0.2,,,0.42,0.24,,,,,0.22,,,,,,,,,,,,,,,,,,,,,,1
114,20180114,M,254,NA,IP (X),SCHOOL X,,0.42,,0.44,,,,0.65,0.26,,,,0.71,,,,,,,,,,,,,,,,,,,,,,1
115,20180115,F,0,NA,IP (Y),SCHOOL Y,,0.21,,0.82,,,0.84,0.79,,,,,,,,,,,,,0.89,,,,,,,,,,,,,,2
116,20180116,M,228,NA,JAE Ordinary Admission,BEATTY SECONDARY SCHOOL,,0.01,,0.81,,,0.32,0.62,,,,,,,,,,,,,0.16,,,,,,,,,,,,,0.36,1
117,20180117,F,240,NA,JAE Ordinary Admission,ANGLICAN HIGH SCHOOL,,0.08,,0.49,,,0.36,,,,,,0.19,,,,,,,,0.75,,,,,,,,,,,,,,1
118,20180118,M,254,NA,IP (X),SCHOOL X,,0.37,,0.1,,,0.14,0.1,,,,,,,,,,,,,,,,,,,,,,,0.72,,,,1
119,20180119,M,259,NA,IP (X),SCHOOL X,,0.85,,0.9,,,0.99,0.82,,,,,0.8,,,,,,,,,,,,,,,,,,,,,,1
120,20180120,M,239,NA,JAE Ordinary Admission,CHUNG CHENG HIGH SCHOOL (MAIN),,0.07,,0.16,,,,,,,,,0.18,,,,,,,,0.64,0.55,,,,,,,,,,,,,0
121,20180121,M,265,NA,IP (X),SCHOOL X,,0.99,,0.05,,,,0.33,0.66,,,,0.87,,,,,,,,,,,,,,,,,,,,,,1
122,20180122,F,253,NA,IP (Y),SCHOOL Y,,0.7,,0.37,,,,0.38,0.42,,,,,,,,,,,,,0.28,,,,,,,,,,,,,1
123,20180123,M,239,NA,JAE Ordinary Admission,FUHUA SECONDARY SCHOOL,,0.04,,0.52,,,0.45,0.25,,,,,,,,,,,,,,,,,,,,,,,0.74,,,,1
124,20180124,M,262,NA,IP (X),SCHOOL X,,0.54,,0.94,,,,0.84,0.94,,,,0.72,,,,,,,,,,,,,,,,,,,,,,1
125,20180125,M,0,NA,IP (X),SCHOOL X,,0.09,,0.92,0.33,0.8,,,,,,,0.33,,,,,,,,,,,,,,,,,,,,,,1
126,20180126,M,255,NA,IP (X),SCHOOL X,,0.35,,0.02,,0.05,0.02,,,,,,0.22,,,,,,,,,,,,,,,,,,,,,,1
127,20180127,M,258,NA,IP (X),SCHOOL X,,0.8,,0.82,,,,0.79,0.68,,,,0.65,,,,,,,,,,,,,,,,,,,,,,2
128,20180128,F,244,NA,JAE Ordinary Admission,NAN HUA HIGH SCHOOL,,0.01,,0.22,,,,0.05,0.09,,,,0.24,,,,,,,,,,,,,,,,,,,,,,1
129,20180129,F,269,NA,IP (Y),SCHOOL Y,,0.2,,,,,,,,0.07,,,,,0.05,,,,0.31,,,,,,,,,0.12,,,,,,,1
130,20180130,F,259,NA,IP (Y),SCHOOL Y,,0.25,,0.11,,,,,,0.72,,,0.06,,,,0.4,,,,,,,,,,,,,,,,,,1
131,20180131,M,260,NA,IP (X),SCHOOL X,,0.53,,0.03,,,0.01,,,,,,0.43,,,,,,,,,0.19,,,,,,,,,,,,,1
132,20180132,F,262,NA,IP (Y),SCHOOL Y,,0.95,,0.22,,,,0.5,0.33,,,,0.6,,,,,,,,,,,,,,,,,,,,,,2
133,20180133,M,257,NA,IP (X),SCHOOL X,,0.53,,0.35,,,,0.9,,,,,0.12,,,,,,,,,0.08,,,,,,,,,,,,,1
134,20180134,M,251,NA,IP (X),SCHOOL X,,0.57,,0.29,,,0.08,0.21,,0.6,,,,,,,,,,,,,,,,,,,,,,,,,1
135,20180135,F,253,NA,JAE Ordinary Admission,CHIJ ST. NICHOLAS GIRLS' SCHOOL,,0.99,,0.12,,,,,,,0.85,,,,,0.35,,,,,,,,,0.71,,,,,,,,,,1
136,20180136,M,250,NA,IP (X),SCHOOL X,,0.45,,0.4,,,,0.56,0.41,,,,0.44,,,,,,,,,,,,,,,,,,,,,,1
137,20180137,F,259,NA,IP (Y),SCHOOL Y,,0.52,,0.58,,,,0.56,0.69,,,,0.37,,,,,,,,,,,,,,,,,,,,,,1
138,20180138,F,247,NA,JAE Ordinary Admission,CHIJ ST. NICHOLAS GIRLS' SCHOOL,,0.71,,0.85,,,,0.93,0.96,,,,0.57,,,,,,,,,,,,,,,,,,,,,,1
139,20180139,M,256,NA,IP (X),SCHOOL X,,0.49,,0.06,,,0.31,0.18,,,,,0.01,,,,,,,,,,,,,,,,,,,,,,1
140,20180140,M,258,NA,IP (X),SCHOOL X,,0.78,,0.28,,,,,,0.41,,,0.63,,0.73,,,,,,,,,,,,,,,,,,,,1
141,20180141,F,259,NA,IP (Y),SCHOOL Y,,0.42,,0.28,,,,0.15,0.35,,,,0.05,,,,,,,,,,,,,,,,,,,,,,1
142,20180142,M,0,NA,IP (X),SCHOOL X,,0.17,,0.28,,,0.77,0.27,,,,,0.03,,,,,,,,,,,,,,,,,,,,,,1
143,20180143,F,0,NA,DSA (CCA),CHIJ ST. NICHOLAS GIRLS' SCHOOL,,0.1,,0.35,,,0.4,0.46,,,,,0.37,,,,,,,,,,,,,,,,,,,,,,1
144,20180144,M,248,NA,JAE Ordinary Admission,CATHOLIC HIGH SCHOOL,,0.4,,0.58,,,0.64,0.68,,,,,0.36,,,,,,,,,,,,,,,,,,,,,,2
145,20180145,M,257,NA,IP (X),SCHOOL X,,0.34,,0.21,,,0.15,0.16,,,,,0.26,,,,,,,,,,,,,,,,,,,,,,2
146,20180146,M,267,NA,IP (X),SCHOOL X,,0.94,,0.87,,,,0.96,0.94,,,,0.95,,,,,,,,,,,,,,,,,,,,,,3
147,20180147,M,254,NA,IP (X),SCHOOL X,,0.39,,0.02,,,0.23,0.26,,,,,0.32,,,,,,,,,,,,,,,,,,,,,,1
148,20180148,F,194,NA,JAE Ordinary Admission,BUKIT PANJANG GOVT. HIGH SCHOOL,,0.11,,0.07,,,0.08,0.01,,,,,0.02,,,,,,,,,,,,,,,,,,,,,,1
149,20180149,M,263,Repeat Yr1,IP (X),SCHOOL X,,0.61,,0.01,,MC,0.04,,,,,,,,,,,,,,,,,,,,,,,,0.55,,,,0
150,20180150,F,234,NA,JAE Ordinary Admission,FUHUA SECONDARY SCHOOL,,0.11,,0.55,,,0.11,0.4,,,,,0.12,,,,,,,,,,,,,,,,,,,,,,1
151,20180151,M,240,NA,JAE Ordinary Admission,NAN HUA HIGH SCHOOL,,0.23,,0.27,,,0.07,,,,,,0.07,,0.1,,,,,,,,,,,,,,,,,,,,1
152,20180152,M,256,NA,IP (X),SCHOOL X,,0.83,,0.86,,,,0.81,0.86,,,,0.76,,,,,,,,,,,,,,,,,,,,,,2
153,20180153,M,263,NA,IP (X),SCHOOL X,,0.95,,0.79,,,,0.83,0.93,,,,0.87,,,,,,,,,,,,,,,,,,,,,,2
154,20180154,F,258,NA,IP (Y),SCHOOL Y,,,0.46,0.36,,,,,,,0.28,,,,,,,0.42,,,,,,,,,,,,,,,,,2
155,20180155,F,262,NA,IP (Y),SCHOOL Y,,0.76,,0.35,,,,0.36,0.58,,,,0.62,,,,,,,,,,,,,,,,,,,,,,1
156,20180156,M,253,NA,IP (X),SCHOOL X,,0.37,,0.74,,,,0.64,0.53,,,,0.24,,,,,,,,,,,,,,,,,,,,,,1
157,20180157,F,0,NA,JAE Ordinary Admission,NORTH VISTA SECONDARY SCHOOL,,0.35,,0.76,0.41,,0.6,,,,,,0.76,,,,,,,,,,,,,,,,,,,,,,1
158,20180158,M,254,NA,IP (X),SCHOOL X,,0.79,,0.69,,,0.44,,,,,,0.33,,,,,,,,,0.79,,,,,,,,,,,,,1
159,20180159,M,267,NA,IP (X),SCHOOL X,0.93,,,0.89,,,0.98,0.95,,,,,,,,,,,,,,,,,,,,,,,,,,,1
160,20180160,F,253,NA,DSA (CCA),SINGAPORE CHINESE GIRLS' SCHOOL,,0.61,,0.13,,,,0.44,0.62,0.67,,,,,,,,,,,,,,,,,,,,,,,,,1
161,20180161,M,258,NA,IP (X),SCHOOL X,,0.53,,0.59,,,,0.49,0.4,,,,0.14,,,,,,,,,,,,,,,,,,,,,,1
162,20180162,M,240,NA,JAE Ordinary Admission,CATHOLIC HIGH SCHOOL,,0.38,,0.13,,,,,,0.75,,,0.81,,0.56,,,,,,,,,,,,,,,,,,,,1
163,20180163,F,262,NA,IP (Y),SCHOOL Y,,0.62,,0.24,,,,0.36,0.25,,,,0.23,,,,,,,,,,,,,,,,,,,,,,1
164,20180164,F,257,NA,JAE Ordinary Admission,METHODIST GIRLS' SCHOOL (SECONDARY),,0.87,,0.62,,,0.76,0.96,,,,,0.63,,,,,,,,,,,,,,,,,,,,,,1
165,20180165,M,257,NA,IP (X),SCHOOL X,,0.79,,0.26,,,0.47,0.15,,,,,0.26,,,,,,,,,,,,,,,,,,,,,,2
166,20180166,M,239,NA,Appeals (Academic),CHUNG CHENG HIGH SCHOOL (MAIN),,0.36,,0.88,,,,0.51,0.55,,,,0.55,,,,,,,,,,,,,,,,,,,,,,1
167,20180167,M,247,NA,IP (X),SCHOOL X,,0.29,,0.46,,,0.25,0.61,,,,,0.54,,,,,,,,,,,,,,,,,,,,,,1
168,20180168,M,246,NA,JAE Ordinary Admission,NAN HUA HIGH SCHOOL,,0.54,,0.34,,,,0.46,0.74,,,,0.83,,,,,,,,,,,,,,,,,,,,,,1
169,20180169,F,261,NA,IP (Y),SCHOOL Y,,0.75,,0.63,,,,,,0.79,,,0.77,,0.84,,,,,,,,,,,,,,,,,,,,2
170,20180170,M,260,NA,IP (X),SCHOOL X,,0.47,,0.65,,,,0.63,0.14,,,,0.22,,,,,,,,,,,,,,,,,,,,,,1
171,20180171,F,239,NA,JAE Ordinary Admission,CRESCENT GIRLS' SCHOOL,,0.12,,0.52,,,0.05,0.13,,,,,0.48,,,,,,,,,,,,,,,,,,,,,,1
172,20180172,F,261,NA,IP (Y),SCHOOL Y,,,0.6,,,,,,,,0.66,,,0.68,,,,0.71,,,,,,,,,,,,,,,,,3
173,20180173,F,248,NA,JAE Ordinary Admission,FUHUA SECONDARY SCHOOL,,0.02,,0.02,,,0.07,0.01,,,,,0.03,,,,,,,,,,,,,,,,,,,,,,1
174,20180174,M,241,NA,JAE Ordinary Admission,CHUNG CHENG HIGH SCHOOL (MAIN),,0.36,,0.48,,,,0.39,0.52,,,,0.43,,,,,,,,,,,,,,,,,,,,,,1
175,20180175,F,248,NA,JAE Ordinary Admission,NAN HUA HIGH SCHOOL,,0.61,,0.38,,,,0.24,0.51,,,,0.3,,,,,,,,,,,,,,,,,,,,,,1
176,20180176,M,255,NA,IP (X),SCHOOL X,,0.38,,0.87,,,0.08,0.85,,,,,0.17,,,,,,,,,,,,,,,,,,,,,,1
177,20180177,M,252,NA,IP (X),SCHOOL X,,0.56,,0.56,,,0.89,0.8,,,,,0.96,,,,,,,,,,,,,,,,,,,,,,1
178,20180178,M,239,NA,JAE Ordinary Admission,TANJONG KATONG SECONDARY SCHOOL,,0.34,,0.36,,,,0.69,0.84,,,,0.37,,,,,,,,,,,,,,,,,,,,,,1
179,20180179,M,252,NA,IP (X),SCHOOL X,,0.4,,0.96,,,0.9,0.97,,,,,0.89,,,,,,,,,,,,,,,,,,,,,,1
180,20180180,F,254,NA,IP (Y),SCHOOL Y,,0.74,,0.79,,,,0.79,0.76,,,,,,,,,,,,,0.28,,,,,,,,,,,,,1
181,20180181,M,261,NA,IP (X),SCHOOL X,,0.82,,,,,,,,,,0.86,0.56,,,,0.79,,,,,,,,,,,0.4,,,,,,,1
182,20180182,F,256,NA,IP (Y),SCHOOL Y,,0.27,,0.27,,,,0.16,0.12,,,,,,,,,,,,,,,,,,,,,,0.18,,,,1
183,20180183,F,246,NA,JAE Ordinary Admission,CRESCENT GIRLS' SCHOOL,,0.87,,0.1,,,,0.12,0.2,,,,0.87,,,,,,,,,,,,,,,,,,,,,,1
184,20180184,F,249,NA,JAE Ordinary Admission,NAN HUA HIGH SCHOOL,,0.09,,0.6,,,0.44,0.35,,,,,0.46,,,,,,,,,,,,,,,,,,,,,,1
185,20180185,M,236,NA,JAE Ordinary Admission,MARIS STELLA HIGH SCHOOL,,0.49,,0.32,,,0.33,0.39,,,,,0.06,,,,,,,,,,,,,,,,,,,,,,2
186,20180186,F,262,NA,IP (Y),SCHOOL Y,,0.56,,0.71,,,0.46,0.61,,,,,0.52,,,,,,,,,,,,,,,,,,,,,,1
187,20180187,M,259,NA,IP (X),SCHOOL X,,0.6,,0.53,,,0.42,0.41,,,,,,,0.64,,,,,,,,,,,,,,,,,,,,1
188,20180188,F,253,NA,IP (Y),SCHOOL Y,,0.98,,0.75,,,,0.72,0.72,,,,,,,,,,,,,,,,1,,,,,,,,,,1
189,20180189,M,256,NA,IP (X),SCHOOL X,,0.51,,0.51,,,0.93,0.81,,,,,0.74,,,,,,,,,,,,,,,,,,,,,,1
190,20180190,F,250,NA,IP (Y),SCHOOL Y,,0.47,,0.23,,,,0.36,0.43,,,,,,,,,,,,,,,,,,,,,,0.93,,,,2
191,20180191,F,264,NA,IP (Y),SCHOOL Y,,0.52,,0.31,,,0.26,0.15,,,,,0.33,,,,,,,,,,,,,,,,,,,,,,2
192,20180192,M,256,NA,IP (X),SCHOOL X,,0.95,,0.48,,,,,,,0.53,,,0.82,,0.46,,,,,,,,,,,,,,,,,,,1
193,20180193,F,258,NA,IP (Y),SCHOOL Y,,0.6,,0.86,,,0.6,0.74,,,,,0.35,,,,,,,,,,,,,,,,,,,,,,1
194,20180194,F,244,NA,DSA (CCA),ANGLICAN HIGH SCHOOL,,0.66,,0.05,,,,0.16,0.22,,,,,,,,0.07,,,,,,,,,,,,,,,,,,1
195,20180195,F,243,NA,JAE Ordinary Admission,NAN HUA HIGH SCHOOL,,0.03,,0.03,,,0.25,0,,,,,0,,,,,,,,,,,,,,,,,,,,,,1
196,20180196,M,244,NA,IP (X),SCHOOL X,,0.31,,0.14,,,0.4,0.18,,,,,,,,,,,,,,,,,,,,,,,0.23,,,,1
197,20180197,M,257,NA,IP (X),SCHOOL X,,0.88,,0.61,,,0.99,0.94,,,,,0.6,,,,,,,,,,,,,,,,,,,,,,1
198,20180198,M,253,NA,IP (X),SCHOOL X,,0.65,,0.49,,,,0.58,0.2,,,,0.28,,,,,,,,,,,,,,,,,,,,,,1
199,20180199,M,246,NA,JAE Ordinary Admission,CHUNG CHENG HIGH SCHOOL (MAIN),,0.3,,0.78,,,0.74,0.87,,,,,0.75,,,,,,,,,,,,,,,,,,,,,,1
200,20180200,M,257,NA,IP (X),SCHOOL X,,0.49,,0.42,,,0.16,0.24,,,,,0.05,,,,,,,,,,,,,,,,,,,,,,1
201,20180201,F,246,NA,JAE Ordinary Admission,CHUNG CHENG HIGH SCHOOL (MAIN),,0.2,,0.86,,,0.67,0.7,,,,,0.73,,,,,,,,,,,,,,,,,,,,,,1
202,20180202,F,252,NA,JAE Ordinary Admission,CEDAR GIRLS' SECONDARY SCHOOL,,0.5,,0.75,,,0.81,0.86,,,,,0.62,,,,,,,,,,,,,,,,,,,,,,1
203,20180203,M,249,NA,JAE Ordinary Admission,CHUNG CHENG HIGH SCHOOL (MAIN),,0.52,,0.56,,,0.44,,,,,,0.61,,,,,,0.68,,,,,,,,,,,,,,,,1
204,20180204,F,262,NA,IP (Y),SCHOOL Y,,0.49,,0.19,,,,0.23,0.46,,,,0.16,,,,,,,,,,,,,,,,,,,,,,1
205,20180205,F,255,NA,IP (Y),SCHOOL Y,,0.29,,0.87,,,0.51,0.56,,,,,0.52,,,,,,,,,,,,,,,,,,,,,,1
206,20180206,F,257,NA,IP (Y),SCHOOL Y,,0.8,,0.74,,,,0.81,0.41,,,,0.54,,,,,,,,,,,,,,,,,,,,,,1
207,20180207,F,241,NA,DSA (CCA),NAN HUA HIGH SCHOOL,,0.22,,0.05,,,,0,0,,,,,,0.04,,,,,,,,,,,,,,,,,,,,2
208,20180208,F,251,NA,JAE Ordinary Admission,SINGAPORE CHINESE GIRLS' SCHOOL,,0.81,,0.42,,,,0.69,0.77,,,,0.92,,,,,,,,,,,,,,,,,,,,,,1
209,20180209,F,246,NA,IP (Y),SCHOOL Y,,0.12,,0.43,,,0.06,0.04,,,,,0.16,,,,,,,,,,,,,,,,,,,,,,1
210,20180210,F,259,NA,IP (Y),SCHOOL Y,0.25,,,0.38,,,,0.49,0.81,,,,,,,,,,,,,,,,,,,,,,,,,,1
211,20180211,F,245,NA,JAE Ordinary Admission,NAN CHIAU HIGH SCHOOL,,0.16,,0.39,,,,0.2,0.66,,,,0.22,,,,,,,,,,,,,,,,,,,,,,1
212,20180212,F,261,NA,IP (Y),SCHOOL Y,,0.76,,0.1,,,,0.05,,,,,0.37,,,,0.43,,,,,,,,,,,,,,,,,,1
213,20180213,M,269,NA,IP (X),SCHOOL X,,0.96,,0.94,,,,,,,0.76,,,1,,0.96,,,,,,,,,,,,,,,,,,,2
214,20180214,F,248,NA,JAE Ordinary Admission,NAN HUA HIGH SCHOOL,,0.02,,0.66,,,,0.71,0.55,,,,0.25,,,,,,,,,,,,,,,,,,,,,,1
215,20180215,M,0,NA,JAE Ordinary Admission,QUEENSTOWN SECONDARY SCHOOL,,0.05,,0.92,1,,0.83,,,,,,,,,,,,,,,0.61,,,,,,,,,,,,,1
216,20180216,M,249,NA,IP (X),SCHOOL X,,0.71,,0.22,,,0.86,0.82,,,,,0.37,,,,,,,,,,,,,,,,,,,,,,1
217,20180217,F,258,NA,IP (Y),SCHOOL Y,,,0.67,0.71,,,,,,,0.53,,,0.65,,,,,,,,,,,,,,,,,,,,,1
218,20180218,M,251,NA,JAE Ordinary Admission,BUKIT PANJANG GOVT. HIGH SCHOOL,,0.42,,0.71,,,,0.81,0.57,,,,0.66,,,,,,,,,,,,,,,,,,,,,,1
219,20180219,M,268,NA,IP (X),SCHOOL X,,0.81,,0.88,,,,0.97,0.88,,,,0.99,,,,,,,,,,,,,,,,,,,,,,1
220,20180220,M,256,NA,IP (X),SCHOOL X,,0.57,,0.89,,,,0.91,0.84,,,,0.86,,,,,,,,,,,,,,,,,,,,,,2
221,20180221,M,230,NA,DSA (CCA),ST. GABRIEL'S SECONDARY SCHOOL,,0.15,,0.07,,,,0.09,0.07,,,,,,,,,,,,,,,,,,,,,,0.19,,,,1
222,20180222,M,258,NA,IP (X),SCHOOL X,0.87,,,0.95,,,,0.98,,,,,0.99,,,,,,,,,,,,,,,,,,,,,,2
223,20180223,F,253,NA,IP (Y),SCHOOL Y,,0.54,,0,,,,0.02,0.01,,,,,,,,,,0.43,,,,,,,,,,,,,,,,1
224,20180224,F,263,NA,IP (Y),SCHOOL Y,,0.96,,0.9,,,0.94,0.9,,,,,0.99,,,,,,,,,,,,,,,,,,,,,,1
225,20180225,M,239,NA,JAE Ordinary Admission,ZHONGHUA SECONDARY SCHOOL,,0.56,,0.04,,,,,,0.09,,,0.31,,0.28,,,,,,,,,,,,,,,,,,,,2
226,20180226,F,247,NA,DSA,CRESCENT GIRLS' SCHOOL,,0.94,,0.97,,,,0.93,0.83,,,,0.98,,,,,,,,,,,,,,,,,,,,,,1
227,20180227,M,254,NA,IP (X),SCHOOL X,,0.89,,0.64,,,,0.4,,,,,0.65,,,,0.49,,,,,,,,,,,,,,,,,,1
228,20180228,M,261,NA,IP (X),SCHOOL X,,0.31,,0.07,,,,0.05,0.1,,,,0.56,,,,,,,,,,,,,,,,,,,,,,1
229,20180229,F,263,NA,IP (Y),SCHOOL Y,,0.74,,0.73,,,,0.59,0.17,,,,0.09,,,,,,,,,,,,,,,,,,,,,,1
230,20180230,M,259,NA,IP (X),SCHOOL X,,0.1,,,,,,,,0.65,,,0.39,,0.79,,,,,,,,,,,,,0.62,,,,,,,1
231,20180231,M,255,NA,IP (X),SCHOOL X,,0.85,,0.63,,,0.78,0.68,,,,,0.47,,,,,,,,,,,,,,,,,,,,,,1
232,20180232,M,248,NA,JAE Ordinary Admission,ST. JOSEPH'S INSTITUTION,,0.84,,0.39,,,0.05,0.15,,,,,0.41,,,,,,,,,,,,,,,,,,,,,,1
233,20180233,F,257,NA,IP (Y),SCHOOL Y,,0.61,,0.37,,,0.33,0.35,,,,,0.57,,,,,,,,,,,,,,,,,,,,,,2
234,20180234,M,239,NA,JAE Ordinary Admission,ZHONGHUA SECONDARY SCHOOL,,0.19,,0.21,,,,0.07,,,,,,,,,,,,,0.43,0.14,,,,,,,,,,,,,1
235,20180235,M,247,NA,JAE Ordinary Admission,CATHOLIC HIGH SCHOOL,,0.38,,0.66,,,,0.29,0.14,,,,0.84,,,,,,,,,,,,,,,,,,,,,,1
236,20180236,F,244,NA,JAE Ordinary Admission,NAN CHIAU HIGH SCHOOL,,0,,0.67,,,0.24,0.41,,,,,0.03,,,,,,,,,,,,,,,,,,,,,,1
237,20180237,F,259,NA,IP (Y),SCHOOL Y,,0.9,,0.4,,,,0.64,0.47,,,,,,,,,,,,,,,0.33,,,,,,,,,,,1
238,20180238,M,244,NA,JAE Ordinary Admission,NAN HUA HIGH SCHOOL,,0.45,,0.47,,,,0.67,0.58,,,,0.94,,,,,,,,,,,,,,,,,,,,,,1
239,20180239,F,265,NA,IP (Y),SCHOOL Y,,0.68,,0.23,,,,0.38,0.19,,,,,,,,,,,,,0.37,,,,,,,,,,,,,1
240,20180240,F,242,NA,DSA,METHODIST GIRLS' SCHOOL (SECONDARY),,,0.32,,,,,,,,0.3,,,0.46,,0.6,,,,,,,,,,,,0.18,,,,,,,1
241,20180241,F,249,NA,IP (Y),SCHOOL Y,,0.31,,0.43,,,0.17,0.09,,,,,0.06,,,,,,,,,,,,,,,,,,,,,,2
242,20180242,M,252,NA,IP (X),SCHOOL X,,0.37,,0.32,,,,0.56,0.19,,,,0.97,,,,,,,,,,,,,,,,,,,,,,1
243,20180243,F,243,NA,IP (Y),SCHOOL Y,,0.14,,0.16,,,,0.11,0.11,,,,,,,,,,,,,,,,,,,,,,0.9,,,,1
244,20180244,M,256,NA,IP (X),SCHOOL X,,0.06,,0.53,,,0.71,0.69,,0.01,,,,,,,,,,,,,,,,,,,,,,,,,1
245,20180245,F,247,NA,JAE Ordinary Admission,ANDERSON SECONDARY SCHOOL,,0.48,,0.58,,,0.49,0.09,,,,,0.4,,,,,,,,,,,,,,,,,,,,,,1
246,20180246,M,264,NA,IP (X),SCHOOL X,,0.87,,0.58,,,,0.91,0.75,,,,0.36,,,,,,,,,,,,,,,,,,,,,,1
247,20180247,F,239,NA,IP (Y),SCHOOL Y,,0.29,,0.02,,,,0.1,0.21,,,,,,,,,,,,,,,,,,,,,,0.73,,,,1
248,20180248,F,0,NA,JAE Ordinary Admission,CHIJ KATONG CONVENT,,0.72,,0.45,,,,0.17,0.18,,,,,,,,,,,,,,,,,,,,,,0.66,,,,1
249,20180249,F,251,NA,IP (Y),SCHOOL Y,,0.12,,0.17,,0.16,0.06,,,,,,,,,,,,,,,,,,,,,,,,0.33,,,,1
250,20180250,F,239,NA,JAE Ordinary Admission,SINGAPORE CHINESE GIRLS' SCHOOL,,0.09,,0.46,,,0.48,0.28,,,,,0.16,,,,,,,,,,,,,,,,,,,,,,1
251,20180251,F,262,NA,IP (Y),SCHOOL Y,,0.78,,0.53,,,,0.57,0.8,,,,,,,,0.92,,,,,,,,,,,,,,,,,,1
252,20180252,M,259,NA,IP (X),SCHOOL X,,0.41,,0.28,,,0.48,0.53,,,,,0.63,,,,,,,,,,,,,,,,,,,,,,2
253,20180253,M,239,NA,IP (X),SCHOOL X,,0.67,,0.97,,,0.82,0.85,,,,,0.85,,,,,,,,,,,,,,,,,,,,,,2
254,20180254,M,249,NA,IP (X),SCHOOL X,,0.54,,0.56,,,,0.46,0.27,,,,0.77,,,,,,,,,,,,,,,,,,,,,,1
255,20180255,M,257,NA,IP (X),SCHOOL X,,0.56,,0.21,,,0.12,0.19,,,,,0.42,,,,,,,,,,,,,,,,,,,,,,1
256,20180256,F,262,NA,IP (Y),SCHOOL Y,,0.69,,0.93,,,0.96,0.91,,,,,0.87,,,,,,,,,,,,,,,,,,,,,,1
257,20180257,F,247,NA,IP (Y),SCHOOL Y,,0.71,,0.53,,,,0.54,0.64,,,,0.79,,,,,,,,,,,,,,,,,,,,,,1
258,20180258,F,260,NA,IP (Y),SCHOOL Y,0.77,,,0.98,,,0.99,0.94,,,,,,,,,,,,,,,,,,,,,,,,,,,1
259,20180259,F,251,NA,DSA,CHIJ ST. NICHOLAS GIRLS' SCHOOL,,0.74,,0.12,,,0.12,0.23,,,,,0.22,,,,,,,,,,,,,,,,,,,,,,1
260,20180260,F,246,NA,IP (Y),SCHOOL Y,,0.62,,0.11,,,,0.35,,,,,0.49,,,,0.71,,,,,,,,,,,,,,,,,,1
261,20180261,F,259,NA,IP (Y),SCHOOL Y,,0.35,,0.27,,,,0.26,0.18,,,,,,,,,,,,,,,,,,,,,,0.86,,,,1
262,20180262,M,263,NA,DSA (CCA),SCHOOL X,,0.27,,0.24,,,0.3,0.24,,,,,0.15,,,,,,,,,,,,,,,,,,,,,,1
263,20180263,M,257,NA,IP (X),SCHOOL X,,0.04,,0.21,,,,,,,,,0.18,,0.23,,,,,,,,,,,,,,,0.33,,,,,1
264,20180264,F,0,NA,IP (Y),SCHOOL Y,,,0.85,0.92,,,,,,,0.58,,,0.93,,,,,,,,,,,,,,,,,,,,,1
265,20180265,F,0,NA,IP (Y),SCHOOL Y,,0.07,,0.97,,0.83,0.86,,,,,,,,,,,,,,0.94,,,,,,,,,,,,,,1
266,20180266,F,247,NA,JAE Ordinary Admission,ANDERSON SECONDARY SCHOOL,,0.15,,0.24,,,0.17,0.14,,,,,,,,,0.47,,,,,,,,,,,,,,,,,,1
267,20180267,F,268,NA,DSA (CCA),SCHOOL Y,,0.1,,0.02,,,,0.03,0.02,,,,,,,,,,,,,,,,,,,,,,0.23,,,,1
268,20180268,F,258,NA,IP (Y),SCHOOL Y,,0.79,,0.33,,,,0.26,0.7,0.13,,,,,,,,,,,,,,,,,,,,,,,,,1
269,20180269,M,256,NA,IP (X),SCHOOL X,,0.2,,0.33,,,0.49,0.37,,,,,0.54,,,,,,,,,,,,,,,,,,,,,,1
270,20180270,M,245,NA,JAE Ordinary Admission,NAN HUA HIGH SCHOOL,,0.04,,0.61,,,0.55,0.47,,,,,0.18,,,,,,,,,,,,,,,,,,,,,,1
271,20180271,M,256,NA,IP (X),SCHOOL X,,0.94,,0.25,,,,,,,0.75,,,0.8,,0.67,,,,,,,,,,,,,,,,,,,1
272,20180272,M,256,NA,IP (X),SCHOOL X,,0.72,,0.4,,,,0.75,0.61,,,,0.96,,,,,,,,,,,,,,,,,,,,,,1
273,20180273,M,241,NA,JAE Ordinary Admission,CHUNG CHENG HIGH SCHOOL (MAIN),,0.52,,0.98,,,0.94,0.74,,,,,0.88,,,,,,,,,,,,,,,,,,,,,,1
274,20180274,M,246,NA,JAE Ordinary Admission,NAN HUA HIGH SCHOOL,,0.26,,0.41,,,,0.37,0.4,,,,0.51,,,,,,,,,,,,,,,,,,,,,,1
275,20180275,M,245,NA,JAE Ordinary Admission,CHUNG CHENG HIGH SCHOOL (MAIN),,0.02,,0.44,,,0.29,0.52,,,,,0.54,,,,,,,,,,,,,,,,,,,,,,2
276,20180276,M,260,NA,IP (X),SCHOOL X,,0.62,,0.61,,,,0.71,0.62,,,,0.24,,,,,,,,,,,,,,,,,,,,,,2
277,20180277,F,251,NA,IP (Y),SCHOOL Y,,0.44,,0.82,,,0.7,0.83,,,,,0.51,,,,,,,,,,,,,,,,,,,,,,1
278,20180278,F,246,NA,IP (Y),SCHOOL Y,,0.18,,0.68,,,,0.77,0.68,,,,0.66,,,,,,,,,,,,,,,,,,,,,,1
279,20180279,M,0,NA,IP (X),SCHOOL X,,0.11,,0.67,,,0.71,0.68,,,,,0.8,,,,,,,,,,,,,,,,,,,,,,2
280,20180280,M,257,NA,IP (X),SCHOOL X,,0.21,,0.51,,,0.37,0.28,,,,,0.7,,,,,,,,,,,,,,,,,,,,,,1
281,20180281,M,0,NA,DSA,NAN HUA HIGH SCHOOL,,0.8,,0.89,,,0.71,,,,,,0.94,,0.83,,,,,,,,,,,,,,,,,,,,1
282,20180282,M,258,NA,IP (X),SCHOOL X,,0.83,,0.88,,,,0.96,0.6,,,,,,,,,,,,,,,,,0.66,,,,,,,,,1
283,20180283,F,257,NA,IP (Y),SCHOOL Y,,0.97,,0.88,,,0.74,0.71,,,,,,,,,,,,,,0.71,,,,,,,,,,,,,1
284,20180284,M,241,NA,JAE Ordinary Admission,NAN HUA HIGH SCHOOL,,0.13,,0.6,,,0.41,0.14,,,,,0.12,,,,,,,,,,,,,,,,,,,,,,1
285,20180285,F,247,NA,DSA (CCA),METHODIST GIRLS' SCHOOL (SECONDARY),,0.1,,0.36,,,0.07,0.28,,,,,0.08,,,,,,,,,,,,,,,,,,,,,,1
286,20180286,F,0,NA,JAE Ordinary Admission,WHITLEY SECONDARY SCHOOL,,0.07,,0.9,,,0.5,0.71,,,,,0.43,,,,,,,,,,,,,,,,,,,,,,1
287,20180287,M,236,NA,JAE Ordinary Admission,MARIS STELLA HIGH SCHOOL,,0.88,,0.82,,,,0.77,0.71,,,,0.78,,,,,,,,,,,,,,,,,,,,,,2
288,20180288,F,250,NA,JAE Ordinary Admission,ANGLICAN HIGH SCHOOL,,0.34,,0.83,,,0.69,0.72,,,,,,,,,,,,,,,,,,,,,,,1,,,,2
289,20180289,F,248,NA,IP (Y),SCHOOL Y,,0.89,,0.2,,,,0.1,0.11,,,,0.69,,,,,,,,,,,,,,,,,,,,,,1
290,20180290,M,240,NA,IP (X),SCHOOL X,,0.52,,0.13,,,0.14,0.08,,,,,,,,,,,,,,,,,,,,,,,0.24,,,,1
291,20180291,F,263,NA,IP (Y),SCHOOL Y,,0.31,,0.87,,,,0.54,0.64,,,,0.56,,,,,,,,,,,,,,,,,,,,,,1
292,20180292,M,243,NA,JAE Ordinary Admission,NAN HUA HIGH SCHOOL,,0.67,,0.49,,,0.14,0.28,,,,,0.03,,,,,,,,,,,,,,,,,,,,,,1
293,20180293,M,245,NA,JAE Ordinary Admission,NAN HUA HIGH SCHOOL,,0.15,,0.63,,,0.38,0.58,,,,,0.39,,,,,,,,,,,,,,,,,,,,,,2
294,20180294,M,243,NA,JAE Ordinary Admission,NAN HUA HIGH SCHOOL,,0.35,,0.21,,,0.35,0.41,,,,,0.32,,,,,,,,,,,,,,,,,,,,,,1
295,20180295,M,255,NA,IP (X),SCHOOL X,,0.61,,0.24,,,0.4,0.44,,,,,0.62,,,,,,,,,,,,,,,,,,,,,,0
296,20180296,M,249,NA,IP (X),SCHOOL X,,0.66,,0.89,,,0.87,0.82,,,,,0.45,,,,,,,,,,,,,,,,,,,,,,1
297,20180297,F,248,NA,IP (Y),SCHOOL Y,,0.36,,0.92,,,0.87,0.99,,,,,0.88,,,,,,,,,,,,,,,,,,,,,,0
298,20180298,F,257,NA,IP (Y),SCHOOL Y,,0.56,,0.83,,,,0.59,0.36,,,,0.36,,,,,,,,,,,,,,,,,,,,,,2
299,20180299,F,255,NA,JAE Ordinary Admission,CHIJ ST. NICHOLAS GIRLS' SCHOOL,,0.47,,0.71,,,0.67,0.8,,,,,0.66,,,,,,,,,,,,,,,,,,,,,,1
300,20180300,F,249,NA,JAE Ordinary Admission,CEDAR GIRLS' SECONDARY SCHOOL,,0.63,,0.14,,,,,,,,,0.32,,0.45,,,,,,,,,,,,,,,0.75,,,,,1
301,20180301,F,253,NA,JAE Ordinary Admission,CHIJ ST. NICHOLAS GIRLS' SCHOOL,,0.09,,0.25,,,0.26,,,,,,0.69,,0.28,,,,,,,,,,,,,,,,,,,,1
302,20180302,F,245,NA,JAE Ordinary Admission,NAN CHIAU HIGH SCHOOL,,0.4,,0.72,,,,0.61,0.4,,,,0.27,,,,,,,,,,,,,,,,,,,,,,1
303,20180303,F,255,NA,IP (Y),SCHOOL Y,,0.47,,0,,,0.02,0.04,,,,,0.05,,,,,,,,,,,,,,,,,,,,,,1
304,20180304,F,260,NA,IP (Y),SCHOOL Y,,0.92,,0.55,,,,0.71,0.87,,,,0.78,,,,,,,,,,,,,,,,,,,,,,1
305,20180305,F,265,NA,IP (Y),SCHOOL Y,,0.65,,0.89,,,,0.95,0.96,,,,0.88,,,,,,,,,,,,,,,,,,,,,,1
306,20180306,M,264,NA,IP (X),SCHOOL X,,0.74,,0.67,,,,0.6,0.52,,,,0.5,,,,,,,,,,,,,,,,,,,,,,1
307,20180307,M,256,NA,IP (X),SCHOOL X,,0.27,,0.33,,,,,,0.05,,,0.18,,,,,,,,,0.1,,,,,,,,,,,,,2
308,20180308,M,263,NA,IP (X),SCHOOL X,,0.65,,0.75,,,0.84,0.79,,,,,0.75,,,,,,,,,,,,,,,,,,,,,,1
309,20180309,F,0,NA,JAE Ordinary Admission,MARSILING SECONDARY SCHOOL,,0.03,,0.18,,,0,,,,,,0.3,,,,,,,,0.54,,,,,,,,,,,,,0.89,1
310,20180310,F,264,NA,IP (Y),SCHOOL Y,,,0.53,,,,,,,,0.87,,,0.48,,,,0.28,,,,,,,,,,0.25,,,,,,,1
311,20180311,M,258,NA,IP (X),SCHOOL X,,0.26,,0.49,,,,,,,,,,,,,,,,,0.67,0.89,,,,,,,,,0.91,,,,1
312,20180312,F,265,NA,IP (Y),SCHOOL Y,,0.75,,0.7,,,,0.39,0.35,,,,0.7,,,,,,,,,,,,,,,,,,,,,,1
313,20180313,M,244,NA,JAE Ordinary Admission,ANGLICAN HIGH SCHOOL,,0.38,,0.6,,,,,,0.86,,,0.57,,0.94,,,,,,,,,,,,,,,,,,,,2
314,20180314,F,254,NA,IP (Y),SCHOOL Y,,0.2,,0.95,,,,0.81,0.67,,,,0.52,,,,,,,,,,,,,,,,,,,,,,1
315,20180315,M,256,NA,IP (X),SCHOOL X,,0.32,,0.67,,,,0.38,0.78,,,,0.77,,,,,,,,,,,,,,,,,,,,,,2
316,20180316,F,247,NA,JAE Ordinary Admission,NAN HUA HIGH SCHOOL,,0.56,,0.7,,,0.59,0.66,,,,,0.52,,,,,,,,,,,,,,,,,,,,,,2
317,20180317,F,250,NA,JAE Ordinary Admission,NAN HUA HIGH SCHOOL,,0.42,,0.08,,,,0,0.05,0.58,,,,,,,,,,,,,,,,,,,,,,,,,1
318,20180318,F,242,NA,DSA (CCA),CRESCENT GIRLS' SCHOOL,,0.05,,0.07,,,,0.03,0.2,,,,,,,,,,,,,,,,,,,,,,0.46,,,,1
319,20180319,M,253,NA,JAE Ordinary Admission,CATHOLIC HIGH SCHOOL,,0.36,,0.85,,,,0.75,0.75,,,,0.14,,,,,,,,,,,,,,,,,,,,,,1
320,20180320,F,250,NA,JAE Ordinary Admission,CHIJ ST. NICHOLAS GIRLS' SCHOOL,,0.84,,0.32,,,0.53,0.92,,,,,0.77,,,,,,,,,,,,,,,,,,,,,,1
321,20180321,F,0,NA,DSA,BUKIT PANJANG GOVT. HIGH SCHOOL,,0.61,,0.79,,,0.65,0.56,,,,,0.9,,,,,,,,,,,,,,,,,,,,,,2
322,20180322,F,263,NA,IP (Y),SCHOOL Y,,0.22,,0.48,,,0.45,0.52,,,,,,,,,,,,,,0.75,,,,,,,,,,,,,1
323,20180323,M,246,NA,JAE Ordinary Admission,NAN HUA HIGH SCHOOL,,0.13,,0.65,,,0.5,0.38,,,,,0.16,,,,,,,,,,,,,,,,,,,,,,1
324,20180324,F,268,NA,IP (Y),SCHOOL Y,,0.74,,0.85,,,0.8,0.88,,,,,0.92,,,,,,,,,,,,,,,,,,,,,,1
325,20180325,F,270,NA,IP (Y),SCHOOL Y,,0.87,,0.26,,,,0.62,0.75,,,,0.81,,,,,,,,,,,,,,,,,,,,,,1
326,20180326,F,246,NA,JAE Ordinary Admission,CRESCENT GIRLS' SCHOOL,,0.37,,0.07,,,0.02,0.23,,,,,0.06,,,,,,,,,,,,,,,,,,,,,,1
327,20180327,M,237,NA,JAE Ordinary Admission,MARIS STELLA HIGH SCHOOL,,0.19,,0.47,,,,0.4,0.45,,,,0.66,,,,,,,,,,,,,,,,,,,,,,1
328,20180328,M,237,NA,JAE Ordinary Admission,XINMIN SECONDARY SCHOOL,,0.58,,0.5,,,,0.69,0.46,,,,0.27,,,,,,,,,,,,,,,,,,,,,,1
329,20180329,M,256,NA,IP (X),SCHOOL X,,0.76,,0.78,,,0.75,0.95,,,,,0.8,,,,,,,,,,,,,,,,,,,,,,1
330,20180330,F,237,NA,JAE Ordinary Admission,CHIJ ST. NICHOLAS GIRLS' SCHOOL,,0.09,,0.13,,,0.16,0.37,,,,,0.2,,,,,,,,,,,,,,,,,,,,,,1
331,20180331,M,261,NA,IP (X),SCHOOL X,,0.9,,0.82,,,,,,,0.19,,,0.76,,,,0.57,,,,,,,,,,,,,,,,,1
332,20180332,M,258,NA,DSA (CCA),SCHOOL X,,0.72,,0,,,,0.06,0.37,,,,,,,,,,,,,,,,,,,,,,0.37,,,,1
333,20180333,M,245,NA,JAE Ordinary Admission,ZHONGHUA SECONDARY SCHOOL,,,0.82,,,,,,,,0.78,,,0.85,,0.82,,,,,,,,,,,,,,,,,,,2
334,20180334,F,249,NA,JAE Ordinary Admission,CHIJ ST. NICHOLAS GIRLS' SCHOOL,,0.65,,0.27,,,,0.23,0.31,,,,0.29,,,,,,,,,,,,,,,,,,,,,,1
335,20180335,F,254,NA,IP (Y),SCHOOL Y,,0.09,,0.08,,,,0.02,0.04,,,,,,,,,,,,,,,,,,,,,,0.32,,,,1
336,20180336,M,267,NA,IP (X),SCHOOL X,,0.9,,0.88,,,,0.99,0.97,,,,,,,,1,,,,,,,,,,,,,,,,,,2
337,20180337,F,252,NA,IP (Y),SCHOOL Y,,0.54,,0.21,,,,0.31,0.18,,,,,,,,,,,,,,,,,,,,,,0.52,,,,1
338,20180338,F,257,NA,IP (Y),SCHOOL Y,,0.53,,0.91,,,0.91,0.86,,,,,0.98,,,,,,,,,,,,,,,,,,,,,,1
339,20180339,M,257,NA,IP (X),SCHOOL X,,0.56,,0.73,,,,0.86,0.82,,,,0.52,,,,,,,,,,,,,,,,,,,,,,2
340,20180340,F,231,NA,IP (Y),SCHOOL Y,,0.01,,0.03,,0.1,,0.02,,,,,,,,,,,,,,0.51,,,,,,,,,,,,,1
341,20180341,F,0,NA,IP (Y),SCHOOL Y,,0.97,,0.08,,,,0.17,0.12,,,,0.56,,,,,,,,,,,,,,,,,,,,,,1
342,20180342,F,248,NA,JAE Ordinary Admission,ANGLICAN HIGH SCHOOL,,0.61,,0.22,,,,0.16,0.37,,,,0.22,,,,,,,,,,,,,,,,,,,,,,1
343,20180343,F,259,NA,IP (Y),SCHOOL Y,,0.04,,0.06,,,,,,,,,0.02,,0.39,,,,,,,,,,,,,,,0.58,,,,,1
344,20180344,M,248,NA,IP (X),SCHOOL X,,0.65,,0.52,,,0.63,0.55,,,,,0.48,,,,,,,,,,,,,,,,,,,,,,1
345,20180345,M,0,NA,JAE Ordinary Admission,NEW TOWN SECONDARY SCHOOL,,0.47,,0.26,,,,0.25,0.21,,,,0.07,,,,,,,,,,,,,,,,,,,,,,1
346,20180346,M,256,NA,IP (X),SCHOOL X,,0.71,,0.37,,,,0.73,0.87,,,,0.48,,,,,,,,,,,,,,,,,,,,,,1
347,20180347,M,250,NA,IP (X),SCHOOL X,0.35,,,,,,,,,0.06,,,,,0.76,,,,,,,,,,0.57,,,,,,,,,,1
348,20180348,F,249,NA,JAE Ordinary Admission,CRESCENT GIRLS' SCHOOL,,0.59,,0.31,,,,,,1,,,0.93,,0.93,,,,,,,,,,,,,,,,,,,,1
349,20180349,M,258,NA,IP (X),SCHOOL X,,0.38,,0.21,,,0.12,0.09,,,,,,,,,,,,,,,,,,,,,,,0.82,,,,1
350,20180350,F,240,NA,JAE Ordinary Admission,ZHONGHUA SECONDARY SCHOOL,,0.15,,0.41,,,,0.57,0.81,,,,0.4,,,,,,,,,,,,,,,,,,,,,,1
351,20180351,F,254,NA,IP (Y),SCHOOL Y,,0.43,,0.54,,,0.53,0.64,,,,,,,,,,,,,,0.25,,,,,,,,,,,,,1
352,20180352,F,261,NA,IP (Y),SCHOOL Y,,0.58,,0.49,,,,0.35,0.31,,,,,,,,,,,,,0.48,,,,,,,,,,,,,1
353,20180353,M,261,NA,IP (X),SCHOOL X,,1,,0.81,,,,0.77,,,,,0.94,,0.9,,,,,,,,,,,,,,,,,,,,1
354,20180354,M,262,NA,IP (X),SCHOOL X,,0.64,,0.4,,,0.31,0.27,,,,,0.59,,,,,,,,,,,,,,,,,,,,,,1
355,20180355,M,242,NA,JAE Ordinary Admission,NAN HUA HIGH SCHOOL,,0.04,,0.74,,,0.59,0.84,,,,,0.18,,,,,,,,,,,,,,,,,,,,,,1
356,20180356,F,264,NA,IP (Y),SCHOOL Y,,0.74,,0.89,,,,0.94,0.99,,,,0.93,,,,,,,,,,,,,,,,,,,,,,2
357,20180357,F,263,NA,IP (Y),SCHOOL Y,,0.35,,0.3,,,,0.21,0.16,,,,0.17,,,,,,,,,,,,,,,,,,,,,,1
358,20180358,F,248,NA,IP (Y),SCHOOL Y,,0.01,,0,,,,,,,,,0.02,,,,0.01,,,,,,,,,,,,0.14,,,,,,1
359,20180359,M,256,NA,IP (X),SCHOOL X,,0.68,,0.73,,,0.72,0.71,,,,,0.7,,,,,,,,,,,,,,,,,,,,,,1
360,20180360,M,253,NA,IP (X),SCHOOL X,,0.89,,0.2,,0.4,,0.5,,,,,,,,,,,,,,,,,,,,,,,0.43,,,,1
361,20180361,M,245,NA,JAE Ordinary Admission,NAN HUA HIGH SCHOOL,,0.42,,0.44,,,,0.32,0.32,,,,0.37,,,,,,,,,,,,,,,,,,,,,,1
362,20180362,M,239,NA,IP (X),SCHOOL X,,0.23,,0.5,,,0.4,0.28,,,,,0.7,,,,,,,,,,,,,,,,,,,,,,2
363,20180363,M,260,NA,IP (X),SCHOOL X,,0.62,,0.58,,,,0.51,0.63,,,,,,0.72,,,,,,,,,,,,,,,,,,,,1
364,20180364,F,239,NA,IP (Y),SCHOOL Y,,0.22,,,,,,,,0.16,,,0.63,,,,0.34,,,,,,,,,,,0.59,,,,,,,1
365,20180365,F,262,NA,IP (Y),SCHOOL Y,,0.83,,0.89,,,,0.86,0.85,,,,0.83,,,,,,,,,,,,,,,,,,,,,,2
366,20180366,M,248,NA,JAE Ordinary Admission,NAN HUA HIGH SCHOOL,,0.29,,0.56,,,,0.62,0.76,,,,,,,,,,,,,,,,,,,,,,0.84,,,,1
367,20180367,M,251,NA,DSA,SCHOOL X,,0.71,,0.39,,,0.35,0.19,,,,,0.42,,,,,,,,,,,,,,,,,,,,,,2
368,20180368,F,267,NA,IP (Y),SCHOOL Y,,0.62,,0.28,,,,0.35,0.38,,,,0.36,,,,,,,,,,,,,,,,,,,,,,1
369,20180369,M,254,NA,IP (X),SCHOOL X,,0.27,,0.72,,,0.53,0.76,,,,,0.76,,,,,,,,,,,,,,,,,,,,,,1
370,20180370,F,265,NA,IP (Y),SCHOOL Y,,0.51,,0.85,,,0.64,0.7,,,,,0.69,,,,,,,,,,,,,,,,,,,,,,1
371,20180371,F,0,NA,JAE Ordinary Admission,QUEENSTOWN SECONDARY SCHOOL,,0.19,,0.35,,,0.28,0.47,,,,,,,,,,,,,,0.75,,,,,,,,,,,,,1
372,20180372,M,254,NA,IP (X),SCHOOL X,,0.19,,0.23,,,,0.04,0.06,,,,0.09,,,,,,,,,,,,,,,,,,,,,,2
373,20180373,F,0,NA,JAE Ordinary Admission,BUKIT VIEW SECONDARY SCHOOL,,0.08,,0.19,,,0.13,0.04,,,,,,,,,,,,,0.1,,,,,,,,,,,,,0.52,1
374,20180374,F,246,NA,DSA (CCA),CEDAR GIRLS' SECONDARY SCHOOL,,0.04,,0.2,,,0.07,0.01,,,,,,,,,,,,,,,,,,,,,,,0.44,,,,1
375,20180375,F,258,NA,IP (Y),SCHOOL Y,,0.89,,0.85,,,0.75,,,,,,0.78,,,,,,,1,,,,,,,,,,,,,,,1
376,20180376,M,232,NA,DSA (CCA),ST. ANDREW'S SECONDARY SCHOOL,,0.03,,0.53,,,0.33,0.26,,,,,0.12,,,,,,,,,,,,,,,,,,,,,,1
377,20180377,F,246,NA,JAE Ordinary Admission,NAN CHIAU HIGH SCHOOL,,0.17,,0.09,,,,,,0.79,,,0.78,,0.69,,,,,,,,,,,,,,,,,,,,1
378,20180378,M,256,NA,IP (X),SCHOOL X,,0.99,,0.98,,,,0.89,0.84,,,,0.99,,,,,,,,,,,,,,,,,,,,,,1
379,20180379,M,245,NA,JAE Ordinary Admission,CATHOLIC HIGH SCHOOL,,0.31,,0.73,,,0.49,0.27,,,,,0.31,,,,,,,,,,,,,,,,,,,,,,1
380,20180380,M,259,NA,IP (X),SCHOOL X,,0.93,,0.33,,,,0.57,0.73,,,,0.73,,,,,,,,,,,,,,,,,,,,,,1
381,20180381,M,232,NA,JAE Ordinary Admission,WEST SPRING SECONDARY SCHOOL,,0.58,,0.23,,,0.18,0.1,,,,,,,,,,,,,,,,,,,,,,,0.39,,,,1
382,20180382,M,260,NA,IP (X),SCHOOL X,,0.59,,0.42,,,,0.48,MC,,,,0.04,,,,,,,,,,,,,,,,,,,,,,1
383,20180383,F,250,NA,JAE Ordinary Admission,CRESCENT GIRLS' SCHOOL,,,0.75,,,,,,,,0.73,,,0.61,,,,0.21,,,,,,,,,,,,,,,,,2
384,20180384,M,242,NA,JAE Ordinary Admission,ST. JOSEPH'S INSTITUTION,,0.21,,0.4,,,0.34,0.28,,,,,0.68,,,,,,,,,,,,,,,,,,,,,,1
385,20180385,M,257,NA,IP (X),SCHOOL X,,0.63,,0.9,,,0.86,0.75,,,,,0.73,,,,,,,,,,,,,,,,,,,,,,3
386,20180386,M,254,NA,JAE Ordinary Admission,"SCHOOL OF SCIENCE AND TECHNOLOGY, SINGAPORE",,0.85,,0.38,,,,,,0.77,,,0.7,,,,0.86,,,,,,,,,,,,,,,,,,1
387,20180387,M,257,NA,IP (X),SCHOOL X,,0.86,,0.83,,,,0.45,0.94,,,,0.62,,,,,,,,,,,,,,,,,,,,,,2
388,20180388,M,206,NA,DSA (CCA),CATHOLIC HIGH SCHOOL,,0.04,,0,,,0.03,0.07,,,,,0,,,,,,,,,,,,,,,,,,,,,,1
389,20180389,F,247,NA,JAE Ordinary Admission,ANGLICAN HIGH SCHOOL,,0.53,,0.79,,,,0.81,0.49,,,,0.23,,,,,,,,,,,,,,,,,,,,,,1
390,20180390,F,270,NA,IP (Y),SCHOOL Y,,0.99,,0.75,,,0.92,0.89,,,,,0.9,,,,,,,,,,,,,,,,,,,,,,3
391,20180391,F,259,NA,IP (Y),SCHOOL Y,,0.37,,0.46,,,,0.3,,,,,,,,,0.46,,,,,,,,,,,,,,0.62,,,,1
392,20180392,F,262,NA,IP (Y),SCHOOL Y,,0.68,,0.39,,,,0.42,0.42,,,,0.33,,,,,,,,,,,,,,,,,,,,,,1
393,20180393,F,234,NA,DSA (CCA),TEMASEK SECONDARY SCHOOL,,0.31,,0.09,,,,,,0.12,,,0.64,,,,0.32,,,,,,,,,,,,,,,,,,1
394,20180394,F,268,NA,IP (Y),SCHOOL Y,,,0.96,,,,,,,,0.91,,,0.91,,0.57,,,,,,,,,,,,1,,,,,,,2
395,20180395,F,261,NA,IP (Y),SCHOOL Y,,0.34,,0.44,,,0.57,0.61,,,,,0.58,,,,,,,,,,,,,,,,,,,,,,1
396,20180396,F,259,NA,IP (Y),SCHOOL Y,,0.31,,0.03,,,,0.05,0.09,,,,0.08,,,,,,,,,,,,,,,,,,,,,,1
397,20180397,F,257,NA,IP (Y),SCHOOL Y,,0.07,,0.12,,,,0.03,,,,,,,,,,,,,,0.06,,,,,,,,,0.5,,,,1
398,20180398,M,247,NA,JAE Ordinary Admission,CATHOLIC HIGH SCHOOL,,0.62,,0.8,,,0.6,0.63,,,,,0.43,,,,,,,,,,,,,,,,,,,,,,1
399,20180399,M,0,NA,IP (X),SCHOOL X,,0.45,,0.6,,,,0.66,0.43,,,,0.74,,,,,,,,,,,,,,,,,,,,,,1
400,20180400,M,264,NA,IP (X),SCHOOL X,,0.71,,0.82,,,,0.92,0.77,,,,,,,,0.91,,,,,,,,,,,,,,,,,,1
401,20180401,F,260,NA,IP (Y),SCHOOL Y,,0.44,,0.16,,,,0.28,0.1,,,,0.49,,,,,,,,,,,,,,,,,,,,,,1
402,20180402,F,252,NA,Appeals (Academic),METHODIST GIRLS' SCHOOL (SECONDARY),,0.41,,0.08,,,0.09,0.06,,,,,0.08,,,,,,,,,,,,,,,,,,,,,,1
403,20180403,F,240,NA,JAE Ordinary Admission,CHUNG CHENG HIGH SCHOOL (MAIN),,0.57,,0.21,,,,0.29,0.31,,,,,,,,,,,,0.35,,,,,,,,,,,,,0.1,1
404,20180404,M,248,NA,JAE Ordinary Admission,CHUNG CHENG HIGH SCHOOL (MAIN),,0.1,,0.88,,,0.59,0.68,,,,,0.23,,,,,,,,,,,,,,,,,,,,,,1
405,20180405,F,253,NA,IP (Y),SCHOOL Y,,0.08,,0.28,,,,0.15,0.1,,,,,,,,,,,,,,,,,,,,,,0.53,,,,2
406,20180406,M,242,NA,JAE Ordinary Admission,CHUNG CHENG HIGH SCHOOL (MAIN),,0.82,,MC,,,0.19,0.17,,0.91,,,,,,,,,,,,,,,,,,,,,,,,,1
407,20180407,F,255,NA,IP (Y),SCHOOL Y,,0.09,,0.75,,,0.39,0.4,,,,,0.19,,,,,,,,,,,,,,,,,,,,,,1
408,20180408,F,258,NA,IP (Y),SCHOOL Y,,0.69,,0.63,,,,0.74,0.62,,,,0.87,,,,,,,,,,,,,,,,,,,,,,2
409,20180409,F,264,NA,IP (Y),SCHOOL Y,,0.91,,0.45,,,,0.15,,,,,0.72,,,,0.98,,,,,,,,,,,,,,,,,,1
410,20180410,F,246,NA,JAE Ordinary Admission,CRESCENT GIRLS' SCHOOL,,0.78,,0.83,,,,0.72,0.85,0.65,,,,,,,,,,,,,,,,,,,,,,,,,1
411,20180411,M,255,NA,IP (X),SCHOOL X,,0.05,,0.69,,,0.25,0.36,,,,,0.17,,,,,,,,,,,,,,,,,,,,,,1
412,20180412,M,263,NA,IP (X),SCHOOL X,,0.49,,0.33,,,,0.33,0.44,,,,0.85,,,,,,,,,,,,,,,,,,,,,,1
413,20180413,F,263,NA,IP (Y),SCHOOL Y,,0.51,,0.18,,,,0.17,0.2,,,,0.2,,,,,,,,,,,,,,,,,,,,,,1
414,20180414,F,232,NA,DSA (CCA),CHIJ ST. NICHOLAS GIRLS' SCHOOL,,0.59,,0.26,,,,0.03,,,,,,,0.32,,,,,,,,,,,,,,,,0.38,,,,1
415,20180415,M,237,NA,JAE Ordinary Admission,MARIS STELLA HIGH SCHOOL,,0.05,,0.4,,,0.33,0.35,,,,,0.3,,,,,,,,,,,,,,,,,,,,,,2
416,20180416,M,252,NA,JAE Ordinary Admission,NAN CHIAU HIGH SCHOOL,,0.11,,0.35,,,0.23,0.13,,,,,0.44,,,,,,,,,,,,,,,,,,,,,,1
417,20180417,M,252,NA,JAE Ordinary Admission,NAN CHIAU HIGH SCHOOL,,0.45,,0.53,,,0.56,0.43,,,,,0.64,,,,,,,,,,,,,,,,,,,,,,1
418,20180418,F,245,NA,JAE Ordinary Admission,NAN HUA HIGH SCHOOL,,0.73,,,,,,,,0.24,,0.6,0.44,,,,,,,,,,,,,,,0.93,,,,,,,1
419,20180419,M,257,NA,IP (X),SCHOOL X,,0.93,,0.4,,,,,,,0.53,,,0.12,,,,0.92,,,,,,,,,,,,,,,,,2
420,20180420,M,261,NA,IP (X),SCHOOL X,,0.83,,0.87,,,,0.88,0.92,,,,0.74,,,,,,,,,,,,,,,,,,,,,,1
421,20180421,M,255,NA,IP (X),SCHOOL X,,0.42,,0.91,,,0.78,0.89,,,,,0.64,,,,,,,,,,,,,,,,,,,,,,1
422,20180422,M,250,NA,IP (X),SCHOOL X,,0.95,,0.11,,,,0.73,,,,,0.23,,0.02,,,,,,,,,,,,,,,,,,,,2
423,20180423,F,264,NA,IP (Y),SCHOOL Y,,0.98,,0.91,,,,0.93,0.88,,,,0.78,,,,,,,,,,,,,,,,,,,,,,1
424,20180424,M,255,NA,IP (X),SCHOOL X,,0.25,,0.9,,,0.7,0.82,,,,,,,,,,,,,,,,,,,,,,,0.6,,,,1
425,20180425,F,248,NA,JAE Ordinary Admission,CRESCENT GIRLS' SCHOOL,,0.95,,0.87,,,,0.75,0.87,,,,0.82,,,,,,,,,,,,,,,,,,,,,,1
426,20180426,M,240,NA,JAE Ordinary Admission,CHUNG CHENG HIGH SCHOOL (MAIN),,0.06,,0.62,,,,0.28,0.43,,,,0.19,,,,,,,,,,,,,,,,,,,,,,1
427,20180427,M,251,NA,IP (X),SCHOOL X,,0.94,,0.69,,,0.69,0.58,,,,,0.9,,,,,,,,,,,,,,,,,,,,,,2
428,20180428,M,252,NA,JAE Ordinary Admission,NAN HUA HIGH SCHOOL,,0.12,,0.73,,,,0.59,0.6,,,,0.42,,,,,,,,,,,,,,,,,,,,,,1
429,20180429,F,261,NA,IP (Y),SCHOOL Y,,0.4,,0.3,,,0.7,0.74,,,,,,,,,0.25,,,,,,,,,,,,,,,,,,1
430,20180430,M,247,NA,IP (X),SCHOOL X,,0.8,,0.59,,,,,,0.93,,,0.86,,0.64,,,,,,,,,,,,,,,,,,,,1
431,20180431,M,261,NA,IP (X),SCHOOL X,,0.22,,0.3,,0.21,0.17,,,,,,,,,,,,,,,,,,,,,,,,0.11,,,,1
432,20180432,F,249,NA,JAE Ordinary Admission,CEDAR GIRLS' SECONDARY SCHOOL,,0.25,,0.43,,,,0.74,0.53,,,,0.06,,,,,,,,,,,,,,,,,,,,,,1
433,20180433,F,254,NA,IP (Y),SCHOOL Y,,0.6,,0.36,,,,0.12,0.22,,,,,,,,,,,,,,0.2,,,,,,,,,,,,1
434,20180434,F,257,NA,IP (Y),SCHOOL Y,,0.74,,0.29,,,,0.14,0.22,,,,0.73,,,,,,,,,,,,,,,,,,,,,,1
435,20180435,F,257,NA,IP (Y),SCHOOL Y,,0.31,,,,,,,,0.51,,,0.26,,,,0.2,,,,,,,,,,,0.09,,,,,,,1
436,20180436,F,261,NA,IP (Y),SCHOOL Y,,0.24,,0.42,,,,0.34,0.38,,,,0.14,,,,,,,,,,,,,,,,,,,,,,1
437,20180437,F,246,NA,DSA,CRESCENT GIRLS' SCHOOL,,0.75,,0.1,,,,0.61,0.48,,,,0.47,,,,,,,,,,,,,,,,,,,,,,2
438,20180438,M,264,NA,JAE Ordinary Admission,CATHOLIC HIGH SCHOOL,,0.96,,0.54,,,,0.82,0.83,,,,0.97,,,,,,,,,,,,,,,,,,,,,,2
439,20180439,M,214,Repeat Yr1,DSA (CCA),ANGLICAN HIGH SCHOOL,,0.08,,0.31,,,,0.33,,,,,0.26,,,,,,,,,,,,,,,,,,,1,,,0
440,20180440,M,252,NA,IP (X),SCHOOL X,,0.38,,,,,,,,0.74,,,0.53,,0.52,,,,,,,,,,,,,0.43,,,,,,,1
441,20180441,F,243,NA,JAE Ordinary Admission,SINGAPORE CHINESE GIRLS' SCHOOL,,0.82,,0.46,,,,0.54,0.35,,,,0.13,,,,,,,,,,,,,,,,,,,,,,1
442,20180442,F,265,NA,IP (Y),SCHOOL Y,,0.48,,0.81,,,0.44,0.5,,,,,0.17,,,,,,,,,,,,,,,,,,,,,,1
443,20180443,M,242,NA,JAE Ordinary Admission,NAN HUA HIGH SCHOOL,,0.25,,0.73,,,,0.79,0.63,,,,,,,,0.91,,,,,,,,,,,,,,,,,,1
444,20180444,F,260,NA,IP (Y),SCHOOL Y,0.96,,,0.99,,,0.99,0.99,,,,,,,,,,,,,,,,,,,,,,,,,,,2
445,20180445,F,239,NA,JAE Ordinary Admission,CHUNG CHENG HIGH SCHOOL (MAIN),,0.3,,0.21,,,0.11,,,,,,0.52,,,,0.37,,,,,,,,,,,,,,,,,,1
446,20180446,F,255,NA,JAE Ordinary Admission,BUKIT PANJANG GOVT. HIGH SCHOOL,,0.5,,0.84,,,0.64,0.79,,,,,,,,,,,,,,,,0.66,,,,,,,,,,,1
447,20180447,M,256,NA,DSA (CCA),SCHOOL X,,0.78,,0.24,,,,0.48,,,,,0.53,,,,0.5,,,,,,,,,,,,,,,,,,1
448,20180448,M,244,NA,JAE Ordinary Admission,NAN HUA HIGH SCHOOL,,0.43,,0.26,,,,0.66,0.45,0.31,,,,,,,,,,,,,,,,,,,,,,,,,2
449,20180449,F,255,NA,IP (Y),SCHOOL Y,,0.41,,,,,,,,,,,0.27,,,,,,,,0.13,0.03,,,,,,0.87,,,,,,,1
450,20180450,M,241,NA,JAE Ordinary Admission,ZHONGHUA SECONDARY SCHOOL,,0.37,,0.8,,,,0.38,,0.31,,,0.61,,,,,,,,,,,,,,,,,,,,,,1
451,20180451,F,260,NA,IP (Y),SCHOOL Y,,0.2,,0.33,,,,0.39,0.52,,,,,,,,,,,,,0.6,,,,,,,,,,,,,1
452,20180452,F,244,NA,JAE Ordinary Admission,NAN CHIAU HIGH SCHOOL,,0.56,,0.48,,,,0.16,0.13,,,,0.11,,,,,,,,,,,,,,,,,,,,,,1
453,20180453,M,255,NA,IP (X),SCHOOL X,,0.5,,0.11,,,,,,0.12,,,0.28,,,,0.28,,,,,,,,,,,,,,,,,,1
454,20180454,F,259,NA,IP (Y),SCHOOL Y,,0.46,,0.47,,,,0.08,0.52,,,,0.59,,,,,,,,,,,,,,,,,,,,,,1
455,20180455,M,257,NA,IP (X),SCHOOL X,,0.88,,0.95,,,,0.97,0.98,,,,0.94,,,,,,,,,,,,,,,,,,,,,,1
456,20180456,F,258,NA,IP (Y),SCHOOL Y,,0.86,,0.85,,,0.8,0.83,,,,,,,,,,,,,,0.85,,,,,,,,,,,,,1
457,20180457,F,258,NA,IP (Y),SCHOOL Y,,0.5,,0.88,0.25,,0.76,,,,,,0.59,,,,,,,,,,,,,,,,,,,,,,1
458,20180458,M,256,NA,IP (X),SCHOOL X,,0.69,,0.44,,,,0.72,0.73,,,,0.71,,,,,,,,,,,,,,,,,,,,,,1
459,20180459,M,266,NA,IP (X),SCHOOL X,,0.6,,0.41,,,0.2,0.26,,,,,,,,,,,,,,,,,,,,,,,0.8,,,,1
460,20180460,F,261,NA,IP (Y),SCHOOL Y,,0.91,,0.78,,,,0.32,0.56,,,,,,,,,,,,,,1,,,,,,,,,,,,1
461,20180461,F,265,NA,IP (Y),SCHOOL Y,,0.87,,0.19,,,0.23,0.26,,,,,0.34,,,,,,,,,,,,,,,,,,,,,,2
462,20180462,F,253,NA,JAE Ordinary Admission,ANDERSON SECONDARY SCHOOL,,0.56,,0,,,,,,0.33,,,0,,0.13,,,,,,,,,,,,,,,,,,,,1
463,20180463,M,237,NA,JAE Ordinary Admission,COMMONWEALTH SECONDARY SCHOOL,,0.85,,0.07,,,,,,0.96,,,0.24,,,,0.7,,,,,,,,,,,,,,,,,,1
464,20180464,M,237,NA,IP (X),SCHOOL X,,0.24,,0.54,,,0.57,0.49,,,,,0.28,,,,,,,,,,,,,,,,,,,,,,2
465,20180465,M,262,NA,IP (X),SCHOOL X,,0.66,,0.24,,,0.57,0.28,,,,,0.26,,,,,,,,,,,,,,,,,,,,,,1
466,20180466,M,259,NA,IP (X),SCHOOL X,,,0.17,0.27,,,,,,,0.01,,,,,0.07,,,,,,,,,,,,,,,,,,,2
467,20180467,F,259,NA,IP (Y),SCHOOL Y,,0.91,,0.42,,,,0.19,0.64,,,,0.46,,,,,,,,,,,,,,,,,,,,,,1
468,20180468,F,261,NA,IP (Y),SCHOOL Y,,0.35,,0.3,,,,0.2,0.11,,,,,,,,,,,,,0.12,,,,,,,,,,,,,1
469,20180469,M,262,NA,IP (X),SCHOOL X,,0.51,,0.72,,,,0.91,0.9,,,,0.83,,,,,,,,,,,,,,,,,,,,,,1
470,20180470,F,249,NA,JAE Ordinary Admission,ST. ANTHONY'S CANOSSIAN SECONDARY SCHOOL,,0.4,,0.12,,,,,,0.32,,,0.39,,,,0.76,,,,,,,,,,,,,,,,,,1
471,20180471,F,250,NA,DSA (CCA),METHODIST GIRLS' SCHOOL (SECONDARY),,0.29,,0.16,,,0.28,0.46,,,,,0.52,,,,,,,,,,,,,,,,,,,,,,1
472,20180472,M,252,NA,IP (X),SCHOOL X,,0.17,,0.48,,,,0.48,0.19,,,,0.15,,,,,,,,,,,,,,,,,,,,,,1
473,20180473,F,233,NA,DSA (CCA),PAYA LEBAR METHODIST GIRLS' SCHOOL (SECONDARY),,0.01,,0.2,,,0.04,0.09,,,,,,,,,0.02,,,,,,,,,,,,,,,,,,1
474,20180474,F,247,NA,IP (Y),SCHOOL Y,,0.47,,0.05,,,,0.05,0.02,,,,0.02,,,,,,,,,,,,,,,,,,,,,,1
475,20180475,M,236,NA,JAE Ordinary Admission,FUHUA SECONDARY SCHOOL,,0.47,,0.78,,,,0.67,0.82,,,,0.77,,,,,,,,,,,,,,,,,,,,,,1
476,20180476,F,263,NA,IP (Y),SCHOOL Y,,0.63,,0.78,,,,0.71,0.53,,,,,,,,,,,,,0.66,,,,,,,,,,,,,1
477,20180477,F,267,NA,IP (Y),SCHOOL Y,,0.49,,0.38,,,,,,0.76,,,0.09,,,,0.14,,,,,,,,,,,,,,,,,,1
478,20180478,F,250,NA,JAE Ordinary Admission,NAN HUA HIGH SCHOOL,,0.32,,0.32,,,0.27,0.14,,,,,0.31,,,,,,,,,,,,,,,,,,,,,,1
479,20180479,M,251,NA,IP (X),SCHOOL X,,0.44,,0.43,,,0.37,0.42,,,,,0.51,,,,,,,,,,,,,,,,,,,,,,1
480,20180480,M,243,NA,JAE Ordinary Admission,CATHOLIC HIGH SCHOOL,,0.18,,0.4,,,,0.48,0.29,,,,,,,,0.88,,,,,,,,,,,,,,,,,,1
481,20180481,M,258,NA,DSA,SCHOOL X,,0.49,,0.36,,,0.35,0.6,,,,,0.54,,,,,,,,,,,,,,,,,,,,,,1
482,20180482,F,247,NA,JAE Ordinary Admission,SINGAPORE CHINESE GIRLS' SCHOOL,,0.96,,,,,,,,0.95,,,0.65,,1,,,,,,,,,,,,,0.71,,,,,,,1
483,20180483,F,265,NA,IP (Y),SCHOOL Y,,0.8,,0.6,,,,0.64,0.81,,,,,,,,,,,,,0.34,,,,,,,,,,,,,2
484,20180484,F,267,NA,IP (Y),SCHOOL Y,,0.49,,0.12,,,,0.22,,,,,0.26,,,,,,,,,0.46,,,,,,,,,,,,,1
485,20180485,F,261,NA,IP (Y),SCHOOL Y,,0.52,,0.39,,,0.15,0.31,,,,,,,,,,,,,,,,,0.28,,,,,,,,,,2
486,20180486,M,255,NA,IP (X),SCHOOL X,,0.4,,0.57,,,0.43,0.73,,,,,0.42,,,,,,,,,,,,,,,,,,,,,,1
487,20180487,M,257,NA,IP (X),SCHOOL X,,0.65,,0.83,,,,0.41,0.24,,,,0.69,,,,,,,,,,,,,,,,,,,,,,1
488,20180488,F,241,NA,JAE Ordinary Admission,XINMIN SECONDARY SCHOOL,,0.18,,0.59,,,0.55,0.39,,,,,0.71,,,,,,,,,,,,,,,,,,,,,,1
489,20180489,F,254,NA,IP (Y),SCHOOL Y,,0.67,,0.76,,,,0.8,0.76,,,,0.57,,,,,,,,,,,,,,,,,,,,,,1
490,20180490,F,269,NA,IP (Y),SCHOOL Y,,0.91,,0.81,,,,0.92,0.86,,,,,,,,,,,,,0.83,,,,,,,,,,,,,1
491,20180491,F,245,NA,JAE Ordinary Admission,CRESCENT GIRLS' SCHOOL,,0.09,,0.14,,,,0.22,0.33,,,,0.24,,,,,,,,,,,,,,,,,,,,,,1
492,20180492,M,238,NA,JAE Ordinary Admission,MARIS STELLA HIGH SCHOOL,,0,,0.91,0.58,,0.85,,,,,,0.65,,,,,,,,,,,,,,,,,,,,,,1
493,20180493,M,248,NA,IP (X),SCHOOL X,,0.27,,0.16,,,0.23,0.32,,,,,,,,,,,,,,,,,,,,,,,0.66,,,,1
494,20180494,M,244,NA,JAE Ordinary Admission,CHUNG CHENG HIGH SCHOOL (MAIN),,0.37,,0.03,,,,0.08,0.31,,,,,,,,0.67,,,,,,,,,,,,,,,,,,2
495,20180495,F,260,NA,IP (Y),SCHOOL Y,,0.65,,0.36,,,,0.56,0.74,,,,,,,,,,,,,,,,,,,,,0.83,,,,,1
496,20180496,M,251,NA,JAE Ordinary Admission,CATHOLIC HIGH SCHOOL,,0.07,,0.31,,,0.2,0.18,,,,,0.1,,,,,,,,,,,,,,,,,,,,,,1
497,20180497,F,264,NA,IP (Y),SCHOOL Y,,0.97,,0.84,,,,0.81,0.94,,,,0.93,,,,,,,,,,,,,,,,,,,,,,2
498,20180498,M,253,NA,IP (X),SCHOOL X,,0.27,,0.42,,,,0.03,,,,,,,0.16,,,,,,,,,,,,,,,,0.89,,,,1
499,20180499,F,239,NA,JAE Ordinary Admission,SWISS COTTAGE SECONDARY SCHOOL,,0.2,,0.01,,,,0,,,,,0.08,,,,0.07,,,,,,,,,,,,,,,,,,1
500,20180500,F,255,NA,IP (Y),SCHOOL Y,,0.42,,0.44,,,,0.65,0.2,,,,,,,,,,,,,0.79,,,,,,,,,,,,,1