NEWID,GENDER,INTAKE,STREAM,SEC SCHOOL,RELIGION,CITIZENSHIP,REPEAT,MSG,L1R5,EL1,HMTL,MTL2,BT,DT,EM,AM,PHY,CHM,BIO,PC,PE,COM,PA,CH,HA,HMU,LEL,LCL,HSY,GEO,ART,MU,FN,AL,MSP,HH,HG,HL,IH,HZ,HP,IHC,IHE,FR,GM,JP,EM2,AM2,PO2,CO2,BO2,EO2,IH2,CLO,SP
20180001,M,IP (X),Science,SCHOOL X,NO RELIGION,SINGAPORE CITIZEN,,2.13,6,B4,A2,,,,A1,A1,A1,A1,,,,,,,,,,,,B3,,,,,,,,,,,,A2,,,,,,,,,,,,,
20180002,F,JAE Ordinary Admission,Science,METHODIST GIRLS' SCHOOL (SECONDARY),NO RELIGION,SINGAPORE CITIZEN,,0,6,A1,B3,A1,,,A1,A1,A1,A1,A1,,,,,,,A2,,,,,,,,,,,A1,,,,,,,,,,,,,,,,,,
20180003,F,IP (Y),Science,SCHOOL Y,NO RELIGION,SINGAPORE CITIZEN,,2,6,A2,B3,,,,A1,A1,B3,A2,,,,,,,,,A2,,,,,,,,,,,,B3,,,,,,,,,,,,,,,,
20180004,F,JAE Ordinary Admission,Arts,TANJONG KATONG GIRLS' SCHOOL,NO RELIGION,SINGAPORE CITIZEN,,0,7,A1,,A1,,,A2,B3,,A2,A1,,,,,,,,,,,A1,,,,,A2,,,A1,,,,,,,,,,,,,,,,,
20180005,M,JAE Ordinary Admission,Science,MARIS STELLA HIGH SCHOOL,NO RELIGION,SINGAPORE CITIZEN,,0,8,B3,B3,A1,,,A1,A1,A1,A1,A2,,,,,,,,,,,,,,,,,,A1,,,,,,,,,,,,,,,,,,
20180006,M,JAE Ordinary Admission,Science,CATHOLIC HIGH SCHOOL,CHRISTIAN,SINGAPORE CITIZEN,,0,7,A1,,B3,,,A1,A1,A2,A2,A2,,,,,,,,A1,,,,,,,,,A1,,,,,,,,,,,,,,,,,,,
20180007,M,IP (X),Science,SCHOOL X,CHRISTIAN,SINGAPORE CITIZEN,,1.75,6,A2,A2,,,,A1,A1,B3,A1,,,,,,,,,,,,A2,,,,,,,,,,,,A2,,,,,,,,,,,,,
20180008,M,IP (X),Science,SCHOOL X,NO RELIGION,SINGAPORE CITIZEN,,2.44,6,A2,B3,,,,A1,C5,A2,A2,A2,,,,,,,,,,A1,,,,,,,,,,,,,A2,,,,,,,,,,,,,
20180009,F,IP (Y),Science,SCHOOL Y,ROMAN CATHOLICISM,SINGAPORE CITIZEN,,1.72,6,A1,A1,,,,A1,A1,,B3,A2,,,,,,,,,,,A1,,,,,,,,,B3,,,,,,,,,,,,,,,,
20180010,F,IP (Y),Science,SCHOOL Y,BUDDHIST,SINGAPORE CITIZEN,,2.06,6,A2,A2,,,,A1,A1,B3,B3,A2,,,,,,,,,,,,,,,,,,,,A1,,,,,,,,,,,,,,,,
20180011,F,IP (Y),Science,SCHOOL Y,NO RELIGION,SINGAPORE CITIZEN,,1.17,6,A1,B3,,,,A1,A1,A1,A1,A1,,,,,,,,,,,,,,,,,,,,A1,,,,,,,,,,,,,,,,
20180012,F,JAE Ordinary Admission,Science,CHIJ ST. NICHOLAS GIRLS' SCHOOL,BUDDHIST,SINGAPORE PR (MALAYSIAN),,0,8,B3,A2,A1,,,A1,A1,A1,A1,A2,,,,,,,,,,A2,,,,,,,,,B3,,,,,,,,,,,,,,,,,
20180013,F,IP (Y),Science,SCHOOL Y,NO RELIGION,SINGAPORE CITIZEN,,1.3,6,A2,A1,,,,A1,A1,A1,A1,A1,,,,,,,,,,,,,,,,,,,,A1,,,,,,A1,,,,,,,,,,
20180014,F,JAE Ordinary Admission,Science,CRESCENT GIRLS' SCHOOL,NO RELIGION,SINGAPORE CITIZEN,,0,8,A2,A1,A1,,,A1,A1,,B3,A2,,,,,,,,,,,A1,,,,,,,,A2,,,,,,,,,,,,,,,,,
20180015,M,DSA,Science,BUKIT PANJANG GOVT. HIGH SCHOOL,ROMAN CATHOLICISM,INDONESIAN,,,7,A2,,A2,,,A1,A1,A1,A1,A1,,,,,,,,,,,A1,,,,,,,,A1,,,,,,,,,,,,,,,,,
20180016,F,IP (Y),Science,SCHOOL Y,ROMAN CATHOLICISM,SINGAPORE CITIZEN,,1.67,6,A1,B3,,,,A1,A1,B3,A2,A1,,,,,,,,,,,,,,,,,,,,A1,,,,,,,,,,,,,,,,
20180017,F,IP (Y),Science,SCHOOL Y,NO RELIGION,SINGAPORE CITIZEN,,1.33,6,A1,A1,,,,A1,A1,A1,A1,,,,,,,,,,,,A1,,,,,,,,,A1,,,,,,,,,,,,,,,,
20180018,F,IP (Y),Science,SCHOOL Y,CHRISTIAN,SINGAPORE CITIZEN,,2.35,6,B3,C6,,,,A1,A1,B3,A1,A2,,,,,,,,,,,,A1,,,,,,,,B4,,,,,,,,,,,,,,,,
20180019,F,DSA,Science,CHIJ SECONDARY (TOA PAYOH),CHRISTIAN,SINGAPORE PR (MALAYSIAN),,,8,A1,,A1,,,A1,A2,A2,A2,,,,,,,A2,,,,,A1,,,,,,,,A1,,,,,,,,,,,,,,,,,
20180020,M,IP (X),Science,SCHOOL X,CHRISTIAN,SINGAPORE CITIZEN,,2.6,6,A2,B4,,,,A2,A2,C5,B4,B3,,,,,,A1,,,,A1,,,,,,,,,,,,,A2,,,,,,,,,,,,,
20180021,M,IP (X),Science,SCHOOL X,NO RELIGION,SINGAPORE CITIZEN,,1.75,6,B3,A2,,,,A1,A1,A1,A1,,,,,,,,,,,,A2,,,,,,,,,,,,A2,,,,,,,,,,,,,
20180022,M,IP (X),Science,SCHOOL X,ROMAN CATHOLICISM,SINGAPORE CITIZEN,,1.5,6,A2,A2,,,,A1,A1,B3,A1,A1,,,,,,,,,,,,,,,,,,,,,,,A2,,,,,,,,,,,,,
20180023,F,DSA (CCA),Science,SINGAPORE CHINESE GIRLS' SCHOOL,BUDDHIST,SINGAPORE CITIZEN,,,9,B3,C6,A1,,,A1,A1,A2,A2,A2,,,,,,,,,,,A1,,,,,,,,B3,,,,,,,,,,,,,,,,,
20180024,M,IP (X),Science,SCHOOL X,NO RELIGION,SINGAPORE CITIZEN,,1.56,6,B3,B4,,,,A1,A1,A1,A1,A2,,,,,,,,,,A1,,,,,,,,,,,,,A1,,,,,,,,,,,,,
20180025,F,IP (Y),Science,SCHOOL Y,NO RELIGION,SINGAPORE CITIZEN,,2.72,6,B4,A2,,,,A1,A1,B3,A2,A2,,,,,,,,,,,,,,,,,,,,A2,,,,,,,,,,,,,,,,
20180026,F,JAE Ordinary Admission,Science,METHODIST GIRLS' SCHOOL (SECONDARY),CHRISTIAN,SINGAPORE CITIZEN,,0,6,A1,B4,A1,,,A1,A1,A1,A2,A1,,,,,,,,,,,,,,,A2,,,A1,,,,,,,,,,,,,,,,,,
20180027,F,IP (Y),Arts,SCHOOL Y,CHRISTIAN,SINGAPORE CITIZEN,,3.38,6,B3,A2,,,,A1,D7,,C5,,,,,,,,,,,A2,,,,,,,,,,B3,,,,,,,,,A1,,,,,,,
20180028,M,JAE Ordinary Admission,Science,NAN HUA HIGH SCHOOL,NO RELIGION,SINGAPORE CITIZEN,,0,8,B3,A2,A1,,,A1,A1,A1,A1,A1,,,,,,,,,,,,,,,,,,A2,,,,,,,,,,,,,,,,,,
20180029,F,IP (Y),Science,SCHOOL Y,NO RELIGION,SINGAPORE CITIZEN,,1.56,6,A2,A2,,,,A1,A1,A2,A1,,,,,,,,,,,,A1,,,,,,,,,A2,,,,,,,,,,,,,,,,
20180030,M,IP (X),Science,SCHOOL X,NO RELIGION,SINGAPORE CITIZEN,,1.56,6,A2,B3,,,,A1,A2,A2,A1,,,,,,,,,,,,,,,,,,,,,,,,A1,,,,,,,,,,,,,
20180031,M,IP (X),Science,SCHOOL X,NO RELIGION,SINGAPORE CITIZEN,,2.44,6,B4,C5,,,,A1,A2,B3,B3,,,,,,,,,,,,,,,,,,,,,,,,A2,,,,,,,,,,,,,
20180032,F,IP (Y),Science,SCHOOL Y,NO RELIGION,SINGAPORE CITIZEN,,2.83,6,B4,B3,,,,A1,A2,A2,A1,B3,,,,,,,,,,,,,,,,,,,,C6,,,,,,,,,,,,,,,,
20180033,F,IP (Y),Science,SCHOOL Y,NO RELIGION,SINGAPORE CITIZEN,,1.33,6,A1,A2,,,,A1,A1,A1,A1,A1,,,,,,,,,,,,,,,,,,,,A1,,,,,,,,,,,,,,,,
20180034,F,JAE Ordinary Admission,Science,BUKIT PANJANG GOVT. HIGH SCHOOL,NO RELIGION,SINGAPORE CITIZEN,,0,6,A1,,A2,,,A1,A1,A1,A1,A2,,,,,,,,A1,,,,,,,,,A1,,,,,,,,,,,,,,,,,,,
20180035,F,IP (Y),Science,SCHOOL Y,BUDDHIST,SINGAPORE CITIZEN,,1,6,A1,A1,,,,A1,A1,A1,A1,A1,,,,,,,,,,,,,,,,,,,,A1,,,,,,,,,,,,,,,,
20180036,F,DSA,Science,SINGAPORE CHINESE GIRLS' SCHOOL,CHRISTIAN,SINGAPORE CITIZEN,,,6,A2,A2,,,,A1,A1,A2,A1,A1,,,,,,,,A2,,,A1,,,,,,,,,,,,,,,,,,,,,,,,,
20180037,F,DSA (CCA),Science,CRESCENT GIRLS' SCHOOL,CHRISTIAN,SINGAPORE PR (MALAYSIAN),,,8,A1,,B3,,,A1,A1,A2,B3,A2,,,,,,,,,,,,,,,,,,,A1,,,,,,,,,,,,,,,,,
20180038,M,IP (X),Science,SCHOOL X,NO RELIGION,SINGAPORE CITIZEN,,2.1,6,B3,A2,,,,A1,A1,B4,A1,B4,,,,,,,,,,,,,,,,,,,,,,,A2,,,,,,,,,,,,,
20180039,F,Appeals (Academic),Science,NATIONAL JUNIOR COLLEGE (IP),NO RELIGION,SINGAPORE CITIZEN,,,10,B3,C6,C5,,,A2,A2,A2,A1,A1,,,,,,,,,,B3,A2,,,,,,A1,,,,,,,,A2,,,,,,,,,,,
20180040,F,IP (Y),Science,SCHOOL Y,NO RELIGION,SINGAPORE CITIZEN,,1.75,6,A2,A2,,,,A1,A1,A1,A2,A2,,,,,,,,,,,,A1,,,,,,,,A2,,,,,,,,,,,,,,,,
20180041,F,JAE Ordinary Admission,Science,METHODIST GIRLS' SCHOOL (SECONDARY),CHRISTIAN,SINGAPORE CITIZEN,,0,6,A1,,A1,,,A1,A1,A2,A1,A2,,,,,,,,,,,,,,,,,A1,,,,,,,,,,,,,,,,,,,
20180042,F,IP (Y),Science,SCHOOL Y,NO RELIGION,SINGAPORE CITIZEN,Repeat Yr2,3,6,B3,B4,,,,A2,A2,B4,B4,A2,,,,,,,,,,,,,,,,,,,,B4,,,,,,,,,,,,,,,,
20180043,F,JAE Ordinary Admission,Science,CHIJ SECONDARY (TOA PAYOH),CHRISTIAN,SINGAPORE CITIZEN,,0,6,A1,,A2,,,A1,A1,A2,A1,A1,,,,,,,,A1,,,,,,,,,A1,,,,,,,,,,,,,,,,,,,
20180044,F,IP (Y),Science,SCHOOL Y,NO RELIGION,SINGAPORE CITIZEN,,0,6,B3,A2,,,,A1,A1,B3,B3,,,,,,,,,,,,NA,,,,,,,,,B3,,,,,,,,,,,,,,,,
20180045,M,IP (X),Science,SCHOOL X,NO RELIGION,SINGAPORE CITIZEN,,1.78,6,B3,B3,,,,A1,A1,A1,A1,A1,,,,,,,,B3,,,,,,,,,,,,,,,A2,,,,,,,,,,,,,
20180046,F,IP (Y),Arts,SCHOOL Y,NO RELIGION,SINGAPORE CITIZEN,,3.8,6,A2,D7,,,,C6,C6,C5,B4,,,,,,,,,,,B3,,,,,,,,,,A1,,,,,,,,A1,B3,B4,,,,,,
20180047,M,IP (X),Science,SCHOOL X,BUDDHIST,SINGAPORE PR (OTHER ASIAN),,1.1,6,A1,A2,,,,A1,A1,A1,A1,A1,,,,,,,,,,,,,,,,,,,,,,,A2,,,,,,,,,,,,,
20180048,M,IP (X),Arts,SCHOOL X,NO RELIGION,SINGAPORE CITIZEN,,3.1,6,A2,B3,,,,B3,B4,B4,B4,,,,,,,,,A1,,,,,,,,,,,,,,B4,F9,,,,,,A1,,,,,,,
20180049,M,IP (X),Science,SCHOOL X,BUDDHIST,SINGAPORE CITIZEN,,1.5,6,B3,A2,,,,A1,A1,A1,A1,A1,,,,,,,,,,,,,,,,,,,,,,,B3,,,,,,,,,,,,,
20180050,M,IP (X),Science,SCHOOL X,NO RELIGION,SINGAPORE CITIZEN,,3.5,6,B4,D7,,,,A1,A1,B4,B3,,,,,,,,,,,,C5,,,,,,,,,,,,C5,,,,,,,A1,,,,A1,,
20180051,F,IP (Y),Science,SCHOOL Y,BUDDHIST,SINGAPORE CITIZEN,,1.61,6,A1,A1,,,,A1,A1,A2,B3,A2,,,,,,,,,,,,,,,,,,,,A1,,,,,,,,,,,,,,,,
20180052,F,JAE Ordinary Admission,Science,NAN HUA HIGH SCHOOL,NO RELIGION,SINGAPORE CITIZEN,,0,7,A1,A2,A1,,,A2,A2,,A1,A1,,,,,,A2,,,,,,,,,,,,A1,,,,,,,,,,,,,,,,,,
20180053,M,IP (X),Science,SCHOOL X,BUDDHIST,SINGAPORE CITIZEN,,1.5,6,B4,A2,,,,A1,A1,A2,A1,,,,,,,,,,,,,,,,,,,,,,,,A1,,,,,,,,,,,,,
20180054,M,JAE Ordinary Admission,Science,BOWEN SECONDARY SCHOOL,BUDDHIST,SINGAPORE CITIZEN,,0,8,A2,B3,B3,,,A1,A1,A1,A2,,,,,,,,,,,,A1,,,,,,B3,,,,,,,,,,,,,,,,,,,
20180055,M,JAE Ordinary Admission,Science,ST. JOSEPH'S INSTITUTION,CHRISTIAN,SINGAPORE CITIZEN,,0,7,A1,,B3,,,A1,A1,A2,A1,A2,,,,,,,,,,,,,,,,,A1,,,,,,,,,,,,,,,,,,,
20180056,M,IP (X),Science,SCHOOL X,ROMAN CATHOLICISM,SINGAPORE CITIZEN,,2.88,6,B4,D7,,,,A2,B3,B3,A2,,,,,,,,,A2,,,,,,,,,,,,,,,B3,,,,,,,,,,,,,
20180057,M,IP (X),Arts,SCHOOL X,NO RELIGION,SINGAPORE CITIZEN,,1.82,6,B4,A1,,,,A1,A1,B3,B3,A2,,,,,,,,,,,,,,,,,,,,,,,A2,,,,,,,,,,,,,
20180058,M,DSA (CCA),Science,XINMIN SECONDARY SCHOOL,ROMAN CATHOLICISM,INDONESIAN,,,6,A1,B3,A1,,,A1,A1,A1,A1,A1,,,,,,,,,,,,,,,,,,A1,,,,,,,,,,,,,,,,,,
20180059,F,IP (Y),Science,SCHOOL Y,NO RELIGION,SINGAPORE CITIZEN,,2.83,6,B3,B3,,,,A2,B4,B4,A2,A2,,,,,,,,,,,,,,,,,,,,A1,,,,,,,,,,,,,,,,
20180060,F,JAE Ordinary Admission,Science,CRESCENT GIRLS' SCHOOL,HINDUISM,SINGAPORE PR (OTHER ASIAN),,0,8,B3,A1,A1,,,A1,A1,A2,B3,A2,,,,,,,,,,,,,,,,,,A1,,,,,,,,,,,,,,,,,,
20180061,M,IP (X),Arts,SCHOOL X,BUDDHIST,SINGAPORE CITIZEN,,1.38,6,A2,A1,,,,A1,A1,A2,A1,,,,,,,,,,,,A1,,,,,,,,,,,,A2,,,,,,,,,,,,,
20180062,F,IP (Y),Science,SCHOOL Y,NO RELIGION,SINGAPORE CITIZEN,,1.6,6,A1,A2,,,,A1,A1,B3,A1,A2,,,,,,,,,,,,,,,,,,,,A1,,,,,,,B3,,,,,,,,,
20180063,M,IP (X),Science,SCHOOL X,NO RELIGION,SINGAPORE CITIZEN,,2.63,6,B4,A2,,,,A1,A2,B4,A2,,,,,,,,,,,,A2,,,,,,,,,,,,B4,,,,,,,,,,,,,
20180064,M,DSA (CCA),Science,MARIS STELLA HIGH SCHOOL,BUDDHIST,SINGAPORE CITIZEN,,,7,A2,C6,A2,,,A1,A1,A1,A1,A2,,,,,,,,,,,,,,,,,,A1,,,,,,,,,,,,,,,,,,
20180065,M,IP (X),Arts,SCHOOL X,NO RELIGION,SINGAPORE CITIZEN,,1.6,6,A2,B3,,,,A1,A2,A1,A2,,,,,,,,,A1,,,,,,,,,,,,,,A1,F9,,,,,,,,,,,,,
20180066,M,IP (X),Science,SCHOOL X,NO RELIGION,SINGAPORE CITIZEN,,2.38,6,A2,A2,,,,A1,B3,B3,B3,,,,,,,,,,,A2,,,,,,,,,,,,,B3,,,,,,,,,,,,,
20180067,M,DSA (CCA),Science,ST. JOSEPH'S INSTITUTION,NO RELIGION,SINGAPORE CITIZEN,,,10,B3,F9,A2,,,A2,A1,A2,A1,C6,,,,,,,,,,,,,,,,,A1,,,,,,,,,,,,,,,,,,,
20180068,M,IP (X),Science,SCHOOL X,NO RELIGION,CHINESE,,3.11,6,B4,A1,,,,A2,C5,C5,B4,,,,,,,,,,A1,,B3,,,,,,,,,,,,B3,,,,,,A1,,,,,,,
20180069,M,IP (X),Science,SCHOOL X,NO RELIGION,CHINESE,,1.45,6,B3,A2,,,,A1,A1,A2,A1,A1,,,,,,,,,A1,,,,,,,,,,,,,,B3,,,,,,,,,,,,,
20180070,F,JAE Ordinary Admission,Science,ANGLICAN HIGH SCHOOL,BUDDHIST,SINGAPORE PR (CHINESE),,0,8,C6,A2,A1,,,A1,A1,A2,A2,A1,,,,,,,,,,,,,,,,,,A1,,,,,,,,,,,,,,,,,,
20180071,F,JAE Ordinary Admission,Science,SINGAPORE CHINESE GIRLS' SCHOOL,CHRISTIAN,SINGAPORE CITIZEN,,0,6,A1,A2,A1,,,A1,A1,A1,A1,A1,,,,,,,,A1,,,,,,,,,,A1,,,,,,,,,,,,,,,,,,
20180072,M,IP (X),Science,SCHOOL X,NO RELIGION,SINGAPORE PR (CHINESE),,1.83,6,B4,A1,,,,A1,A1,B3,A2,,,,,,,,,,A1,,,,,,,,,,,,,,B3,,,,,,,,,,,,,
20180073,F,IP (Y),Science,SCHOOL Y,NO RELIGION,SINGAPORE PR (CHINESE),,1.8,6,A1,B3,,,,A1,B3,B3,A1,A1,,,,,,,,,,,,,,,,,,,,A1,,,,,,,,,,,,,,,,
20180074,F,IP (Y),Science,SCHOOL Y,CHRISTIAN,SINGAPORE CITIZEN,,2.61,6,A2,C5,,,,A1,A1,A2,A2,,,,,,,,,,,,B3,,,,,,,,,B4,,,,,,,,,,,,,,,,
20180075,F,IP (Y),Science,SCHOOL Y,NO RELIGION,SINGAPORE CITIZEN,,1.44,6,A2,A1,,,,A1,A1,A2,A1,A1,,,,,,,,,,,,,,,,,,,,A1,,,,,,,,,,,,,,,,
20180076,F,JAE Ordinary Admission,Science,CHIJ ST. NICHOLAS GIRLS' SCHOOL,CHRISTIAN,SINGAPORE CITIZEN,,0,8,B3,A2,A1,,,A1,A1,A2,A2,A1,,,,,,,,,,,,,,,A1,,,,A2,,,,,,,,,,,,,,,,,
20180077,F,JAE Ordinary Admission,Science,NAN CHIAU HIGH SCHOOL,BUDDHIST,SINGAPORE CITIZEN,,0,7,B3,A2,A1,,,A1,A1,A1,A1,A1,,,,,,,,,,,,,,,,,,A1,,,,,,,,,,,,,,,,,,
20180078,F,IP (Y),Arts,SCHOOL Y,NO RELIGION,SINGAPORE CITIZEN,,3.56,6,B4,C6,,,,A2,B4,,B3,,,,,,,,,,,,B3,,,,,,,,,B3,,,,,,,,A2,B3,,,,B4,,,
20180079,F,IP (Y),Arts,SCHOOL Y,NO RELIGION,SINGAPORE CITIZEN,,3,6,B3,C5,,,,A2,B4,,B3,,,,,,,,,,,A2,,,,,,,,,,A2,,,,,,,,,,,,,,,,
20180080,F,JAE Ordinary Admission,Science,ZHONGHUA SECONDARY SCHOOL,BUDDHIST,SINGAPORE PR (INDONESIAN),,0,7,B3,A2,A1,,,A1,A1,A1,A1,A1,,,,,,,,,,,,,,,,,,A1,,,,,,,,,,,,,,,,,,
20180081,F,IP (Y),Arts,SCHOOL Y,NO RELIGION,SINGAPORE CITIZEN,,2.56,6,A2,B3,,,,A1,C5,,A2,,,,,,,,,,,,A1,,,,,,,,,A1,,,,,,,,,,,,,,,,
20180082,M,IP (X),Science,SCHOOL X,BUDDHIST,SINGAPORE CITIZEN,,1.63,6,B3,A2,,,,A1,A1,A1,A1,,,,,,,,,B3,,,,,,,,,,,,,,,A2,,,,,,,,,,,,,
20180083,M,IP (X),Science,SCHOOL X,NO RELIGION,SINGAPORE CITIZEN,,2.25,6,B3,B4,,,,A1,A1,A1,A1,,,,,,,,,B3,,,,,,,,,,,,,,,B3,,,,,,,,,,,,,
20180084,M,IP (X),Science,SCHOOL X,BUDDHIST,SINGAPORE CITIZEN,,1.63,6,A2,A2,,,,A2,A1,B3,A1,,,,,,,,,,,,A1,,,,,,,,,,,,A1,,,,,,,,,,,,,
20180085,F,IP (Y),Science,SCHOOL Y,BUDDHIST,SINGAPORE CITIZEN,,1.78,6,A2,A2,,,,A1,B3,,A2,A1,,,,,,,,A2,,,,,,,,,,,,A1,,,,,,,B3,,,,,,,,,
20180086,F,DSA (CCA),Science,METHODIST GIRLS' SCHOOL (SECONDARY),BUDDHIST,SINGAPORE PR (MALAYSIAN),,,6,A2,A1,A1,,,A1,A1,A2,A1,A1,,,,,,,,,,,A1,,,,,,,,A1,,,,,,,,,,,,,,,,,
20180087,F,IP (Y),Science,SCHOOL Y,NO RELIGION,SINGAPORE CITIZEN,,1.5,6,A1,B3,,,,A1,A1,B4,A1,A1,,,,,,,,,,,,,,,,,,,,A1,,,,,,,,,,,,,,,,
20180088,M,IP (X),Science,SCHOOL X,NO RELIGION,SINGAPORE CITIZEN,,1.75,6,B3,A2,,,,A1,A2,A1,A2,,,,,,,,,,,A1,,,,,,,,,,,,,A1,,,,,,,,,,,,,
20180089,M,IP (X),Science,SCHOOL X,NO RELIGION,SINGAPORE CITIZEN,,1.44,6,A1,C5,,,,A1,A1,A1,A1,,,,,,,,,,,,,,,,,,,,,,,,B3,,,,,,,,,,,,,
20180090,M,IP (X),Arts,SCHOOL X,NO RELIGION,SINGAPORE CITIZEN,,3.13,6,B3,C6,,,,A2,B4,C5,B4,,,,,,,,,A2,,,,,,,,,,,,,,,B3,,,,,,A1,,,,,,,
20180091,F,IP (Y),Science,SCHOOL Y,NO RELIGION,SINGAPORE CITIZEN,,1.78,6,A1,A2,,,,A2,A1,B3,A1,A1,,,,,,,,,,,,,,,,,,,,A2,,,,,,,,,,,,,,,,
20180092,M,JAE Ordinary Admission,Science,NAN HUA HIGH SCHOOL,NO RELIGION,SINGAPORE CITIZEN,,0,7,A1,B4,A2,,,A1,A1,A1,A1,A1,,,,,,,,,,,,,,,,,A2,,,,,,,,,,,,,,,,,,,
20180093,M,JAE Ordinary Admission,Science,ANGLICAN HIGH SCHOOL,NO RELIGION,SINGAPORE CITIZEN,,0,7,A2,A2,A1,,,A1,A1,A2,A2,,,,,,,,,,,,A1,,,,,,,,A1,,,,,,,,,,,,,,,,,
20180094,M,IP (X),Science,SCHOOL X,BUDDHIST,SINGAPORE CITIZEN,,3.25,6,B4,A2,,,,A1,A2,C6,B4,,,,,,,,,,,,B3,,,,,,,,,,,,B3,,,,,,,A1,A1,,,,,
20180095,F,IP (Y),Arts,SCHOOL Y,NO RELIGION,SINGAPORE CITIZEN,,2.44,6,A2,A2,,,,B3,C5,,,B3,,,,,,,,,,,A1,,,,,,,,,B3,,,,,,,,,,,,,,,,
20180096,F,JAE Ordinary Admission,Science,ANGLICAN HIGH SCHOOL,CHRISTIAN,SINGAPORE CITIZEN,,0,7,A1,B3,A1,,,A1,A2,A2,A2,A1,,,,,,,,,,,,,,,,,,A1,,,,,,,,,,,,,,,,,,
20180097,F,IP (Y),Science,SCHOOL Y,NO RELIGION,SINGAPORE CITIZEN,,2.56,6,A1,B4,,,,A1,B3,,C5,B3,,,,,,,,,,,A2,,,,,,,,,B3,,,,,,,,,,,,,,,,
20180098,M,IP (X),Science,SCHOOL X,NO RELIGION,SINGAPORE CITIZEN,,1.63,6,B3,C6,,,,A1,A1,A1,A1,,,,,,,,,,,A1,,,,,,B3,,,,,,,A2,,,,,,,,,,,,,
20180099,M,DSA (CCA),Science,SCHOOL X,NO RELIGION,SINGAPORE CITIZEN,,,14,B3,C6,B3,,,A1,A2,A2,B3,,,,,,B3,,,,,,B3,,,,,,,,,,,,,,,,,,,,,,,,,
20180100,M,IP (X),Science,SCHOOL X,BUDDHIST,SINGAPORE CITIZEN,,2.5,6,A2,B4,,,,A1,A1,C6,A2,,,,,,,,,,,,B3,,,,,,,,,,,,B3,,,,,,,,,,,,,
20180101,M,IP (X),Science,SCHOOL X,NO RELIGION,SINGAPORE CITIZEN,,2.25,6,B3,B3,,,,A1,A2,A2,B3,,,,,,,,,,,A1,,,,,,,,,,,,,B4,,,,,,,,,,,,,
20180102,M,IP (X),Science,SCHOOL X,NO RELIGION,SINGAPORE CITIZEN,,1.56,6,B3,B3,,,,A1,A1,A1,A1,,,,,,,,,,,,,,,,,,,,,,,,B4,,,,,,,,,,,,,
20180103,F,IP (Y),Science,SCHOOL Y,CHRISTIAN,SINGAPORE CITIZEN,,2.86,6,B4,C6,,,,A1,A1,,,,,,,,,,,,,,B3,,,,,,,,,B3,,,,,,,,,,,,,,,,
20180104,M,IP (X),Science,SCHOOL X,BUDDHIST,SINGAPORE CITIZEN,,2.38,6,B3,C6,,,,A1,A2,A2,A2,,,,,,,,,,,A1,,,,,,,,,,,,,B4,,,,,,,,,,,,,
20180105,F,IP (Y),Science,SCHOOL Y,NO RELIGION,SINGAPORE CITIZEN,,0,6,A1,A2,,,,A1,B3,NA,A2,A1,,,,,,,,,,,,,,,,,,,,B3,,,,,,,,,,,,,,,,
20180106,F,IP (Y),Arts,SCHOOL Y,NO RELIGION,MALAYSIAN,,2.15,6,B3,A2,,,,A1,A1,C5,B3,A2,,,,,,,,,,,,,,,,,,,,A1,,,,,,,,,,,,,,,,
20180107,F,IP (Y),Arts,SCHOOL Y,CHRISTIAN,SINGAPORE CITIZEN,,2.35,6,A1,B3,,,,A2,B3,,C5,A2,,,,,,,,,,,A2,A1,,,,,,,,A1,,,,,,,,,,,,,,,,
20180108,F,JAE Ordinary Admission,Science,NAN CHIAU HIGH SCHOOL,BUDDHIST,SINGAPORE CITIZEN,,0,6,B3,A1,A1,,,A1,A1,,A1,A1,,,,,,,,,,,A1,,,,,,A1,,,,,,,,,,,,,,,,,,,
20180109,F,Appeals (Academic),Arts,SINGAPORE CHINESE GIRLS' SCHOOL,CHRISTIAN,SINGAPORE CITIZEN,,,7,A1,A2,,,,A1,A1,C5,B4,C5,,,,,,,,A1,,A1,,,,,,,,,,,,,,,,,,,,,,,,,,
20180110,F,JAE Ordinary Admission,Science,CLEMENTI TOWN SECONDARY SCHOOL,BUDDHIST,SINGAPORE CITIZEN,,0,7,A2,A2,A1,,,A1,A1,,A1,A2,,,,A1,,,,,,,,,,,,,,A1,,,,,,,,,,,,,,,,,,
20180111,M,IP (X),Arts,SCHOOL X,BUDDHIST,SINGAPORE CITIZEN,,2,6,A1,A2,,,,A2,B3,B3,A2,,,,,,,,,,,,,,,,,,,,,,,,A2,,,,,,,,,,,,,
20180112,F,JAE Ordinary Admission,Science,ANGLICAN HIGH SCHOOL,CHRISTIAN,SINGAPORE CITIZEN,,0,8,B3,B3,A1,,,A1,A1,A1,A1,A1,,,,,,,,,,,,,,,,,,A1,,,,,,,,,,,,,,,,,,
20180113,M,IP (X),Science,SCHOOL X,NO RELIGION,SINGAPORE CITIZEN,,2.2,6,B4,A2,,,,A1,A1,B3,B4,,,,,,,,,,A2,A2,,,,,,,,,,,,,A2,,,,,,,,,,,,,
20180114,M,IP (X),Science,SCHOOL X,NO RELIGION,SINGAPORE CITIZEN,,2.11,6,B4,C5,,,,A1,A2,A2,A1,A1,,,,,,,,,,A1,,,,,,,,,,,,,B3,,,,,,,,,,,,,
20180115,F,IP (Y),Science,SCHOOL Y,NO RELIGION,SINGAPORE PR (CHINESE),,1.61,6,B3,A1,,,,A1,A1,A1,A1,,,,,,,,,,,,A1,,,,,,,,,A2,,,,,,,,,,,,,,,,
20180116,M,JAE Ordinary Admission,Science,BEATTY SECONDARY SCHOOL,NO RELIGION,SINGAPORE CITIZEN,,0,8,B3,A2,A1,,,A1,A2,A2,A1,A1,,,,,,,,,,,,,,,,,A1,,,,,,,,,,,,,,,,,,,
20180117,F,JAE Ordinary Admission,Science,ANGLICAN HIGH SCHOOL,CHRISTIAN,SINGAPORE CITIZEN,,0,7,B3,A2,A1,,,A1,A1,A1,A1,,,,,,,,A2,,,,,,,,,,A1,,,,,,,,,,,,,,,,,,,
20180118,M,IP (X),Science,SCHOOL X,NO RELIGION,SINGAPORE CITIZEN,,3.38,6,B3,C6,,,,B3,B3,C5,C5,,,,,,,,,A2,,,,,,,,,,,,,,,A2,,,,,,,A2,A2,,,,,
20180119,M,IP (X),Science,SCHOOL X,NO RELIGION,SINGAPORE CITIZEN,,1.67,6,B3,A2,,,,A1,A1,A1,A1,A1,,,,,,,,,,,,,,,,,,,,,,,B3,,,,,,,,,,,,,
20180120,M,JAE Ordinary Admission,Arts,CHUNG CHENG HIGH SCHOOL (MAIN),NO RELIGION,SINGAPORE CITIZEN,,0,7,A2,A2,A1,,,A1,A1,A1,A2,A2,,,,,,,,,,,,,,,,,,A1,,,,,,,,,,,,,,,,,,
20180121,M,IP (X),Science,SCHOOL X,NO RELIGION,SINGAPORE CITIZEN,,1.67,6,A2,C5,,,,A1,A1,A2,A2,A2,,,,,,,,,,A1,,,,,,,,,,,,,A1,,,,,,,,,,,,,
20180122,M,JAE Ordinary Admission,Science,FUHUA SECONDARY SCHOOL,NO RELIGION,SINGAPORE CITIZEN,,0,6,C5,A1,A1,,,A2,A1,A1,A1,A1,,,,,,,,,,,,,,,,,,A1,,,,,,,,,,,,,,,,,,
20180123,F,IP (Y),Science,SCHOOL Y,BUDDHIST,SINGAPORE CITIZEN,,2.06,6,B3,A1,,,,A1,A2,B3,B3,A1,,,,,,,,,,,,,,,,,,,,A1,,,,,,,,,,,,,,,,
20180124,M,IP (X),Science,SCHOOL X,NO RELIGION,SINGAPORE CITIZEN,,1.6,6,A2,A2,,,,A1,A1,A1,A1,A1,,,,,,,,,,,,,,,,,,,,,,,B3,,,,,,,,,,,,,
20180125,M,IP (X),Science,SCHOOL X,NO RELIGION,CHINESE,,1.89,6,B4,A1,,,,A1,A1,A2,A1,,,,,,,,,,A1,,,,,,,,,,,,,,C5,,,,,,,,,,,,,
20180126,M,IP (X),Science,SCHOOL X,NO RELIGION,SINGAPORE CITIZEN,,2.88,6,B3,B3,,,,A2,A2,B4,C5,,,,,,,,,,,A1,,,,,,,,,,,,,A2,,,,,,,,,,,,,
20180127,M,IP (X),Science,SCHOOL X,NO RELIGION,SINGAPORE CITIZEN,,1.8,6,B3,A2,,,,A1,A1,B4,A1,A2,,,,,,,,,,,,,,,,,,,,,,,B3,,,,,,,,,,,,,
20180128,F,JAE Ordinary Admission,Science,NAN HUA HIGH SCHOOL,BUDDHIST,SINGAPORE CITIZEN,,0,8,C5,A1,A1,,,A2,A1,,A2,A2,,,,,,,,,,,A1,,,,,,A1,,,,,,,,,,,,,,,,,,,
20180129,F,IP (Y),Arts,SCHOOL Y,NO RELIGION,SINGAPORE CITIZEN,,3.35,6,A1,A1,,,,C6,F9,,C6,A2,,,,,,,,B3,,,,,,,,,,,,A2,,,,,,,,,A1,,,,,,,
20180130,F,IP (Y),Arts,SCHOOL Y,ROMAN CATHOLICISM,SINGAPORE CITIZEN,,2.4,6,A1,B3,,,,A2,B3,C5,B4,A1,,,,,,,,,,,,,,,,,,,,A1,,,,,,,,,,,,,,,,
20180131,M,IP (X),Science,SCHOOL X,NO RELIGION,SINGAPORE CITIZEN,,2.33,6,A2,A2,,,,A2,B4,B3,C5,,,,,,,,,,A1,A1,,,,,,,,,,,,,A2,,,,,,,,,,,,,
20180132,F,IP (Y),Science,SCHOOL Y,NO RELIGION,SINGAPORE CITIZEN,,2.55,6,B3,A1,,,,A1,B4,B4,B4,A1,,,,,,,,,,,,,,,,,,,,A1,,,,,,,,,,,,,,,,
20180133,M,IP (X),Science,SCHOOL X,NO RELIGION,SINGAPORE CITIZEN,,2.8,6,B3,B3,,,,A1,C5,A1,A1,B4,,,,,,,,,,,,,,,,,,,,,,,C5,,,,,,,,,,,,,
20180134,M,IP (X),Science,SCHOOL X,NO RELIGION,SINGAPORE CITIZEN,,2.63,6,B3,B3,,,,A1,A2,B4,B3,,,,,,,,,,,,B3,,,,,,,,,,,,B3,,,,,,,,,,,,,
20180135,F,JAE Ordinary Admission,Arts,CHIJ ST. NICHOLAS GIRLS' SCHOOL,NO RELIGION,SINGAPORE CITIZEN,,0,6,A1,A1,A1,,,A1,A2,,A2,A1,,,,,,,,A1,,,,,,,A1,,A1,,,,,,,,,,,,,,,,,,,
20180136,M,IP (X),Science,SCHOOL X,NO RELIGION,SINGAPORE CITIZEN,,1.8,6,B3,A2,,,,A1,B3,A2,A1,A1,,,,,,,,,,,,,,,,,,,,,,,A2,,,,,,,,,,,,,
20180137,F,IP (Y),Science,SCHOOL Y,NO RELIGION,SINGAPORE CITIZEN,,1.67,6,A2,A2,,,,A1,A1,A1,A1,A1,,,,,,,,,,,,,,,,,,,,A1,,,,,,,,,,,,,,,,
20180138,F,JAE Ordinary Admission,Science,CHIJ ST. NICHOLAS GIRLS' SCHOOL,CHRISTIAN,SINGAPORE CITIZEN,,0,6,A2,A1,A1,,,A1,A1,,A1,A1,,,,,,,,,,,A1,,,,,,A1,,,,,,,,,,,,,,,,,,,
20180139,M,IP (X),Science,SCHOOL X,NO RELIGION,SINGAPORE CITIZEN,,1.78,6,B3,A2,,,,A2,B3,A1,A1,,,,,,,,,,,,,,,,,,,,,,,,B3,,,,,,,,,,,,,
20180140,M,IP (X),Arts,SCHOOL X,NO RELIGION,MALAYSIAN,,2.89,6,A2,A1,,,,A2,B3,C5,C5,,,,,,,,,A2,,,,,,,,,,,,,,B3,F9,,,,,,,,,,,,,
20180141,F,IP (Y),Science,SCHOOL Y,NO RELIGION,SINGAPORE CITIZEN,,2.5,6,A2,A2,,,,A2,B4,B3,A2,A2,,,,,,,,,,,,,,,,,,,,A2,,,,,,,,,,,,,,,,
20180142,M,IP (X),Science,SCHOOL X,NO RELIGION,SINGAPORE CITIZEN,,2.88,6,B4,C6,,,,A1,A2,A1,A1,,,,,,,,,,,,B4,,,,,,,,,,,,B4,,,,,,,,,,,,,
20180143,F,DSA (CCA),Science,CHIJ ST. NICHOLAS GIRLS' SCHOOL,BUDDHIST,MALAYSIAN,,,9,B3,A2,A1,,,A1,A2,A2,A1,A2,,,,,,,,B3,,,,,,,,,A2,,,,,,,,,,,,,,,,,,,
20180144,M,JAE Ordinary Admission,Science,CATHOLIC HIGH SCHOOL,NO RELIGION,SINGAPORE CITIZEN,,0,6,A1,B3,B3,,,A1,A1,A1,A1,A1,,,,,,,,,,A1,,,,,,,,A1,,,,,,,,,,,,,,,,,,
20180145,M,IP (X),Science,SCHOOL X,NO RELIGION,SINGAPORE CITIZEN,,3,6,B3,C5,,,,A2,B3,B4,B3,,,,,,,,,,,,B4,,,,,,,,,,,,A2,,,,,,,,,,,,,
20180146,M,IP (X),Science,SCHOOL X,ROMAN CATHOLICISM,SINGAPORE CITIZEN,,1.3,6,A2,B3,,,,A1,A1,A2,A1,A1,,,,,,,,,,,,,,,,,,,,,,,A1,,,,,,,,,,,,,
20180147,M,IP (X),Science,SCHOOL X,NO RELIGION,SINGAPORE CITIZEN,,2.75,6,B3,A2,,,,A1,C6,A2,A2,,,,,,,,,,,,B3,,,,,,,,,,,,A2,,,,,,,,,,,,,
20180148,F,JAE Ordinary Admission,Science,BUKIT PANJANG GOVT. HIGH SCHOOL,NO RELIGION,SINGAPORE CITIZEN,,0,7,A2,,A1,,,A1,A2,,,,A1,,,,,,,,,,,,,A1,,,A1,,,,,,,,,,,,,,,,,,,
20180149,M,IP (X),Science,SCHOOL X,NO RELIGION,SINGAPORE CITIZEN,Repeat Yr1,2.38,6,A2,B3,,,,A1,A1,A2,B3,,,,,,,,,,,,,,,,,,,,,,,,A2,B4,,,,,,,,,,,DI,
20180150,F,JAE Ordinary Admission,Science,FUHUA SECONDARY SCHOOL,NO RELIGION,SINGAPORE CITIZEN,,0,7,A2,,A1,,,A1,A2,A2,A1,A1,,,,,,,,,,,,,,,,,,A1,,,,,,,,,,,,,,,,,,
20180151,M,JAE Ordinary Admission,Science,NAN HUA HIGH SCHOOL,BUDDHIST,SINGAPORE CITIZEN,,0,8,B3,B4,A2,,,A1,A1,A1,B3,,,,,,,,,,,,A1,,,,,,A1,,,,,,,,,,,,,,,,,,,
20180152,M,IP (X),Science,SCHOOL X,BUDDHIST,SINGAPORE CITIZEN,,1.4,6,B3,B3,,,,A1,A1,A2,A1,A1,,,,,,,,,,,,,,,,,,,,,,,A1,,,,,,,,,,,,,
20180153,M,IP (X),Science,SCHOOL X,BUDDHIST,SINGAPORE CITIZEN,,1.2,6,A2,A1,,,,A1,A1,A2,A1,A1,,,,,,,,,,,,,,,,,,,,,,,A1,,,,,,,,,,,,,
20180154,F,IP (Y),Arts,SCHOOL Y,NO RELIGION,SINGAPORE CITIZEN,,2.11,6,A1,A2,,,,A1,B3,B3,B3,,,,,,,,,A2,,,A1,,,,,,,,,,,,,,,,,,,,,,,,,
20180155,F,IP (Y),Science,SCHOOL Y,BUDDHIST,SINGAPORE CITIZEN,,1.56,6,A1,A2,,,,A1,A1,A2,A2,A1,,,,,,,,,,,,,,,,,,,,A1,,,,,,,,,,,,,,,,
20180156,M,IP (X),Science,SCHOOL X,BUDDHIST,SINGAPORE CITIZEN,,2.38,6,B4,A2,,,,A1,A1,B3,A1,,,,,,,,,,,A2,,,,,,,,,,,,,B3,,,,,,,,,,,,,
20180157,F,JAE Ordinary Admission,Science,NORTH VISTA SECONDARY SCHOOL,NO RELIGION,SINGAPORE PR (CHINESE),,0,7,C5,A2,A1,,,A1,A1,A2,A1,A1,,,,,,,,,,,,,,,,,A1,,,,,,,,,,,,,,,,,,,
20180158,M,IP (X),Science,SCHOOL X,NO RELIGION,SINGAPORE CITIZEN,,2.2,6,B3,A2,,,,A1,A1,B4,C5,,,,,,,,,,A1,,,,,,,,,,,,,,B3,,,,,,,,,,,,,
20180159,M,IP (X),Science,SCHOOL X,CHRISTIAN,SINGAPORE CITIZEN,,1.2,6,A1,A1,,,,A1,A1,A1,A1,A1,,,,,,,,,,,,,,,,,,,,,,,B3,,,,,,,,,,,,,
20180160,F,DSA (CCA),Science,SINGAPORE CHINESE GIRLS' SCHOOL,NO RELIGION,SINGAPORE CITIZEN,,,6,A2,B3,,,,A2,A1,B4,A1,A2,,,,,,,,A2,,A1,,,,,,,,,,,,,,,,,,,,,,,,,,
20180161,M,IP (X),Science,SCHOOL X,NO RELIGION,SINGAPORE CITIZEN,,2.88,6,B3,C5,,,,A1,B3,B4,B3,,,,,,,,,,,,B3,,,,,,,,,,,,B3,,,,,,,,,,,,,
20180162,M,JAE Ordinary Admission,Arts,CATHOLIC HIGH SCHOOL,NO RELIGION,SINGAPORE CITIZEN,,0,6,A1,B3,A1,,,A1,A2,A1,A2,,,,,,,,,,,A1,,,,,,,,A1,,,,,,,,,,,,,,,,,,
20180163,F,IP (Y),Science,SCHOOL Y,NO RELIGION,SINGAPORE CITIZEN,,1.28,6,A2,A1,,,,A1,A1,A1,A1,A2,,,,,,,,,,,,,,,,,,,,A1,,,,,,,,,,,,,,,,
20180164,F,JAE Ordinary Admission,Science,METHODIST GIRLS' SCHOOL (SECONDARY),BUDDHIST,SINGAPORE CITIZEN,,0,6,A1,B3,A1,,,A1,A1,A1,A2,,,,,,,,,A1,,,,,,,,,A1,,,,,,,,,,,,,,,,,,,
20180165,M,IP (X),Science,SCHOOL X,NO RELIGION,SINGAPORE CITIZEN,,2.33,6,B3,B3,,,,A1,A1,A1,C5,B4,,,,,,,,,,A1,,,,,,,,,,,,,A1,,,,,,,,,,,,,
20180166,M,Appeals (Academic),Science,CHUNG CHENG HIGH SCHOOL (MAIN),BUDDHIST,SINGAPORE CITIZEN,,,9,A2,,B3,,,A1,A1,A2,A2,A1,,,,,,,,,,,,,,,,,,A2,,,,,,,,,,,,,,,,,,
20180167,M,IP (X),Science,SCHOOL X,NO RELIGION,SINGAPORE CITIZEN,,2,6,B4,B3,,,,A1,A1,B3,A1,,,,,,,,,,,A1,,,,,,,,,,,,,A2,,,,,,,,,,,,,
20180168,M,JAE Ordinary Admission,Science,NAN HUA HIGH SCHOOL,NO RELIGION,SINGAPORE CITIZEN,,0,7,A2,,A1,,,A1,A1,A2,A2,A1,,,,,,,,,,,,,,,,,A1,,,,,,,,,,,,,,,,,,,
20180169,F,IP (Y),Arts,SCHOOL Y,CHRISTIAN,SINGAPORE CITIZEN,,2.22,6,A2,B3,,,,A1,A2,B3,A2,A1,,,,,,,,,,,,,,,,,,,,A2,,,,,,,,,,,,,,,,
20180170,M,IP (X),Science,SCHOOL X,NO RELIGION,SINGAPORE CITIZEN,,1.75,6,B3,C6,,,,A1,A1,B3,A1,,,,,,,,,,,A1,,,,,,,,,,,,,A1,,,,,,,,,,,,,
20180171,F,JAE Ordinary Admission,Science,CRESCENT GIRLS' SCHOOL,NO RELIGION,SINGAPORE CITIZEN,,0,6,A1,,A1,,,A1,A1,A2,A2,,,,,,,,,,,,A1,,,,,,A1,,,,,,,,,,,,,,,,,,,
20180172,F,IP (Y),Arts,SCHOOL Y,NO RELIGION,SINGAPORE CITIZEN,,1.89,6,A1,A1,,,,A2,B4,,A2,A1,,,,,,,,A1,,,A1,,,,,,,,,,,,,,,,,,,,,,,,,
20180173,F,JAE Ordinary Admission,Science,FUHUA SECONDARY SCHOOL,NO RELIGION,SINGAPORE CITIZEN,,0,8,B3,B3,A1,,,A1,A1,A1,A1,A2,,,,,,,,,,,,,,,,,,A1,,,,,,,,,,,,,,,,,,
20180174,M,JAE Ordinary Admission,Science,CHUNG CHENG HIGH SCHOOL (MAIN),TAOIST,SINGAPORE CITIZEN,,0,6,A1,B3,A1,,,A1,A1,,A1,A2,,,,,,,,,,,A1,,,,,,A1,,,,,,,,,,,,,,,,,,,
20180175,F,JAE Ordinary Admission,Science,NAN HUA HIGH SCHOOL,BUDDHIST,SINGAPORE CITIZEN,,0,6,A1,A1,B3,,,A1,A1,,A2,A1,,,,,,A1,,,,,,,,,,,,A1,,,,,,,,,,,,,,,,,,
20180176,M,IP (X),Science,SCHOOL X,BUDDHIST,SINGAPORE CITIZEN,,2.13,6,B3,C6,,,,A1,A1,A2,A2,,,,,,,,,,,A1,,,,,,,,,,,,,B3,,,,,,,,,,,,,
20180177,M,IP (X),Science,SCHOOL X,CHRISTIAN,SINGAPORE CITIZEN,,1.5,6,B3,A2,,,,A1,A1,A1,A1,,,,,,,,,,,,A1,,,,,,,,,,,,A1,,,,,,,,,,,,,
20180178,M,JAE Ordinary Admission,Science,TANJONG KATONG SECONDARY SCHOOL,NO RELIGION,SINGAPORE CITIZEN,,0,6,A1,,B3,,,A1,A1,A1,A1,A1,,,,,,,,,,,,,,,,,,A1,,,,,,,,,,,,,,,,,,
20180179,M,IP (X),Science,SCHOOL X,NO RELIGION,SINGAPORE CITIZEN,,1.13,6,A2,A1,,,,A1,A1,A1,A1,,,,,,,,,A1,,,,,,,,,,,,,,,A1,,,,,,,,,,,,,
20180180,F,IP (Y),Science,SCHOOL Y,NO RELIGION,SINGAPORE CITIZEN,,1.15,6,A1,A2,,,,A1,A1,A1,A1,A1,,,,,,,,,,,,,,,,,,,,A1,,,,,,,,,,,,,,,,B4
20180181,M,IP (X),Arts,SCHOOL X,NO RELIGION,SINGAPORE CITIZEN,,3.56,6,A1,A1,,,,C5,C6,C5,C5,,,,,,,,,B4,,,,,,,,B3,,,,,,A2,F9,,,,,A1,,,B4,,,,,
20180182,F,IP (Y),Science,SCHOOL Y,NO RELIGION,SINGAPORE CITIZEN,,2.63,6,A2,B3,,,,A1,C5,,B3,A2,,,,,,,,,,,,,,,,,,,,A1,,,,,,,,,,,,,,,,
20180183,F,JAE Ordinary Admission,Science,CRESCENT GIRLS' SCHOOL,BUDDHIST,SINGAPORE CITIZEN,,0,8,A1,A2,A1,,,A1,A1,A2,A2,A2,,,,,,,A2,,,,,,,,,,,B3,,,,,,,,,,,,,,,,,,
20180184,F,JAE Ordinary Admission,Science,NAN HUA HIGH SCHOOL,BUDDHIST,SINGAPORE CITIZEN,,0,6,C5,A1,A1,,,A1,A1,A2,A2,A1,,,,,,,,,,,A1,,,,,,A1,,,,,,,,,,,,,,,,,,,
20180185,M,JAE Ordinary Admission,Science,MARIS STELLA HIGH SCHOOL,NO RELIGION,SINGAPORE CITIZEN,,0,7,A2,B4,B3,,,A1,A1,A1,A1,A2,,,,,,,,,,,,,,,,,,A1,,,,,,,,,,,,,,,,,,
20180186,F,IP (Y),Science,SCHOOL Y,NO RELIGION,SINGAPORE CITIZEN,,1.5,6,A2,A2,,,,A1,A1,A1,A1,A1,,,,,,,,,,,,,,,,,,,,A1,,,,,,,,,,,,,,,,
20180187,M,IP (X),Science,SCHOOL X,NO RELIGION,SINGAPORE CITIZEN,,2.44,6,B3,B3,,,,A1,A2,A2,B3,B4,,,,,,,,,,A1,,,,,,,,,,,,,B3,,,,,,,,,,,,,
20180188,F,IP (Y),Science,SCHOOL Y,BUDDHIST,SINGAPORE CITIZEN,,1.1,6,A1,A1,,,,A1,A1,A2,A1,A1,,,,,,,,,,,,,,,,,,,,A1,,,,,,A1,,,,,,,,,,
20180189,M,IP (X),Science,SCHOOL X,NO RELIGION,SINGAPORE CITIZEN,,2.25,6,B3,C5,,,,A1,A1,A2,A1,,,,,,,,,,,,B3,,,,,,,,,,,,A2,,,,,,,,,,,,,
20180190,F,IP (Y),Science,SCHOOL Y,NO RELIGION,SINGAPORE CITIZEN,,1.94,6,A2,B3,,,,A1,A1,B3,B3,A1,,,,,,,,,,,,,,,,,,,,A1,,,,,,,,,,,,,,,,
20180191,F,IP (Y),Science,SCHOOL Y,BUDDHIST,SINGAPORE CITIZEN,,1.33,6,A1,A1,,,,A1,A1,A2,A1,B3,,,,,,,,,,,,,,,,,,,,A1,,,,,,,,,,,,,,,,
20180192,M,IP (X),Arts,SCHOOL X,BUDDHIST,SINGAPORE CITIZEN,,1.7,6,A1,B3,,,,A1,B3,A2,A1,,,,,,,,,A1,,,,,,,,,,,,,,A2,F9,,,,,,,,,,,,,
20180193,F,IP (Y),Science,SCHOOL Y,NO RELIGION,SINGAPORE CITIZEN,,1.72,6,A2,A2,,,,A1,A1,A1,A1,A2,,,,,,,,,,,,,,,,,,,,A2,,,,,,,,,,,,,,,,
20180194,F,DSA (CCA),Science,ANGLICAN HIGH SCHOOL,ROMAN CATHOLICISM,SINGAPORE CITIZEN,,,10,A1,E8,A2,,,A1,A2,A2,A2,A2,,,,,,,,,,,,,,,,,,A2,,,,,,,,,,,,,,,,,,
20180195,F,JAE Ordinary Admission,Science,NAN HUA HIGH SCHOOL,NO RELIGION,SINGAPORE CITIZEN,,0,7,A1,,A2,,,A1,A1,A1,B3,B3,,,,,,,,,,,,,,,,,A1,,,,,,,,,,,,,,,,,,,
20180196,M,IP (X),Science,SCHOOL X,NO RELIGION,SINGAPORE CITIZEN,,4.25,6,B4,E8,,,,A1,C5,A2,B4,,,,,,,,,,,,C5,,,,,,,,,,,,D7,,,,,,A2,,B4,,,,,
20180197,M,IP (X),Science,SCHOOL X,ROMAN CATHOLICISM,SINGAPORE CITIZEN,,1.56,6,A2,B3,,,,A1,A1,A1,A1,,,,,,,,,,,,,,,,,,,,,,,,B4,,,,,,,,,,,,,
20180198,M,IP (X),Science,SCHOOL X,NO RELIGION,SINGAPORE CITIZEN,,1.88,6,B3,C6,,,,A1,A1,A1,A1,,,,,,,,,A2,,,,,,,,,,,,,,,A2,,,,,,,,,,,,,
20180199,M,JAE Ordinary Admission,Science,CHUNG CHENG HIGH SCHOOL (MAIN),NO RELIGION,SINGAPORE CITIZEN,,0,8,B3,B3,A2,,,A1,A1,A1,A1,A1,,,,,,,,,,,,,,,,,A1,,,,,,,,,,,,,,,,,,,
20180200,M,IP (X),Science,SCHOOL X,NO RELIGION,SINGAPORE CITIZEN,,2,6,A2,C6,,,,A1,A1,A2,A1,,,,,,,,,,,,B3,,,,,,,,,,,,A2,,,,,,,,,,,,,
20180201,F,JAE Ordinary Admission,Science,CHUNG CHENG HIGH SCHOOL (MAIN),BUDDHIST,SINGAPORE CITIZEN,,0,7,A2,A1,A1,,,A1,A1,A1,A2,,,,,,,,,,,,A2,,,,,,A1,,,,,,,,,,,,,,,,,,,
20180202,F,JAE Ordinary Admission,Science,CEDAR GIRLS' SECONDARY SCHOOL,NO RELIGION,SINGAPORE CITIZEN,,0,7,A2,C6,A2,,,A1,A1,A1,A1,A1,,,,,,,,,,,,,,,,,,A1,,,,,,,,,,,,,,,,,,
20180203,M,JAE Ordinary Admission,Science,CHUNG CHENG HIGH SCHOOL (MAIN),BUDDHIST,SINGAPORE CITIZEN,,0,6,A2,A1,A1,,,A1,A1,A1,A1,,,,,,,A1,,,,,,,,,,,,,A1,,,,,,,,,,,,,,,,,
20180204,F,IP (Y),Science,SCHOOL Y,NO RELIGION,SINGAPORE CITIZEN,,2.1,6,A2,B3,,,,A1,A1,B3,B3,A2,,,,,,,,,,,,,,,,,,,,A1,,,,,,,,,,,,,,,,
20180205,F,IP (Y),Science,SCHOOL Y,NO RELIGION,SINGAPORE CITIZEN,,1.8,6,A2,B3,,,,A1,A1,A1,A1,A2,,,,,,,,,,,,,,,,,,,,A2,,,,,,,,,,,,,,,,
20180206,F,IP (Y),Science,SCHOOL Y,CHRISTIAN,SINGAPORE CITIZEN,,1.56,6,B3,A1,,,,A1,A1,,A1,A1,,,,,,,,,,,,,,,,,,,,A1,,,,,,,,,,,,,,,,
20180207,F,DSA (CCA),Science,NAN HUA HIGH SCHOOL,NO RELIGION,SINGAPORE CITIZEN,,,9,B3,A1,A1,,,A1,A2,,B3,A2,,,,,,,,,,,A2,,,,,,A1,,,,,,,,,,,,,,,,,,,
20180208,F,JAE Ordinary Admission,Science,SINGAPORE CHINESE GIRLS' SCHOOL,ROMAN CATHOLICISM,SINGAPORE CITIZEN,,0,6,A1,,A1,,,A1,A1,A1,A2,A2,,,,,,,,,,,A2,,,,,,,,A1,,,,,,,,,,,,,,,,,
20180209,F,IP (Y),Science,SCHOOL Y,CHRISTIAN,SINGAPORE CITIZEN,,2.72,6,B3,E8,,,,A1,B3,B3,B3,B3,,,,,,,,,,,,,,,,,,,,A1,,,,,,,,,,,,,,,,
20180210,F,IP (Y),Science,SCHOOL Y,NO RELIGION,SINGAPORE CITIZEN,,2.39,6,A1,C5,,,,A1,B4,B3,A2,A2,,,,,,,,,,,,,,,,,,,,A2,,,,,,,,,,,,,,,,
20180211,F,JAE Ordinary Admission,Science,NAN CHIAU HIGH SCHOOL,NO RELIGION,SINGAPORE CITIZEN,,0,6,A1,A2,A2,,,A1,A1,,A1,A1,,,,,,,,,,,A1,,,,,,A1,,,,,,,,,,,,,,,,,,,
20180212,F,IP (Y),Science,SCHOOL Y,NO RELIGION,SINGAPORE CITIZEN,,1.56,6,A1,A1,,,,A1,A2,B3,A2,,,,,,,,,,,,A1,,,,,,,,,A2,,,,,,,,,,,,,,,,
20180213,M,IP (X),Arts,SCHOOL X,NO RELIGION,SINGAPORE CITIZEN,,1,6,A1,A1,,,,A1,A1,A1,A1,,,,,,,,,A1,,,,,,,,,,,,,,A1,F9,,,,,,,,,,,,,
20180214,F,JAE Ordinary Admission,Science,NAN HUA HIGH SCHOOL,NO RELIGION,SINGAPORE CITIZEN,,0,8,C6,A2,A1,,,A2,A1,A2,A1,A1,,,,,,,,,,,,,,,,,,A1,,,,,,,,,,,,,,,,,,
20180215,M,JAE Ordinary Admission,Science,QUEENSTOWN SECONDARY SCHOOL,NO RELIGION,SINGAPORE PR (CHINESE),,0,7,C5,A1,A1,,,A1,A1,A1,A2,,,,,,,,,,,,,,,,,,,A1,,,,,,,,,,,,,,,,,,
20180216,M,IP (X),Science,SCHOOL X,NO RELIGION,SINGAPORE CITIZEN,,2.38,6,B3,B3,,,,A1,A2,A1,A1,,,,,,,,,,,,C5,,,,,,,,,,,,B3,,,,,,,,,,,,,
20180217,F,IP (Y),Arts,SCHOOL Y,NO RELIGION,SINGAPORE CITIZEN,,1.83,6,A1,A2,,,,A1,B3,,A2,A1,,,,,,,,A1,,A1,,,,,,,,,,,,,,,,A2,,,,,,,,,,
20180218,M,JAE Ordinary Admission,Science,BUKIT PANJANG GOVT. HIGH SCHOOL,TAOIST,SINGAPORE CITIZEN,,0,6,A1,A1,A1,,,A1,A1,A1,A1,A1,,,,,,,,,,,A1,,,,,,,,A1,,,,,,,,,,,,,,,,,
20180219,M,IP (X),Science,SCHOOL X,NO RELIGION,SINGAPORE CITIZEN,,1.3,6,B3,A2,,,,A1,A1,A1,A1,A1,,,,,,,,,,,,,,,,,,,,,,,A1,,,,,,,,,,,,,
20180220,M,IP (X),Science,SCHOOL X,NO RELIGION,SINGAPORE CITIZEN,,1.5,6,B3,B3,,,,A1,A1,A1,A1,A1,,,,,,,,,,,,,,,,,,,,,,,A1,,,,,,,,,,,,,
20180221,M,DSA (CCA),Science,ST. GABRIEL'S SECONDARY SCHOOL,NO RELIGION,SINGAPORE CITIZEN,,,14,B3,,B3,,,A2,A2,B3,A2,D7,,,,,A2,,,,,,,,,,,,,,,,,,,,,,,,,,,,,,,
20180222,M,IP (X),Science,SCHOOL X,CHRISTIAN,SINGAPORE CITIZEN,,1.1,6,A1,A2,,,,A1,A1,A2,A1,A1,,,,,,,,,,,,,,,,,,,,,,,A1,,,,,,,,,,,,,
20180223,F,IP (Y),Science,SCHOOL Y,CHRISTIAN,SINGAPORE CITIZEN,,2,6,A2,A2,,,,A1,B3,B4,A2,A2,,,,,,,,,,,,,,,,,,,,A1,,,,,,,,,,,,,,,,
20180224,F,IP (Y),Science,SCHOOL Y,CHRISTIAN,SINGAPORE CITIZEN,,1.17,6,A1,A2,,,,A1,A1,A1,A1,A1,,,,,,,,,,,,,,,,,,,,A1,,,,,,,,,,,,,,,,
20180225,M,JAE Ordinary Admission,Arts,ZHONGHUA SECONDARY SCHOOL,NO RELIGION,SINGAPORE CITIZEN,,0,6,A1,,A1,,,A2,A1,A1,A2,,,,,,,,,,,A1,,,,,,,,A1,,,,,,,,,,,,,,,,,,
20180226,F,DSA,Science,CRESCENT GIRLS' SCHOOL,CHRISTIAN,SINGAPORE CITIZEN,,,6,A1,,,,,A1,A1,A1,A1,A1,,,,,,,,,,,,,,,,A1,,,A1,,,,,,,,,,,,,,,,,
20180227,M,IP (X),Science,SCHOOL X,ROMAN CATHOLICISM,SINGAPORE CITIZEN,,2,6,A2,B3,,,,A1,A1,A2,A2,,,,,,,,,,,,A2,,,,,,,,,,,,A2,,,,,,,,,,,,,
20180228,M,IP (X),Science,SCHOOL X,ROMAN CATHOLICISM,SINGAPORE CITIZEN,,2.38,6,B3,A2,,,,A1,A2,B4,B4,,,,,,,,,,,A1,,,,,,,,,,,,,A1,,,,,,,,,,,,,
20180229,F,IP (Y),Science,SCHOOL Y,NO RELIGION,SINGAPORE CITIZEN,,1.67,6,A1,B4,,,,A1,A1,A2,A1,B3,,,,,,,,,,,,,,,,,,,,A1,,,,,,,,,,,,,,,,
20180230,M,IP (X),Arts,SCHOOL X,NO RELIGION,SINGAPORE CITIZEN,,4,6,B3,D7,,,,B3,C5,C5,E8,,,,,,,,,,,A1,,,,,,,,,,,,,A2,,,,,,,,,,B3,,,
20180231,M,IP (X),Science,SCHOOL X,NO RELIGION,SINGAPORE CITIZEN,,1.4,6,B3,A2,,,,A1,A1,A1,A1,A1,,,,,,,,,,,,,,,,,,,,,,,A2,,,,,,,,,,,,,
20180232,M,JAE Ordinary Admission,Science,ST. JOSEPH'S INSTITUTION,CHRISTIAN,SINGAPORE CITIZEN,,0,7,A1,,A1,,,A2,A1,A2,A1,,,,,,,,,,,A2,,,,,,A1,A2,,,,,,,,,,,,,,,,,,,
20180233,F,IP (Y),Science,SCHOOL Y,NO RELIGION,SINGAPORE CITIZEN,,2.33,6,A2,A2,,,,A1,B3,B3,A2,A2,,,,,,,,,,,,,,,,,,,,A1,,,,,,,,,,,,,,,,
20180234,M,JAE Ordinary Admission,Science,ZHONGHUA SECONDARY SCHOOL,BUDDHIST,SINGAPORE CITIZEN,,0,9,B3,A2,A1,,,A1,A1,,A1,A2,,,,,A2,B3,,,,,,,,,,,,,,,,,,,,,,,,,,,,,,
20180235,M,JAE Ordinary Admission,Science,CATHOLIC HIGH SCHOOL,BUDDHIST,SINGAPORE CITIZEN,,0,8,B3,A2,A1,,,A1,A1,,A2,A1,,,,,,,,,,,A1,,,,,,A2,,,,,,,,,,,,,,,,,,,
20180236,F,JAE Ordinary Admission,Science,NAN CHIAU HIGH SCHOOL,NO RELIGION,SINGAPORE CITIZEN,,0,7,B3,A1,A1,,,A1,A1,A2,A2,,,,,,,,,,,A1,,,,,,,,A1,,,,,,,,,,,,,,,,,,
20180237,F,IP (Y),Science,SCHOOL Y,ROMAN CATHOLICISM,SINGAPORE CITIZEN,,1.17,6,A1,A1,,,,A1,A1,A1,A1,A1,,,,,,,,,,,,,,,,,,,,A1,,,,,A2,,,,,,,,,,,
20180238,M,JAE Ordinary Admission,Science,NAN HUA HIGH SCHOOL,CHRISTIAN,SINGAPORE CITIZEN,,0,6,A1,,A1,,,A1,A1,A1,A2,A1,,,,,,,,,,,,,,,,,A1,,,,,,,,,,,,,,,,,,,
20180239,F,IP (Y),Science,SCHOOL Y,NO RELIGION,SINGAPORE CITIZEN,,1.89,6,A1,A1,,,,A1,B3,B4,B3,A2,,,,,,,,,,,,,,,,,,,,A1,,,,,,,,,,,,,,,,
20180240,F,DSA,Arts,METHODIST GIRLS' SCHOOL (SECONDARY),CHRISTIAN,SINGAPORE CITIZEN,,,7,A1,,A1,,,A1,A2,B3,B3,,,,,,,,,A1,,,,,,,,,A1,,,,,,,,,,,,,,,,,,,
20180241,F,IP (Y),Science,SCHOOL Y,NO RELIGION,SINGAPORE CITIZEN,,2.39,6,B3,A2,,,,A1,A1,B3,A2,B3,,,,,,,,,,,,,,,,,,,,B4,,,,,,,C6,,,,,,,,,
20180242,M,IP (X),Science,SCHOOL X,CHRISTIAN,SINGAPORE CITIZEN,,2.38,6,A2,B4,,,,A1,A2,B3,A2,,,,,,,,,,,,B3,,,,,,,,,,,,A1,,,,,,,,,,,,,
20180243,F,IP (Y),Science,SCHOOL Y,CHRISTIAN,SINGAPORE CITIZEN,,2.83,6,B3,A2,,,,A1,B4,,B4,B3,,,,,,,,,,,A1,,,,,,,,,A2,,,,,,,,,,,,,,,,
20180244,M,IP (X),Science,SCHOOL X,BUDDHIST,SINGAPORE CITIZEN,,3,6,B4,B4,,,,A1,C5,A2,B4,,,,,,,,,,,A1,,,,,,,,,,,,,B3,,,,,,,,,,,,,
20180245,F,JAE Ordinary Admission,Science,ANDERSON SECONDARY SCHOOL,NO RELIGION,SINGAPORE CITIZEN,,0,6,A1,,A1,,,A1,A1,A2,A1,,,,,,,,,,,,A1,,,,,,A2,,,,,,,,,,,,,,,,,,,
20180246,M,IP (X),Science,SCHOOL X,CHRISTIAN,SINGAPORE CITIZEN,,1.3,6,A2,A2,,,,A1,A1,A1,A1,A1,,,,,,,,,,,,,,,,,,,,,,,A2,,,,,,,,,,,,,
20180247,F,IP (Y),Science,SCHOOL Y,CHRISTIAN,SINGAPORE CITIZEN,,3.94,6,A2,D7,,,,B4,E8,,B4,,,,,,,,,,,,A2,,,,,,,,,B3,,,,,,,,A1,C5,,C5,,,,,
20180248,F,JAE Ordinary Admission,Science,CHIJ KATONG CONVENT,ROMAN CATHOLICISM,SINGAPORE PR (MALAYSIAN),,0,7,A1,B3,A1,,,A1,A1,,A2,A2,,,,,,,,,,,A1,,,,,,,,A2,,,,,,,,,,,,,,,,,
20180249,F,IP (Y),Science,SCHOOL Y,NO RELIGION,SINGAPORE CITIZEN,,3.31,6,B4,D7,,,,A1,A1,B4,C5,,,,,,,,,,,,,,,,,,,,,A2,,,,,,,,,,C5,C5,,,,,
20180250,F,JAE Ordinary Admission,Science,SINGAPORE CHINESE GIRLS' SCHOOL,BUDDHIST,SINGAPORE CITIZEN,,0,7,A2,,A1,,,A1,A1,A2,A2,,,,,,,,,,,,A1,,,,,,,,A1,,,,,,,,,,,,,,,,,
20180251,F,IP (Y),Science,SCHOOL Y,NO RELIGION,SINGAPORE CITIZEN,,1.56,6,A1,A2,,,,A1,B3,,A1,A1,,,,,,,,A1,,,A1,,,,,,,,,,,,,,,,,,,,,,,,,
20180252,M,IP (X),Science,SCHOOL X,NO RELIGION,SINGAPORE CITIZEN,,2,6,B3,A2,,,,A1,A1,A2,A1,A2,,,,,,,,A2,,,,,,,,,,,,,,,A2,,,,,,,,,,,,,
20180253,M,IP (X),Science,SCHOOL X,NO RELIGION,SINGAPORE CITIZEN,,2.25,6,B4,B4,,,,A1,A1,A2,A1,,,,,,,,,,,,A2,,,,,,,,,,,,A2,,,,,,,,,,,,,
20180254,M,IP (X),Science,SCHOOL X,NO RELIGION,SINGAPORE CITIZEN,,2.44,6,B4,A2,,,,A1,A1,B4,B3,B3,,,,,,,,,,A2,,,,,,,,,,,,,A1,,,,,,,,,,,,,
20180255,M,IP (X),Science,SCHOOL X,CHRISTIAN,SINGAPORE CITIZEN,,2.4,6,A2,B3,,,,B3,B3,A2,B4,B4,,,,,,A2,,,,A1,,,,,,,,,,,,,A1,,,,,,,,,,,,,
20180256,F,IP (Y),Science,SCHOOL Y,NO RELIGION,SINGAPORE CITIZEN,,1.17,6,A1,A1,,,,A1,A1,A1,A1,A1,,,,,,,,,,,,,,,,,,,,A1,,,,,,,,,,,,,,,,
20180257,F,IP (Y),Science,SCHOOL Y,NO RELIGION,SINGAPORE CITIZEN,,1.61,6,A2,A2,,,,A1,A1,,A1,A1,,,,,,,,,,,A1,,,,,,,,,A2,,,,,,,,,,,,,,,,
20180258,F,IP (Y),Science,SCHOOL Y,CHRISTIAN,SINGAPORE CITIZEN,,1.33,6,A1,A2,,,,A1,A1,A1,A1,A1,,,,,,,,,,,,,,,,,,,,A1,,,,,,,,,,,,,,,,
20180259,F,DSA,Science,CHIJ ST. NICHOLAS GIRLS' SCHOOL,NO RELIGION,SINGAPORE CITIZEN,,,9,A2,A2,A1,,,A1,A2,A2,A2,A2,,,,,,,,A2,,,,,,,,,A1,,,,,,,,,,,,,,,,,,,
20180260,F,IP (Y),Science,SCHOOL Y,ROMAN CATHOLICISM,SINGAPORE CITIZEN,,1.94,6,A1,B3,,,,A2,C5,,A1,A2,,,,,,,,,,,A1,,,,,B3,,,,A2,,,,,,,,,,,,,,,,
20180261,F,IP (Y),Science,SCHOOL Y,CHRISTIAN,SINGAPORE PR (TAIWANESE),,2.88,6,B4,B4,,,,A2,B3,,B3,A2,,,,,,,,,,,,,,,,,,,,A1,,,,,,,,,,,,,,,,
20180262,M,DSA (CCA),Science,SCHOOL X,NO RELIGION,SINGAPORE CITIZEN,,,8,A1,A1,,,,A2,A1,A2,A2,,,,,,,,,,,,A1,,,,,,B3,,,,,,,,,,,,,,,,,,,
20180263,M,IP (X),Arts,SCHOOL X,NO RELIGION,SINGAPORE PR (CHINESE),,3,6,B3,A2,,,,B3,B4,B4,C5,,,,,,,,,,,,,,,,,,,,,,,,A2,,,,,,,,,,,,,
20180264,F,IP (Y),Arts,SCHOOL Y,NO RELIGION,SINGAPORE PR (CHINESE),,1,6,A1,A1,,,,A1,A1,A1,A1,A1,,,,,,,,,,,,,,,,,,,,A1,,,,,,,,,,,,,,,,
20180265,F,IP (Y),Science,SCHOOL Y,NO RELIGION,SINGAPORE PR (CHINESE),,1.44,6,B3,A1,,,,A1,A1,A1,A1,A2,,,,,,,,,,,,,,,,,,,,A1,,,,,,,,,,,,,,,,
20180266,F,JAE Ordinary Admission,Science,ANDERSON SECONDARY SCHOOL,NO RELIGION,SINGAPORE CITIZEN,,0,9,B3,A2,A1,,,A2,A1,A2,B3,,,,,,,,,,,,A1,,,,,,,,A1,,,,,,,,,,,,,,,,,
20180267,F,DSA (CCA),Science,SCHOOL Y,BUDDHIST,SINGAPORE PR (INDONESIAN),,,18,B3,B3,,,,A2,B3,,B3,A2,,,,,C5,,,,,,,,,,,,,,,,,,,,,,,,,,,,,,,
20180268,F,IP (Y),Science,SCHOOL Y,CHRISTIAN,SINGAPORE CITIZEN,,2,6,A1,B3,,,,A1,A2,A2,B3,A2,,,,,,,,,,,,,,,,,,,,A2,,,,,,,,,,,,,,,,
20180269,M,IP (X),Science,SCHOOL X,NO RELIGION,SINGAPORE PR (CHINESE),,2.2,6,B4,A1,,,,A1,A1,B3,B4,,,,,,,,,,,,,,,,,,,,,,,,B3,,,,,,,,,,,,,
20180270,M,JAE Ordinary Admission,Science,NAN HUA HIGH SCHOOL,NO RELIGION,SINGAPORE CITIZEN,,0,7,A2,B3,A2,,,A1,A1,A1,A2,A1,,,,,,,,,,,,,,,,,,A1,,,,,,,,,,,,,,,,,,
20180271,M,IP (X),Arts,SCHOOL X,BUDDHIST,SINGAPORE CITIZEN,,1.63,6,A1,A2,,,,A1,B3,A2,A2,,,,,,,,,A2,,,,,,,,,,,,,,,A1,,,,,,,,,,,,,
20180272,M,IP (X),Science,SCHOOL X,BUDDHIST,SINGAPORE CITIZEN,,1.78,6,A2,A2,,,,A1,A1,B3,A1,B3,,,,,,,,,,,A2,,,,,,,,,,,,A1,,,,,,,,,,,,,
20180273,M,JAE Ordinary Admission,Science,CHUNG CHENG HIGH SCHOOL (MAIN),NO RELIGION,SINGAPORE CITIZEN,,0,7,A2,B3,A1,,,A1,A2,A1,A1,A1,,,,,,,,,,,,,,,,,,A1,,,,,,,,,,,,,,,,,,
20180274,M,JAE Ordinary Admission,Science,NAN HUA HIGH SCHOOL,NO RELIGION,SINGAPORE CITIZEN,,0,7,A1,,B3,,,A1,A1,A1,A1,A1,,,,,,,,,,,,,,,,,,A2,,,,,,,,,,,,,,,,,,
20180275,M,JAE Ordinary Admission,Science,CHUNG CHENG HIGH SCHOOL (MAIN),BUDDHIST,SINGAPORE CITIZEN,,0,6,C6,A1,A1,,,A1,A1,A2,A1,,,,,,,,,,,,A1,,,,,,A1,,,,,,,,,,,,,,,,,,,
20180276,M,IP (X),Science,SCHOOL X,BUDDHIST,SINGAPORE CITIZEN,,1.8,6,A1,A2,,,,A1,B3,A2,A1,A2,,,,,,,,,A1,,A2,,,,,,,,,,,,B3,,,,,,,,,,,,,
20180277,F,IP (Y),Science,SCHOOL Y,NO RELIGION,SINGAPORE CITIZEN,,1.61,6,A2,A2,,,,A1,A1,A1,A1,A1,,,,,,,,,,,,,,,,,,,,A2,,,,,,,,,,,,,,,,
20180278,F,IP (Y),Science,SCHOOL Y,NO RELIGION,SINGAPORE CITIZEN,,2.4,6,B4,B4,,,,A1,A1,A2,A1,A1,,,,,,,,,,,,,,,,C5,,,,B4,,,,,,,,,,,,,,,,
20180279,M,IP (X),Science,SCHOOL X,NO RELIGION,MALAYSIAN,,1.6,6,B4,A2,,,,A1,A1,A2,A1,,,,,,,,,,A1,,,,,,,,,,,,,,B3,,,,,,,,,,,,,
20180280,M,IP (X),Science,SCHOOL X,NO RELIGION,SINGAPORE CITIZEN,,2,6,B3,A2,,,,A1,A2,A2,A2,,,,,,,,,,,,B3,,,,,,,,,,,,A2,,,,,,,,,,,,,
20180281,M,DSA,Science,NAN HUA HIGH SCHOOL,NO RELIGION,CHINESE,,,6,A1,A1,A1,,,A1,A1,A1,A1,A1,,,,,,,,,A1,,,,,,,,,A1,,,,,,,,,,,,,,,,,,
20180282,M,IP (X),Science,SCHOOL X,NO RELIGION,SINGAPORE CITIZEN,,1.6,6,A1,A2,,,,A1,A1,A2,A1,A2,,,,,,,,B3,,,,,,,,,,,,,,,A1,,,,A1,,,,,,,,,
20180283,F,IP (Y),Science,SCHOOL Y,CHRISTIAN,SINGAPORE CITIZEN,,1.17,6,A1,A1,,,,A1,A1,A1,A1,A1,,,,,,,,,,,,,,,,,,,,A1,,,,,,,,,,,,,,,,
20180284,M,JAE Ordinary Admission,Science,NAN HUA HIGH SCHOOL,BUDDHIST,SINGAPORE CITIZEN,,0,8,B4,B3,B3,,,A1,A1,A1,A1,A1,,,,,,,,,,,,,,,,,,A1,,,,,,,,,,,,,,,,,,
20180285,F,DSA (CCA),Science,METHODIST GIRLS' SCHOOL (SECONDARY),NO RELIGION,SINGAPORE CITIZEN,,,10,B3,A2,A1,,,A2,A1,A2,A2,,,,,,A1,,,,,B3,,,,,,,,,,,,,,,,,,,,,,,,,,
20180286,F,JAE Ordinary Admission,Science,WHITLEY SECONDARY SCHOOL,NO RELIGION,SINGAPORE PR (CHINESE),,0,6,B3,A1,A1,,,A1,A1,A1,A1,,,,,,,,,,,,,,,,,,A1,,,,,,,,,,,,,,,,,,,
20180287,M,JAE Ordinary Admission,Science,MARIS STELLA HIGH SCHOOL,NO RELIGION,SINGAPORE CITIZEN,,0,7,A2,,A1,,,A1,A1,A1,A1,A1,,,,,,,,,,,,,,,,,A1,,,,,,,,,,,,,,,,,,,
20180288,F,JAE Ordinary Admission,Science,ANGLICAN HIGH SCHOOL,NO RELIGION,SINGAPORE CITIZEN,,0,6,A1,B3,B3,,,A1,A1,A1,A1,,,,,,,,,,,,,,,,,,,A1,,,,,,,,,,,,,,,,,,
20180289,F,IP (Y),Science,SCHOOL Y,ROMAN CATHOLICISM,SINGAPORE CITIZEN,,2.78,6,A2,B3,,,,A1,C6,,B3,A2,,,,,,,,,,,A1,,,,,,,,,B3,,,,,,,,,,,,,,,,
20180290,M,IP (X),Science,SCHOOL X,ROMAN CATHOLICISM,SINGAPORE CITIZEN,,3.13,6,B3,E8,,,,B3,A2,B3,B3,,,,,,,,,,,,B3,,,,,,,,,,,,A2,,,,,A1,,,,,,,,
20180291,F,IP (Y),Science,SCHOOL Y,BUDDHIST,SINGAPORE CITIZEN,,1.67,6,A2,A1,,,,A1,A1,B3,A2,A1,,,,,,,,,,,,,,,,,,,,A1,,,,,,,,,,,,,,,,
20180292,M,JAE Ordinary Admission,Science,NAN HUA HIGH SCHOOL,CHRISTIAN,SINGAPORE CITIZEN,,0,7,A2,,B4,,,A1,A1,A1,A1,A1,,,,,,,,,,,,,,,,B4,,A1,,,,,,,,,,,,,,,,,,
20180293,M,JAE Ordinary Admission,Science,NAN HUA HIGH SCHOOL,NO RELIGION,SINGAPORE CITIZEN,,0,7,A1,,A2,,,A1,A2,A1,A2,A1,,,,,,,,,,,,,,,,,A1,,,,,,,,,,,,,,,,,,,
20180294,M,JAE Ordinary Admission,Science,NAN HUA HIGH SCHOOL,CHRISTIAN,SINGAPORE CITIZEN,,0,8,A1,C5,A2,,,A1,A1,A2,A2,A2,,,,,,,,,,,,,,,,,,A1,,,,,,,,,,,,,,,,,,
20180295,M,IP (X),Science,SCHOOL X,NO RELIGION,SINGAPORE CITIZEN,,1.5,6,A1,A2,,,,A1,A1,A1,A2,,,,,,,,,,,,B3,,,,,,,,,,,,A1,,,,,,,,,,,,,
20180296,M,IP (X),Science,SCHOOL X,NO RELIGION,SINGAPORE CITIZEN,,2,6,A2,B3,,,,A1,A1,A1,A1,,,,,,,,,,,,A2,,,,,,,,,,,,B4,,,,,,,,,,,,,
20180297,F,IP (Y),Science,SCHOOL Y,NO RELIGION,SINGAPORE CITIZEN,,1.67,6,A2,A2,,,,A1,A1,A1,A1,,,,,,,,,,,,A1,,,,,,,,,A1,,,,,,,,,,,,,,,,
20180298,F,IP (Y),Science,SCHOOL Y,BUDDHIST,SINGAPORE CITIZEN,,1.5,6,A2,B4,,,,A1,A1,A1,A1,A1,,,,,,,,,,,,,,,,,,,,A1,,,,,,,,,,,,,,,,
20180299,F,JAE Ordinary Admission,Science,CHIJ ST. NICHOLAS GIRLS' SCHOOL,NO RELIGION,SINGAPORE CITIZEN,,0,8,A2,A2,A1,,,A1,A1,A1,A1,,,,,,,,,,,A2,,,,,,,,,B3,,,,,,,,,,,,,,,,,
20180300,F,JAE Ordinary Admission,Arts,CEDAR GIRLS' SECONDARY SCHOOL,NO RELIGION,SINGAPORE CITIZEN,,0,8,A1,A2,A1,,,A1,A2,,A2,A2,,,,,,,,,,,A2,,,,,,A1,,,,,,,,,,,,,,,,,,,
20180301,F,JAE Ordinary Admission,Science,CHIJ ST. NICHOLAS GIRLS' SCHOOL,NO RELIGION,SINGAPORE CITIZEN,,0,8,A1,C6,B3,,,A1,A1,A1,A2,,,,,,,,,A2,,,,,,,,,A2,,,,,,,,,,,,,,,,,,,
20180302,F,JAE Ordinary Admission,Science,NAN CHIAU HIGH SCHOOL,BUDDHIST,SINGAPORE CITIZEN,,0,8,A2,A2,A1,,,A1,A2,,A2,A2,,,,,,,,,,A1,,,,,,,,A1,,,,,,,,,,,,,,,,,,
20180303,F,IP (Y),Science,SCHOOL Y,CHRISTIAN,SINGAPORE CITIZEN,,2.39,6,A2,B3,,,,A1,B3,C5,B3,,,,,,,,,,,,A1,,,,,,,,,A1,,,,,,,,,,,,,,,,
20180304,F,IP (Y),Science,SCHOOL Y,CHRISTIAN,SINGAPORE CITIZEN,,1.44,6,A1,B3,,,,A1,A2,A1,A1,A1,,,,,,,,,,,,,,,,,,,,A1,,,,,,,,,,,,,,,,
20180305,F,IP (Y),Science,SCHOOL Y,CHRISTIAN,SINGAPORE CITIZEN,,1,6,A1,A2,,,,A1,A1,A1,A1,A1,,,,,,,,,,,,,,,,,,,,A1,,,,,A1,,,,,,,,,,,
20180306,M,IP (X),Science,SCHOOL X,BUDDHIST,SINGAPORE CITIZEN,,1.78,6,A1,B3,,,,A1,A2,A2,A2,A1,,,,,,,,,,,B3,,,,,,,,,,,,A1,,,,,,,,,,,,,
20180307,M,IP (X),Arts,SCHOOL X,NO RELIGION,SINGAPORE CITIZEN,,2.44,6,B4,A1,,,,A1,A2,B4,C5,,,,,,,,,,,,,,,,,,,,,,,,A2,,,,,,,,,,,,,
20180308,M,IP (X),Science,SCHOOL X,NO RELIGION,SINGAPORE PR (CHINESE),,1.22,6,A1,A1,,,,A1,A1,A1,A1,A1,,,,,,,,B3,,,,,,,,,,,,,,,A1,,,,,,,,,,,,,
20180309,F,JAE Ordinary Admission,Arts,MARSILING SECONDARY SCHOOL,CHRISTIAN,CHINESE,,0,9,B3,A1,A1,,,A1,A1,A2,B3,,,,,,,,,,,,,,,,,,,A1,,,,,,,,,,,,,,,,,,
20180310,F,IP (Y),Arts,SCHOOL Y,CHRISTIAN,SINGAPORE CITIZEN,,2.11,6,A1,A1,,,,B3,C6,,B3,A1,,,,,,,,A2,,,A1,,,,,,,,,,,,,,,,,,,,,,,,,
20180311,M,IP (X),Arts,SCHOOL X,NO RELIGION,SINGAPORE PR (CHINESE),,2.58,6,C5,A1,,,,A1,C6,B3,C5,,,,,,,,,,A1,,,,,,,,,,,,,,B4,,,,,,,,,,,,,
20180312,F,IP (Y),Science,SCHOOL Y,BUDDHIST,SINGAPORE CITIZEN,,2.17,6,B3,A2,,,,A1,A2,B3,A2,A2,,,,,,,,,,,,,,,,,,,,A2,,,,,,,,,,,,,,,,
20180313,M,JAE Ordinary Admission,Arts,ANGLICAN HIGH SCHOOL,CHRISTIAN,SINGAPORE CITIZEN,,0,7,A2,B3,A1,,,A1,A1,A1,A1,,,,,,,,,A1,,,,,,,,,,A1,,,,,,,,,,,,,,,,,,
20180314,F,IP (Y),Science,SCHOOL Y,NO RELIGION,SINGAPORE CITIZEN,,1.67,6,B4,B3,,,,A1,A1,A1,A1,A1,,,,,,,,,,,,,,,,,,,,A1,,,,,,,,,,,,,,,,
20180315,M,IP (X),Science,SCHOOL X,NO RELIGION,SINGAPORE CITIZEN,,2.22,6,B3,B3,,,,A1,A1,B3,A1,A1,,,,,,,,A2,,,,,,,,,,,,,,,B4,,,,,,,,,,,,,
20180316,F,JAE Ordinary Admission,Science,NAN HUA HIGH SCHOOL,NO RELIGION,SINGAPORE CITIZEN,,0,7,A1,C6,A2,,,A1,A1,A2,A1,A2,,,,,,,,,,,A1,,,,,,A2,,,,,,,,,,,,,,,,,,,
20180317,F,JAE Ordinary Admission,Science,NAN HUA HIGH SCHOOL,NO RELIGION,SINGAPORE CITIZEN,,0,6,A1,A2,A1,,,A1,B3,,B3,B3,,,,,,,,A1,,,,,,,A1,,,A1,,,,,,,,,,,,,,,,,,
20180318,F,DSA (CCA),Science,CRESCENT GIRLS' SCHOOL,CHRISTIAN,SINGAPORE CITIZEN,,,12,B3,,B3,,,A1,B3,A2,B3,A2,,,,,A1,,,,,,,,,,,,,,,,,,,,,,,,,,,,,,,
20180319,M,JAE Ordinary Admission,Science,CATHOLIC HIGH SCHOOL,NO RELIGION,INDONESIAN,,0,6,A1,B3,A1,,,A1,A1,A1,A1,A1,,,,,,,,,,,A2,,,,,,A1,,,,,,,,,,,,,,,,,,,
20180320,F,JAE Ordinary Admission,Science,CHIJ ST. NICHOLAS GIRLS' SCHOOL,NO RELIGION,SINGAPORE CITIZEN,,0,6,A1,B3,A1,,,A1,A2,A1,A1,,,,,,,,,,,A1,,,,,,,,,A1,,,,,,,,,,,,,,,,,
20180321,F,DSA,Science,BUKIT PANJANG GOVT. HIGH SCHOOL,BUDDHIST,MYANMAR,,,6,A2,A1,A1,,,A1,A1,A1,A2,A1,,,,,,,,,,,A1,,,,,,,,A1,,,,,,,,,,,,,,,,,
20180322,F,IP (Y),Science,SCHOOL Y,NO RELIGION,SINGAPORE CITIZEN,,1.4,6,B3,A1,,,,A1,A1,A2,A1,A1,,,,,,,,,,,,,,,,,,,,A1,,,,,,,B3,,,,,,,,,
20180323,M,JAE Ordinary Admission,Science,NAN HUA HIGH SCHOOL,NO RELIGION,SINGAPORE CITIZEN,,0,8,B3,A2,A2,,,A1,A1,A2,A2,A1,,,,,,,,,,,,,,,,,A1,,,,,,,,,,,,,,,,,,,
20180324,F,IP (Y),Science,SCHOOL Y,NO RELIGION,SINGAPORE PR (AMERICAN),,1,6,A1,A1,,,,A1,A1,A1,A1,A1,,,,,,,,,,,,,,,,,,,,A1,,,,,,,A2,,,,,,,,,
20180325,F,IP (Y),Science,SCHOOL Y,NO RELIGION,SINGAPORE CITIZEN,,1.17,6,A1,A1,,,,A1,A1,,A1,A1,,,,,,,,,,,A1,,,,,,,,,A1,,,,,,,,,,,,,,,,
20180326,F,JAE Ordinary Admission,Science,CRESCENT GIRLS' SCHOOL,NO RELIGION,SINGAPORE CITIZEN,,0,6,A1,,A1,,,A1,A1,A2,A2,,,,,,,,,,,,A1,,,,,,A1,,,,,,,,,,,,,,,,,,,
20180327,M,JAE Ordinary Admission,Science,MARIS STELLA HIGH SCHOOL,BUDDHIST,SINGAPORE PR (MALAYSIAN),,0,7,A2,A2,A1,,,A1,A1,A2,A1,A1,,,,,,,,,,,,,,,,,,A1,,,,,,,,,,,,,,,,,,
20180328,M,JAE Ordinary Admission,Science,XINMIN SECONDARY SCHOOL,NO RELIGION,SINGAPORE CITIZEN,,0,7,A2,,A1,,,A1,A1,A2,A2,A1,,,,,,,,,,,,,,,,,,A1,,,,,,,,,,,,,,,,,,
20180329,M,IP (X),Science,SCHOOL X,NO RELIGION,SINGAPORE CITIZEN,,1.5,6,A2,B3,,,,A1,A1,A1,A1,,,,,,,,,,,,A1,,,,,,,,,,,,A1,,,,,,,,,,,,,
20180330,F,JAE Ordinary Admission,Science,CHIJ ST. NICHOLAS GIRLS' SCHOOL,BUDDHIST,SINGAPORE CITIZEN,,0,8,A2,A2,A1,,,A2,A2,A1,A2,A1,,,,,,,,,,,A1,,,,,,,,C5,,,,,,,,,,,,,,,,,
20180331,M,IP (X),Arts,SCHOOL X,NO RELIGION,SINGAPORE CITIZEN,,1.2,6,A1,A1,,,,A1,A1,B3,A1,,,,,,,,,A1,,,,,,,,,,,,,,A1,F9,,,,,,,,,,,,,
20180332,M,DSA (CCA),Science,SCHOOL X,CHRISTIAN,SINGAPORE CITIZEN,,,12,A1,C5,,,,B3,B4,A2,B3,,,,,,,,,,,,A2,,,,,,A1,,,,,,,,,,,,,,,,,,,
20180333,M,JAE Ordinary Admission,Arts,ZHONGHUA SECONDARY SCHOOL,ROMAN CATHOLICISM,SINGAPORE CITIZEN,,0,6,A1,C6,A1,,,A1,A1,A1,A2,,,,,,,,,A1,,,,,,,,,A1,,,,,,,,,,,,,,,,,,,
20180334,F,JAE Ordinary Admission,Science,CHIJ ST. NICHOLAS GIRLS' SCHOOL,NO RELIGION,SINGAPORE CITIZEN,,0,6,A1,B3,A1,,,A1,A1,,A2,A1,,,,,,,,,,,A1,,,,,,A1,,,,,,,,,,,,,,,,,,,
20180335,F,IP (Y),Science,SCHOOL Y,NO RELIGION,SINGAPORE CITIZEN,,3.78,6,B3,B3,,,,A2,E8,,C6,B4,,,,,,,,,,,B3,,,,,,,,,A2,,,,,,,,,A1,,A2,,,,,
20180336,M,IP (X),Science,SCHOOL X,CHRISTIAN,SINGAPORE CITIZEN,,1,6,A1,A1,,,,A1,A1,A1,A1,A1,,,,,,,,,,,A1,,,,,,,,,,,,A1,,,,,,,,,,,,,
20180337,F,IP (Y),Science,SCHOOL Y,NO RELIGION,SINGAPORE PR (TAIWANESE),,3.44,6,A2,C5,,,,A1,C6,B4,B4,B4,,,,,,,,,,,,,,,,,,,,B3,,,,,,,,,A2,,C6,,,,,
20180338,F,IP (Y),Science,SCHOOL Y,NO RELIGION,SINGAPORE CITIZEN,,1.4,6,A2,A2,,,,A1,A1,A1,A1,A1,,,,,,,,,,,,,,,,,,,,A1,,,,,,,,,,,,,,,,
20180339,M,IP (X),Science,SCHOOL X,NO RELIGION,SINGAPORE CITIZEN,,1.56,6,A2,A1,,,,A1,A1,A1,A1,A1,,,,,,,,,,A1,,,,,,,,,,,,,A2,,,,,,,,,,,,,
20180340,F,IP (Y),Science,SCHOOL Y,NO RELIGION,SINGAPORE PR (CHINESE),,2.33,6,B4,A1,,,,A1,B3,B4,A2,,,,,,,,,,A1,,,,,,,,,,,A1,,,,,,,,,,,,,,,,
20180341,F,IP (Y),Science,SCHOOL Y,BUDDHIST,SINGAPORE CITIZEN,,2.83,6,A2,A2,,,,A1,B4,B4,B3,A2,,,,,,,,,,,,,,,,,,,,A1,,,,,B3,,,,,,,,,,,
20180342,F,JAE Ordinary Admission,Science,ANGLICAN HIGH SCHOOL,NO RELIGION,SINGAPORE CITIZEN,,0,8,B3,A1,A1,,,A1,A2,,A2,A1,,,,,,,,,,,,,,,,,,A1,,,,,,,,,,,,,,,,,,
20180343,F,IP (Y),Arts,SCHOOL Y,CHRISTIAN,SINGAPORE CITIZEN,,3.5,6,B4,B4,,,,A2,C5,,B4,B4,,,,,,,,,,B3,,,,,,,,,,B3,,,,,,,,,A1,,,,B3,,,
20180344,M,IP (X),Science,SCHOOL X,CHRISTIAN,SINGAPORE CITIZEN,,2.75,6,A2,A2,,,,A1,B4,A2,B3,,,,,,,,,,,,B4,,,,,,,,,,,,B3,,,,,,,,,,,,,
20180345,M,JAE Ordinary Admission,Science,NEW TOWN SECONDARY SCHOOL,CHRISTIAN,SINGAPORE CITIZEN,,0,7,A2,A2,A1,,,A1,A1,,A1,A2,,,,,,,,,,,,,,,,,,A1,,,,,,,,,,,,,,,,,,
20180346,M,IP (X),Science,SCHOOL X,BUDDHIST,SINGAPORE CITIZEN,,1.56,6,B4,B4,,,,A1,A1,A1,A1,A1,,,,,,,,A1,,,,,,,,,,,,,,,A1,,,,,,,,,,,,,
20180347,M,IP (X),Arts,SCHOOL X,CHRISTIAN,SINGAPORE CITIZEN,,2.56,6,A1,B3,,,,A1,C6,A1,B4,,,,,,,,,,,,B3,,,,,,,,,,,,A2,,,A1,,,,,,,,,,
20180348,F,JAE Ordinary Admission,Arts,CRESCENT GIRLS' SCHOOL,NO RELIGION,SINGAPORE CITIZEN,,0,7,A1,B3,A2,,,A1,A1,A2,A2,,,,,,,,,,,A1,,,,,,,,,A1,,,,,,,,,,,,,,,,,
20180349,M,IP (X),Science,SCHOOL X,NO RELIGION,SINGAPORE CITIZEN,,3.63,6,B3,C6,,,,A1,C6,B3,B3,,,,,,,,,,,,B4,,,,,,,,,,,,C5,,,,,,A2,,,,,B3,,
20180350,F,JAE Ordinary Admission,Science,ZHONGHUA SECONDARY SCHOOL,NO RELIGION,SINGAPORE CITIZEN,,0,8,B3,B3,A2,,,A1,A1,A1,A1,A1,,,,,,,,,,,,,,,,,,A1,,,,,,,,,,,,,,,,,,
20180351,F,IP (Y),Science,SCHOOL Y,BUDDHIST,SINGAPORE CITIZEN,,1.33,6,A2,A2,,,,A1,A1,A1,A1,A1,,,,,,,,,,,,,,,,,,,,A1,,,,,,,,,,,,,,,,
20180352,F,IP (Y),Science,SCHOOL Y,NO RELIGION,SINGAPORE CITIZEN,,1.22,6,A1,A1,,,,A1,A1,,A1,A1,,,,,,,,A2,,,,,,,,,,,,A2,,,,,,,,,,,,,,,,
20180353,M,IP (X),Science,SCHOOL X,BUDDHIST,SINGAPORE CITIZEN,,1.89,6,A1,B3,,,,A1,B3,A2,A2,A2,,,,,,,,,,A1,,,,,,,,,,,,,A1,,,,,,,,,,,,,
20180354,M,IP (X),Science,SCHOOL X,CHRISTIAN,SINGAPORE CITIZEN,,2.25,6,B3,B4,,,,A1,A1,B3,A1,,,,,,,,,,,,B4,,,,,,,,,,,,A2,,,,,,,,,,,,,
20180355,M,JAE Ordinary Admission,Science,NAN HUA HIGH SCHOOL,BUDDHIST,SINGAPORE CITIZEN,,0,7,A2,,B3,,,A1,A1,A1,A1,A2,,,,,,,,,,,,,,,,,A1,,,,,,,,,,,,,,,,,,,
20180356,F,IP (Y),Science,SCHOOL Y,BUDDHIST,SINGAPORE CITIZEN,,1,6,A1,A2,,,,A1,A1,A1,A1,A1,,,,,,,,,,,,,,,,A1,,,,A1,,,,,,,,,,,,,,,,
20180357,F,IP (Y),Science,SCHOOL Y,CHRISTIAN,SINGAPORE CITIZEN,,2.78,6,A2,A2,,,,A1,C5,B4,B3,A1,,,,,,,,,,,,,,,,,,,,A2,,,,,,,,,,,,,,,,
20180358,F,IP (Y),Arts,SCHOOL Y,NO RELIGION,SINGAPORE CITIZEN,,3.67,6,B3,A2,,,,B3,D7,,B4,C6,,,,,,,,,,,B3,,,,,,,,,A1,,,,,,,,A1,C5,,D7,,,,,
20180359,M,IP (X),Science,SCHOOL X,NO RELIGION,"KOREAN, SOUTH",,2.22,6,A2,C6,,,,A1,A1,A2,A1,,,,,,,,,,,,,,,,,,,,,,,,C5,,,,,,,,,,,,,
20180360,M,IP (X),Science,SCHOOL X,CHRISTIAN,SINGAPORE CITIZEN,,3.13,6,A2,F9,B3,,,A1,A2,A2,B3,,,,,,,,,,,,B3,,,,,,,,,,,,C6,,,,,,,,,,,B3,,
20180361,M,JAE Ordinary Admission,Science,NAN HUA HIGH SCHOOL,ROMAN CATHOLICISM,SINGAPORE CITIZEN,,0,7,A2,,A1,,,A1,A1,A2,A1,A1,,,,,,,,,,,A1,,,,,,A1,,,,,,,,,,,,,,,,,,,
20180362,M,IP (X),Science,SCHOOL X,NO RELIGION,SINGAPORE CITIZEN,,1.89,6,B3,B3,,,,A1,A1,B3,A1,A1,,,,,,,,,,,A1,,,,,,,,,,,,B3,,,,,,,,,,,,,
20180363,M,IP (X),Science,SCHOOL X,NO RELIGION,SINGAPORE CITIZEN,,1.4,6,A1,B3,,,,A1,A1,B3,A1,A1,,,,,,,,,,,A1,,,,,A2,,,,,,,A1,,,,,,,,,,,,,
20180364,F,IP (Y),Arts,SCHOOL Y,OTHERS,SINGAPORE CITIZEN,,3.94,6,B3,C6,,,,B4,D7,,B4,B4,,,,,,,,,,,,,,,,,,,,A2,,,,,,,,A2,C5,,C5,,,,,
20180365,F,IP (Y),Science,SCHOOL Y,NO RELIGION,SINGAPORE CITIZEN,,1,6,A1,A1,,,,A1,A1,A1,A1,A1,,,,,,,,,,,,,,,,,,,,A1,,,,,,,,,,,,,,,,
20180366,M,JAE Ordinary Admission,Science,NAN HUA HIGH SCHOOL,CHRISTIAN,SINGAPORE PR (MALAYSIAN),,0,6,A1,,A1,,,A1,A1,A1,A1,A2,,,,,,,,,,,,,,,,,A1,,,,,,,,,,,,,,,,,,,
20180367,M,DSA,Science,SCHOOL X,NO RELIGION,SINGAPORE CITIZEN,,,8,A2,C6,B3,,,A1,A1,A2,B3,,,,,,,,,,,,A1,,,,,,A1,,,,,,,,,,,,,,,,,,,
20180368,F,IP (Y),Science,SCHOOL Y,NO RELIGION,SINGAPORE CITIZEN,,2.25,6,A1,B4,,,,A1,B4,,B3,B3,,,,,,,,,,,,,,,,,,,,A1,,,,,,,,,,,,,,,,
20180369,M,IP (X),Science,SCHOOL X,NO RELIGION,SINGAPORE CITIZEN,,2.13,6,B4,C6,,,,A1,A1,A2,A1,,,,,,,,,,,,B4,,,,,,,,,,,,A2,,,,,,,,,,,,,
20180370,F,IP (Y),Science,SCHOOL Y,NO RELIGION,SINGAPORE CITIZEN,,1.17,6,A2,A1,,,,A1,A1,A1,A1,A1,,,,,,,,,,,,,,,,,,,,A1,,,,,,,,,,,,,,,,
20180371,F,JAE Ordinary Admission,Science,QUEENSTOWN SECONDARY SCHOOL,NO RELIGION,SINGAPORE PR (CHINESE),,0,8,B3,A1,A1,,,A2,A1,A1,A2,,,,,,,,,,,,,,,,,,,A1,,,,,,,,,,,,,,,,,,
20180372,M,IP (X),Science,SCHOOL X,NO RELIGION,SINGAPORE CITIZEN,,1.91,6,B4,A2,,,,A1,A1,B4,A1,B3,,,,,,,,,A1,,,,,,,,,,,,,,B3,,,,,,,,,,,,,
20180373,F,JAE Ordinary Admission,Science,BUKIT VIEW SECONDARY SCHOOL,NO RELIGION,CHINESE,,0,9,C5,A1,A1,,,A1,A1,A2,A2,,,,,,,,,,,,,A2,,,,,,A2,,,,,,,,,,,,,,,,,,
20180374,F,DSA (CCA),Science,CEDAR GIRLS' SECONDARY SCHOOL,NO RELIGION,SINGAPORE CITIZEN,,,14,B3,F9,B3,,,A2,A1,A2,B3,,,,,,B3,,,B3,,,,,,,,,,,,,,,,,,,,,,,,,,,,
20180375,F,IP (Y),Science,SCHOOL Y,CHRISTIAN,SINGAPORE PR (MALAYSIAN),,1.55,6,A1,B3,,,,A1,A1,A1,A1,,,,,,,,,,,,A2,,,,,,,,,A1,,,,,,,,,,,,,,,,
20180376,M,DSA (CCA),Science,ST. ANDREW'S SECONDARY SCHOOL,CHRISTIAN,SINGAPORE CITIZEN,,,10,A2,,C6,,,A1,A1,A2,A2,,,,,,,,,,,,A2,,,,,,B3,,,,,,,,,,,,,,,,,,,
20180377,F,JAE Ordinary Admission,Arts,NAN CHIAU HIGH SCHOOL,NO RELIGION,SINGAPORE CITIZEN,,0,8,B3,A1,A1,,,A1,A1,B4,B4,,,,,,,,,A1,,,,,,,,,A1,,,,,,,,,,,,,,,,,,,
20180378,M,IP (X),Science,SCHOOL X,TAOIST,SINGAPORE CITIZEN,,1.09,6,A2,A1,,,,A1,A1,A1,A1,A1,,,,,,,,,,,,,,,,A1,,,,,,,A1,,,,,,,,,,,,,
20180379,M,JAE Ordinary Admission,Science,CATHOLIC HIGH SCHOOL,ROMAN CATHOLICISM,SINGAPORE CITIZEN,,0,6,A1,C5,B3,,,A1,A1,A1,A2,A2,,,,,,,,,,A1,,,,,,,,A1,,,,,,,,,,,,,,,,,,
20180380,M,IP (X),Science,SCHOOL X,NO RELIGION,SINGAPORE CITIZEN,,2.11,6,A2,B4,,,,A1,B4,A2,A1,A1,,,,,,,,B3,,,,,,,,,,,,,,,A1,,,,,,,,,,,,,
20180381,M,JAE Ordinary Admission,Science,WEST SPRING SECONDARY SCHOOL,NO RELIGION,SINGAPORE CITIZEN,,0,6,A1,,B3,,,A1,A1,,,,A1,,,A1,,,,,,,,,,,,,,A1,,,,,,,,,,,,,,,,,,
20180382,M,IP (X),Science,SCHOOL X,CHRISTIAN,SINGAPORE CITIZEN,,3,6,B3,B4,,,,A1,B3,A2,B4,B4,,,,,,,,,,,B3,,,,,,,,,,,,B3,,,,,,,,,,,,,
20180383,F,JAE Ordinary Admission,Arts,CRESCENT GIRLS' SCHOOL,NO RELIGION,SINGAPORE CITIZEN,,0,8,A1,B3,A2,,,A2,B3,,B3,A1,,,,,,,,A1,,,,,,,,,A1,,,,,,,,,,,,,,,,,,,
20180384,M,JAE Ordinary Admission,Science,ST. JOSEPH'S INSTITUTION,NO RELIGION,SINGAPORE CITIZEN,,0,6,A1,,A1,,,A1,A1,A1,B3,,,,,,,,,,,,,,,,,,A1,,,,,,,,,,,,,,,,,,,
20180385,M,IP (X),Science,SCHOOL X,NO RELIGION,SINGAPORE CITIZEN,,1.67,6,B3,A2,,,,A1,A1,A2,A1,,,,,,,,,,,,,,,,,,,,,,,,A1,,,,,,,,,,,,,
20180386,M,JAE Ordinary Admission,Arts,"SCHOOL OF SCIENCE AND TECHNOLOGY, SINGAPORE",CHRISTIAN,SINGAPORE CITIZEN,,0,9,A1,B3,A2,A2,,A2,A2,A1,A2,,,,,,,,,,,,,,,,,,,A1,,,,,,,,,,,,,,,,,,
20180387,M,IP (X),Science,SCHOOL X,CHRISTIAN,SINGAPORE CITIZEN,,1.5,6,B3,A2,,,,A1,A1,A2,A1,A1,,,,,,,,,,,,,,,,,,,,,,,A1,,,,,,,,,,,,,
20180388,M,DSA (CCA),Science,CATHOLIC HIGH SCHOOL,ROMAN CATHOLICISM,SINGAPORE CITIZEN,,,12,A2,,C6,,,A1,A2,B3,A2,,,A1,,,,,,,,,,,,,,,B4,,,,,,,,,,,,,,,,,,,
20180389,F,JAE Ordinary Admission,Science,ANGLICAN HIGH SCHOOL,NO RELIGION,SINGAPORE CITIZEN,,0,6,A1,A2,A1,,,A1,A1,A1,A1,A1,,,,,,,,,,,,,,,,,,A1,,,,,,,,,,,,,,,,,,
20180390,F,IP (Y),Science,SCHOOL Y,NO RELIGION,SINGAPORE CITIZEN,,1.17,6,A1,A2,,,,A1,A1,A1,A1,A1,,,,,,,,,,,,,,,,,,,,A1,,,,,,,,,,,,,,,,
20180391,F,IP (Y),Science,SCHOOL Y,CHRISTIAN,SINGAPORE CITIZEN,,2.94,6,B3,B3,,,,A2,B4,B4,B3,,,,,,,,,,,,A2,,,,,,,,,A1,,,,,,,,,,,,,,,,
20180392,F,IP (Y),Science,SCHOOL Y,CHRISTIAN,SINGAPORE CITIZEN,,1.33,6,A2,A2,,,,A1,A1,A1,A1,A1,,,,,,,,,,,,,,,,,,,,A1,,,,,B3,,,,,,,,,,,
20180393,F,DSA (CCA),Arts,TEMASEK SECONDARY SCHOOL,CHRISTIAN,SINGAPORE CITIZEN,,,7,A2,,C6,,,A1,A1,,,,A1,,,,,,,,,,A1,,,,,A2,,,A1,,,,,,,,,,,,,,,,,
20180394,F,IP (Y),Arts,SCHOOL Y,CHRISTIAN,SINGAPORE CITIZEN,,2.22,6,A1,A2,,,,A2,B4,,A1,A2,,,,,,,,A1,,A1,,,,,,,,,,,,,,,,,,,,,,,,,,
20180395,F,IP (Y),Science,SCHOOL Y,NO RELIGION,SINGAPORE CITIZEN,,1.72,6,B3,A1,,,,A1,A1,B3,A1,,,,,,,,,,,A1,,,,,,,,,,A1,,,,,,,,,,,,,,,,
20180396,F,IP (Y),Science,SCHOOL Y,NO RELIGION,SINGAPORE CITIZEN,,2.94,6,A2,A2,,,,B3,B3,B4,A2,B3,,,,,,,,,,,,,,,,,,,,B4,,,,,,,,,,,,,,,,
20180397,F,IP (Y),Science,SCHOOL Y,NO RELIGION,SINGAPORE CITIZEN,,3.5,6,B4,A1,,,,A2,B3,C5,B4,B4,,,,,,,,,,,,,,,,,,,,B3,,,,,,,,,A1,,B4,,B4,,,
20180398,M,JAE Ordinary Admission,Science,CATHOLIC HIGH SCHOOL,NO RELIGION,SINGAPORE CITIZEN,,0,7,A1,B3,A1,,,A1,A1,A2,A1,A2,,,,,,,,,,A2,,,,,,,,A2,,,,,,,,,,,,,,,,,,
20180399,M,IP (X),Science,SCHOOL X,BUDDHIST,MALAYSIAN,,2,6,B3,A2,,,,A1,A2,B3,A1,A2,,,,,,,,,,,,,,,,,,,,,,,B3,,,,,,,,,,,,,
20180400,M,IP (X),Science,SCHOOL X,NO RELIGION,SINGAPORE CITIZEN,,1.33,6,B3,A1,,,,A1,A1,A2,A1,A1,,,,,,,,,,,A1,,,,,,,,,,,,A1,,,,,,,,,,,,,
20180401,F,IP (Y),Science,SCHOOL Y,CHRISTIAN,SINGAPORE CITIZEN,,3,6,B4,E8,,,,A1,A2,B4,B4,A2,,,,,,,,,,,,,,,,,,,,A2,,,,,,,,,,,,,,,,
20180402,F,Appeals (Academic),Science,METHODIST GIRLS' SCHOOL (SECONDARY),NO RELIGION,SINGAPORE CITIZEN,,,9,A1,C6,A2,,,A1,A2,B3,A2,,,,,,,,,,,,A2,,,,,,A1,,,,,,,,,,,,,,,,,,,
20180403,F,JAE Ordinary Admission,Science,CHUNG CHENG HIGH SCHOOL (MAIN),BUDDHIST,SINGAPORE CITIZEN,,0,9,A2,A2,A1,,,A1,B3,A2,A2,A2,,,,,,,,,,,,,,,,,A1,,,,,,,,,,,,,,,,,,,
20180404,M,JAE Ordinary Admission,Science,CHUNG CHENG HIGH SCHOOL (MAIN),NO RELIGION,SINGAPORE PR (MALAYSIAN),,0,7,B3,A1,A1,,,A1,A1,A2,A2,,,,,,,,,,,,A1,,,,,,A1,,,,,,,,,,,,,,,,,,,
20180405,F,IP (Y),Science,SCHOOL Y,NO RELIGION,SINGAPORE CITIZEN,,3,6,B4,C5,,,,A1,A1,B4,B3,A2,,,,,,,,,,,,,,,,,,,,B4,,,,,,,,,,,,,,,,
20180406,M,JAE Ordinary Admission,Science,CHUNG CHENG HIGH SCHOOL (MAIN),NO RELIGION,SINGAPORE CITIZEN,,0,8,A2,A1,A1,,,A1,A2,A2,A2,,,,,,,,,A1,,,,,,,,,,A1,,,,,,,,,,,,,,,,,,
20180407,F,IP (Y),Science,SCHOOL Y,NO RELIGION,SINGAPORE CITIZEN,,1.94,6,B4,A2,,,,A1,A1,A2,A1,A1,,,,,,,,,,,,,,,,,,,,A1,,,,,,,,,,,,,,,,
20180408,F,IP (Y),Science,SCHOOL Y,BUDDHIST,SINGAPORE CITIZEN,,1.39,6,A1,A1,,,,A1,A2,,A2,A1,,,,,,,,,,,A1,,,,,,,,,A1,,,,,,,,,,,,,,,,
20180409,F,IP (Y),Science,SCHOOL Y,NO RELIGION,SINGAPORE CITIZEN,,1.28,6,A1,A1,,,,A1,A1,A2,A1,,,,,,,,,,,,A1,,,,,,,,,A1,,,,,,,,,,,,,,,,
20180410,F,JAE Ordinary Admission,Science,CRESCENT GIRLS' SCHOOL,CHRISTIAN,SINGAPORE CITIZEN,,,6,A1,,A1,,,A1,A1,A1,A1,A1,,,,,,,,,,,,,,,,,,,A1,,,,,,,,,,,,,,,,,
20180411,M,IP (X),Science,SCHOOL X,NO RELIGION,SINGAPORE CITIZEN,,3,6,B4,B3,,,,A1,A1,B4,A2,,,,,,,,,,,,C6,,,,,,,,,,,,B4,,,,,,,,,,,,,
20180412,M,IP (X),Science,SCHOOL X,CHRISTIAN,SINGAPORE CITIZEN,,1.89,6,A2,A2,,,,A2,A1,B3,B3,,,,,,,,,,,,,,,,,,,,,,,,A1,,,,,,,,,,,,,
20180413,F,IP (Y),Science,SCHOOL Y,NO RELIGION,SINGAPORE CITIZEN,,2.17,6,A2,A1,,,,A1,B4,C5,B3,A1,,,,,,,,,,,,,,,,,,,,A1,,,,,,,,,,,,,,,,
20180414,F,DSA (CCA),Science,CHIJ ST. NICHOLAS GIRLS' SCHOOL,CHRISTIAN,SINGAPORE CITIZEN,,,11,A2,,B3,,,A2,A2,,A2,B3,,,,,,,,A1,,,,,,,,,A2,,,,,,,,,,,,,,,,,,,
20180415,M,JAE Ordinary Admission,Science,MARIS STELLA HIGH SCHOOL,TAOIST,SINGAPORE CITIZEN,,0,7,A2,E8,A2,,,A1,A1,A1,A1,A1,,,,,,,,,,,,,,,,,,A1,,,,,,,,,,,,,,,,,,
20180416,M,JAE Ordinary Admission,Science,NAN CHIAU HIGH SCHOOL,CHRISTIAN,SINGAPORE CITIZEN,,0,7,A2,D7,A1,,,A1,A1,A2,B3,A1,,,,,,,,,,,,,,,,,,A1,,,,,,,,,,,,,,,,,,
20180417,M,JAE Ordinary Admission,Science,NAN CHIAU HIGH SCHOOL,BUDDHIST,SINGAPORE CITIZEN,,0,7,A2,A2,A1,,,A1,A1,A1,A2,A1,,,,,,,,,,,,,,,,,,A1,,,,,,,,,,,,,,,,,,
20180418,F,JAE Ordinary Admission,Arts,NAN HUA HIGH SCHOOL,CHRISTIAN,SINGAPORE CITIZEN,,0,7,A1,B3,A1,,,A1,A1,A2,A2,,,,,,,,,A2,,,,,,,,,,A1,,,,,,,,,,,,,,,,,,
20180419,M,IP (X),Arts,SCHOOL X,NO RELIGION,SINGAPORE CITIZEN,,1.8,6,A1,A2,,,,A1,B4,B3,A1,,,,,,,,,B3,,,,,,,,,,,,,,A1,F9,,,,,,,,,,,,,
20180420,M,IP (X),Science,SCHOOL X,NO RELIGION,SINGAPORE CITIZEN,,1.11,6,A2,A1,,,,A1,A1,A1,A1,A1,,,,,,,,,,A1,,,,,,,,,,,,,A1,,,,,,,,,,,,,
20180421,M,IP (X),Science,SCHOOL X,NO RELIGION,SINGAPORE CITIZEN,,1.22,6,A2,A2,,,,A1,A1,A1,A1,A1,,,,,,,,,,A1,,,,,,,,,,,,,A1,,,,,,,,,,,,,
20180422,M,IP (X),Science,SCHOOL X,NO RELIGION,SINGAPORE CITIZEN,,2.44,6,A1,B4,,,,A2,A2,B3,A1,,,,,,,,,A2,,,,,,,,C5,,,,,,B3,F9,,,,,,,,,,,,,
20180423,F,IP (Y),Science,SCHOOL Y,NO RELIGION,SINGAPORE CITIZEN,,1.15,6,A1,A2,,,,A1,A1,A1,A1,A1,,,,,,,,,,,,,,,,,,,,A1,,,,,,,,,,,,,,,,A2
20180424,M,IP (X),Science,SCHOOL X,NO RELIGION,SINGAPORE CITIZEN,,2.63,6,A2,A2,,,,A1,A1,A2,A1,,,,,,,,,,,,B4,,,,,,,,,,,,D7,,,,,,,,,,,,,
20180425,F,JAE Ordinary Admission,Science,CRESCENT GIRLS' SCHOOL,NO RELIGION,SINGAPORE CITIZEN,,0,6,A1,A2,A2,,,A1,A1,A1,A1,A1,,,,,,,,,,,,,,,,,,A1,,,,,,,,,,,,,,,,,,
20180426,M,JAE Ordinary Admission,Science,CHUNG CHENG HIGH SCHOOL (MAIN),NO RELIGION,SINGAPORE CITIZEN,,0,8,B3,C5,A2,,,A1,A1,A1,A1,A1,,,,,,,,,,,,,,,,,,A1,,,,,,,,,,,,,,,,,,
20180427,M,IP (X),Science,SCHOOL X,NO RELIGION,SINGAPORE CITIZEN,,1.89,6,A2,A2,,,,A1,A2,A1,A2,B3,,,,,,,,,,,A2,,,,,,,,,,,,A2,,,,,,,,,,,,,
20180428,M,JAE Ordinary Admission,Science,NAN HUA HIGH SCHOOL,NO RELIGION,SINGAPORE CITIZEN,,0,7,A2,B3,A2,,,A1,A1,A1,A1,A1,,,,,,,,,,,,,,,,,,A1,,,,,,,,,,,,,,,,,,
20180429,F,IP (Y),Science,SCHOOL Y,NO RELIGION,SINGAPORE CITIZEN,,2.25,6,A2,B3,,,,A1,B3,A2,A1,,,,,,,,,,,,A2,,,,,,,,,B3,,,,,,,,,,,,,,,,
20180430,M,IP (X),Arts,SCHOOL X,NO RELIGION,SINGAPORE CITIZEN,,2.13,6,B3,B3,,,,A1,B3,B3,A1,,,,,,,,,,,A1,,,,,,,,,,,,,A1,,,,,,,,,,,,,
20180431,M,IP (X),Science,SCHOOL X,ROMAN CATHOLICISM,"KOREAN, SOUTH",,3.5,6,A2,D7,,,,A1,A1,B4,C5,B4,,,,,,B4,,A2,,,,,,,,,,,,,,,E8,,,,,,,A1,C5,,,A2,,
20180432,F,JAE Ordinary Admission,Science,CEDAR GIRLS' SECONDARY SCHOOL,TAOIST,SINGAPORE CITIZEN,,0,6,A1,B4,A1,,,A1,A1,A2,A2,A1,,,,,,,,,,,,,,,,,,A1,,,,,,,,,,,,,,,,,,
20180433,F,IP (Y),Science,SCHOOL Y,BUDDHIST,SINGAPORE CITIZEN,,2.94,6,A2,A2,,,,A2,B4,B4,B3,A2,,,,,,,,,,,,,,,,,,,,B4,,,,,,,,,,,,,,,,B3
20180434,F,IP (Y),Science,SCHOOL Y,BUDDHIST,SINGAPORE CITIZEN,,2.11,6,A2,A1,,,,A1,A2,B4,B4,A1,,,,,,,,,,,,,,,,,,,,A1,,,,,,,,,,,,,,,,
20180435,F,IP (Y),Arts,SCHOOL Y,NO RELIGION,SINGAPORE CITIZEN,,3.78,6,A2,B3,,,,B3,C6,B3,B4,C5,,,,,,,,,,,,,,,,,,,,B4,,,,,,,,A1,B3,,C6,,,,,
20180436,F,IP (Y),Science,SCHOOL Y,BUDDHIST,SINGAPORE CITIZEN,,2.17,6,B3,A1,,,,A1,B3,A2,A1,A1,,,,,,,,,,,,,,,,,,,,B4,,,,,,,,,,,,,,,,
20180437,F,DSA,Science,CRESCENT GIRLS' SCHOOL,NO RELIGION,SINGAPORE CITIZEN,,,6,A1,A2,A1,,,A1,A1,A1,A1,A1,,,,,,,,,,,,,,,,,,,A1,,,,,,,,,,,,,,,,,
20180438,M,JAE Ordinary Admission,Science,CATHOLIC HIGH SCHOOL,BUDDHIST,SINGAPORE CITIZEN,,0,6,A1,A1,A1,,,A1,A1,A1,A1,A1,,,,,,,,,,,A1,,,,,,A1,,,,,,,,,,,,,,,,,,,
20180439,M,DSA (CCA),Science,ANGLICAN HIGH SCHOOL,CHRISTIAN,SINGAPORE CITIZEN,Repeat Yr1,,19,B4,,C5,,,B4,B3,B3,A2,,,,,,B3,,,,,,,,,,,,,,,,,,,,,,,,,,,,,,,
20180440,M,IP (X),Arts,SCHOOL X,NO RELIGION,SINGAPORE CITIZEN,,3.88,6,B4,D7,,,,A1,B3,C6,F9,,,,,,,,,,,A2,,,,,,,,,,,,,A2,,,,,,,A1,F9,,,,,
20180441,F,JAE Ordinary Admission,Science,SINGAPORE CHINESE GIRLS' SCHOOL,NO RELIGION,SINGAPORE CITIZEN,,0,6,A1,A2,A2,,,A1,A1,A1,A2,A2,,,,,,,,,,,A1,,,,,,,,A1,,,,,,,,,,,,,,,,,
20180442,F,IP (Y),Science,SCHOOL Y,BUDDHIST,SINGAPORE CITIZEN,,1.72,6,A2,A2,,,,A1,A1,A1,A1,A1,,,,,,,,,,,,,,,,,,,,B3,,,,,,,,,,,,,,,,
20180443,M,JAE Ordinary Admission,Science,NAN HUA HIGH SCHOOL,BUDDHIST,SINGAPORE CITIZEN,,0,7,B4,A2,A1,,,A1,A1,A1,A1,A1,,,,,,,,,,,,,,,,A1,,A1,,,,,,,,,,,,,,,,,,
20180444,F,IP (Y),Science,SCHOOL Y,NO RELIGION,SINGAPORE CITIZEN,,1.33,6,A1,A2,,,,A1,A1,A1,A1,,,,,,,,,,,,A1,,,,,,,,,A1,,,,,,,,,,,,,,,,
20180445,F,JAE Ordinary Admission,Science,CHUNG CHENG HIGH SCHOOL (MAIN),CHRISTIAN,SINGAPORE CITIZEN,,0,7,A2,A2,A1,,,A1,A1,A1,A2,,,,,,,,,,,,A1,,,,,,A1,,,,,,,,,,,,,,,,,,,
20180446,F,JAE Ordinary Admission,Science,BUKIT PANJANG GOVT. HIGH SCHOOL,NO RELIGION,SINGAPORE CITIZEN,,0,6,A1,B3,A2,,,A1,A1,A1,A1,A1,,,,,,,,,,,A1,,,,A1,,A1,,,,,,,,,,,,,,,,,,,
20180447,M,DSA (CCA),Science,SCHOOL X,NO RELIGION,SINGAPORE CITIZEN,,,8,A1,C6,B3,,,A1,A1,B3,B3,,,,,,,,,,,,A1,,,,,,A1,,,,,,,,,,,,,,,,,,,
20180448,M,JAE Ordinary Admission,Science,NAN HUA HIGH SCHOOL,NO RELIGION,SINGAPORE CITIZEN,,0,7,A2,,A1,,,A1,A2,,A1,A2,,,,,,,,,,,A1,,,,,,A1,,,,,,,,,,,,,,,,,,,
20180449,F,IP (Y),Arts,SCHOOL Y,CHRISTIAN,SINGAPORE CITIZEN,,2.94,6,A1,A2,,,,A1,B4,C5,C5,,,,,,,,,,,,B3,,,,,,,,,B4,,,,,,,,,,,,,,,,
20180450,M,JAE Ordinary Admission,Science,ZHONGHUA SECONDARY SCHOOL,CHRISTIAN,SINGAPORE CITIZEN,,0,6,A1,,A1,,,A1,A1,A2,A2,,,,,,,,,,,,A1,,,,,,A1,,,,,,,,,,,,,,,,,,,
20180451,F,IP (Y),Science,SCHOOL Y,BUDDHIST,SINGAPORE CITIZEN,,2.61,6,A2,A2,,,,A2,C5,,B4,A2,,,,,,,,,,,A1,,,,,,,,,A2,,,,,,,,,,,,,,,,
20180452,F,JAE Ordinary Admission,Science,NAN CHIAU HIGH SCHOOL,NO RELIGION,SINGAPORE CITIZEN,,0,8,B3,A1,A1,,,A1,A1,,A2,A2,,,,,,,,,,,A1,,,,,,A2,,,,,,,,,,,,,,,,,,,
20180453,M,IP (X),Arts,SCHOOL X,NO RELIGION,SINGAPORE CITIZEN,,2.56,6,B4,C6,,,,A1,A2,B4,B4,,,,,,,,,,,,A1,,,,,,,,,,,,A2,,,A1,,,,,,,,,,
20180454,F,IP (Y),Science,SCHOOL Y,NO RELIGION,SINGAPORE CITIZEN,,2.33,6,A2,B3,,,,A1,B3,,A2,A2,,,,,,,,B3,,,,,,,,,,,,A1,,,,,,,,,,,,,,,,
20180455,M,IP (X),Science,SCHOOL X,NO RELIGION,SINGAPORE CITIZEN,,1.2,6,A2,A1,,,,A1,A1,A1,A1,A1,,,,,,,,,,,,,,,,,,,,,,,A1,,,,,,,,,,,,,
20180456,F,IP (Y),Science,SCHOOL Y,NO RELIGION,SINGAPORE CITIZEN,,1,6,A1,A2,,,,A1,A1,A1,A1,A1,,,,,,,,,,,,,,,,,,,,A1,,,,,,,,,,,,,,,,
20180457,F,IP (Y),Science,SCHOOL Y,NO RELIGION,SINGAPORE CITIZEN,,1,6,A1,A1,,,,A1,A1,A1,A1,A1,,,,,,,,,,,,,,,,,,,,A1,,,,,,,,,,,,,,,,
20180458,M,IP (X),Science,SCHOOL X,NO RELIGION,SINGAPORE CITIZEN,,1.75,6,A1,A2,,,,A1,A1,B3,A1,,,,,,,,,,,,B3,,,,,,,,,,,,A1,,,,,,,,,,,,,
20180459,M,IP (X),Science,SCHOOL X,BUDDHIST,SINGAPORE CITIZEN,,3.25,6,A1,B3,,,,A1,C6,B4,B4,,,,,,,,,,,,B3,,,,,,,,,,,,B3,,,,A2,,A1,A2,B3,,,,,
20180460,F,IP (Y),Science,SCHOOL Y,NO RELIGION,SINGAPORE CITIZEN,,1.61,6,A2,A2,,,,A1,A1,B4,A2,A1,,,,,,,,,,,,,,,,,,,,A1,,,,,,,,,,,,,,,,
20180461,F,IP (Y),Science,SCHOOL Y,NO RELIGION,SINGAPORE CITIZEN,,1.94,6,A2,A2,,,,A1,A1,B3,A2,A2,,,,,,,,,,,,,,,,,,,,A1,,,,,,,,,,,,,,,,
20180462,F,JAE Ordinary Admission,Arts,ANDERSON SECONDARY SCHOOL,BUDDHIST,SINGAPORE CITIZEN,,0,9,A1,B3,A1,,,A2,A2,,B4,B3,,,,,,,,A2,,,,,,,,,A1,,,,,,,,,,,,,,,,,,,
20180463,M,JAE Ordinary Admission,Arts,COMMONWEALTH SECONDARY SCHOOL,NO RELIGION,SINGAPORE CITIZEN,,0,9,B3,B3,A2,,,A1,A1,,A2,C6,,,,,,,,,,,A1,,,,,,A1,,,,,,,,,,,,,,,,,,,
20180464,M,IP (X),Science,SCHOOL X,ROMAN CATHOLICISM,SINGAPORE CITIZEN,,1.75,6,B4,B4,,,,A1,A1,A1,A1,,,,,,,,,,,,A1,,,,,,,,,,,,A2,,,,,,,,,,,,,
20180465,M,IP (X),Science,SCHOOL X,NO RELIGION,SINGAPORE CITIZEN,,2.3,6,A2,A2,,,,A2,A2,A2,A2,,,,,,,,,,,,,,,,,,,,,,,,B4,,,,,,,,,,,,,
20180466,M,IP (X),Arts,SCHOOL X,BUDDHIST,SINGAPORE CITIZEN,,2.5,6,A2,B4,,,,A2,B3,B3,A2,,,,,,,,,,,A2,,,,,,,,,,,,,A2,,,,,,,,,,,,,
20180467,F,IP (Y),Science,SCHOOL Y,TAOIST,SINGAPORE CITIZEN,,1.44,6,A1,A1,,,,A1,A2,B3,A2,A1,,,,,,,,,,,,,,,,,,,,A1,,,,,,,,,,,,,,,,
20180468,F,IP (Y),Science,SCHOOL Y,NO RELIGION,SINGAPORE CITIZEN,,1.89,6,A2,A1,,,,A1,A1,B3,A2,A2,,,,,,,,,,,,,,,,,,,,A2,,,,,,,,,,,,,,,,
20180469,M,IP (X),Science,SCHOOL X,NO RELIGION,SINGAPORE CITIZEN,,2,6,A2,A1,,,,A1,B3,B3,A1,A1,,,,,,,,,,,,,,,,,,,,,,,B3,,,,,,,,,,,,,
20180470,F,JAE Ordinary Admission,Arts,ST. ANTHONY'S CANOSSIAN SECONDARY SCHOOL,ROMAN CATHOLICISM,SINGAPORE CITIZEN,,0,7,A1,B4,A1,,,A1,A2,,,B3,A1,,,,,,,,,,,,,,,,,A1,,,,,,,,,,,,,,,,,,
20180471,F,DSA (CCA),Science,METHODIST GIRLS' SCHOOL (SECONDARY),CHRISTIAN,SINGAPORE CITIZEN,,,11,A2,,B4,,,A1,A2,B3,B3,A2,,,,,,,,,,,,,,,,,,A1,,,,,,,,,,,,,,,,,,
20180472,M,IP (X),Science,SCHOOL X,BUDDHIST,SINGAPORE CITIZEN,,2.4,6,B3,B3,,,,A1,A2,B3,A1,B3,,,,,,B3,,,,,,,,,,,,,,,,,B3,,,,,,,,,,,,,
20180473,F,DSA (CCA),Science,PAYA LEBAR METHODIST GIRLS' SCHOOL (SECONDARY),BUDDHIST,SINGAPORE CITIZEN,,,12,B4,,A2,,,A2,A1,A2,A2,,,,,,,,,,,,A1,,,,,,,,B3,,,,,,,,,,,,,,,,,
20180474,F,IP (Y),Science,SCHOOL Y,NO RELIGION,SINGAPORE CITIZEN,,1.83,6,A2,A2,,,,A1,A1,,B3,A2,,,,,,,,,,,A1,,,,,,,,,A1,,,,,,,,,,,,,,,,
20180475,M,JAE Ordinary Admission,Science,FUHUA SECONDARY SCHOOL,NO RELIGION,SINGAPORE CITIZEN,,0,7,C5,A2,A1,,,A1,A1,A1,A1,A2,,,,,,,,,,,,,,,,,A1,,,,,,,,,,,,,,,,,,,
20180476,F,IP (Y),Science,SCHOOL Y,NO RELIGION,SINGAPORE CITIZEN,,1.17,6,A2,A1,,,,A1,A1,A1,A1,A1,,,,,,,,,,,,,,,,,,,,A1,,,,,,,,,,,,,,,,
20180477,F,IP (Y),Arts,SCHOOL Y,NO RELIGION,SINGAPORE CITIZEN,,2.31,6,A2,C6,,,,A1,A1,,,B3,,,,,,,,B3,,,,,,,,,,,,B3,,,,,,,,,,,,,,,,
20180478,F,JAE Ordinary Admission,Science,NAN HUA HIGH SCHOOL,NO RELIGION,SINGAPORE CITIZEN,,0,7,A2,A2,A1,,,A1,A1,A1,A1,C5,,,,,,,,,,,A1,,,,,,A1,,,,,,,,,,,,,,,,,,,
20180479,M,IP (X),Science,SCHOOL X,NO RELIGION,SINGAPORE PR (CHINESE),,2.38,6,B3,A2,,,,A1,C5,B3,A2,,,,,,,,,A2,,,,,,,,,,,,,,,A2,,,,,,,,,,,,,
20180480,M,JAE Ordinary Admission,Science,CATHOLIC HIGH SCHOOL,NO RELIGION,SINGAPORE CITIZEN,,0,7,A1,C6,B3,,,A1,A1,A2,A2,A2,,,,,,,,,,,A1,,,,,,A1,,,,,,,,,,,,,,,,,,,
20180481,M,DSA,Science,SCHOOL X,NO RELIGION,SINGAPORE CITIZEN,,,8,A2,C5,A2,,,A1,A1,A2,B3,,,,,,,,,,,,A1,,,,,,A1,,,,,,,,,,,,,,,,,,,
20180482,F,JAE Ordinary Admission,Arts,SINGAPORE CHINESE GIRLS' SCHOOL,NO RELIGION,SINGAPORE CITIZEN,,0,9,A1,C6,A2,,,A2,B3,,B3,A2,,,,,,,,A1,,,,,,,,,A1,,,,,,,,,,,,,,,,,,,
20180483,F,IP (Y),Science,SCHOOL Y,NO RELIGION,SINGAPORE CITIZEN,,1.33,6,A2,A1,,,,A1,A1,A1,A1,A1,,,,,,,,,,,,,,,,,,,,A1,,,,,,,,,,,,,,,,
20180484,F,IP (Y),Science,SCHOOL Y,NO RELIGION,SINGAPORE CITIZEN,,1.89,6,A2,A1,,,,A1,A2,,A2,B3,,,,,,,,,A1,,,,,,,,,,,A2,,,,,,,,,,,,,,,,
20180485,F,IP (Y),Science,SCHOOL Y,NO RELIGION,SINGAPORE CITIZEN,,1.4,6,A1,A1,,,,A1,B3,A2,A2,A1,,,,,,,,,,,,,,,,,,,,A1,,,,,,A1,,,,,,,,,,
20180486,M,IP (X),Science,SCHOOL X,NO RELIGION,SINGAPORE CITIZEN,,1.88,6,B3,A2,,,,A1,A1,B3,A2,,,,,,,,,,,A1,,,,,,,,,,,,,A1,,,,,,,,,,,,,
20180487,M,IP (X),Science,SCHOOL X,NO RELIGION,SINGAPORE CITIZEN,,1.9,6,B3,A2,,,,A1,A1,B3,A2,A2,,,,,,,,,,,,,,,,,,,,,,,A1,,,,,,,,,,,,,
20180488,F,JAE Ordinary Admission,Science,XINMIN SECONDARY SCHOOL,NO RELIGION,SINGAPORE CITIZEN,,0,7,B3,A2,A1,,,A1,A1,A1,A2,A1,,,,,,,,,,,,,,,,,,A1,,,,,,,,,,,,,,,,,,
20180489,F,IP (Y),Science,SCHOOL Y,NO RELIGION,SINGAPORE CITIZEN,,1.5,6,A2,A2,,,,A1,A1,A1,A1,A1,,,,,,,,,,,,,,,,,,,,A1,,,,,,,,,,,,,,,,
20180490,F,IP (Y),Science,SCHOOL Y,NO RELIGION,SINGAPORE CITIZEN,,1,6,A1,A1,,,,A1,A1,A1,A1,A1,,,,,,,,,,,,,,,,,,,,A1,,,,,,,,,,,,,,,,
20180491,F,JAE Ordinary Admission,Science,CRESCENT GIRLS' SCHOOL,NO RELIGION,SINGAPORE CITIZEN,,0,6,A1,A2,A1,,,A1,A2,A1,B3,A1,,,,,,,,,,,,,,,,,A1,,,,,,,,,,,,,,,,,,,
20180492,M,JAE Ordinary Admission,Science,MARIS STELLA HIGH SCHOOL,NO RELIGION,SINGAPORE CITIZEN,,0,8,B3,C6,B3,,,A1,A1,A1,A1,B3,,,,,,,,,,,,,,,,,,A1,,,,,,,,,,,,,,,,,,
20180493,M,IP (X),Science,SCHOOL X,NO RELIGION,SINGAPORE CITIZEN,,3.13,6,B4,C5,,,,A1,B4,B4,B3,,,,,,,,,,,B3,,,,,,,,,,,,,B3,,,,,,A2,B3,,,,,,
20180494,M,JAE Ordinary Admission,Science,CHUNG CHENG HIGH SCHOOL (MAIN),NO RELIGION,SINGAPORE CITIZEN,,0,8,A2,B3,A1,,,A1,A2,A1,B3,A1,,,,,,,,,,,,,,,,,,,A2,,,,,,,,,,,,,,,,,
20180495,F,IP (Y),Science,SCHOOL Y,NO RELIGION,SINGAPORE CITIZEN,,3,6,A1,B3,,,,A2,C5,,B3,B3,,,,,,,,B3,,,,,,,,,,,,C5,,,,,,,,,,,,,,,,
20180496,M,JAE Ordinary Admission,Science,CATHOLIC HIGH SCHOOL,BUDDHIST,SINGAPORE CITIZEN,,0,7,B3,A2,A1,,,A1,A1,A1,A2,,,,,,,,,,,,A1,,,,,,A1,,,,,,,,,,,,,,,,,,,
20180497,F,IP (Y),Science,SCHOOL Y,CHRISTIAN,SINGAPORE CITIZEN,,1.17,6,A1,A2,,,,A1,A1,,A1,A1,,,,,,,,,,,A1,,,,,,,,,A1,,,,,,,,,,,,,,,,
20180498,M,IP (X),Science,SCHOOL X,CHRISTIAN,SINGAPORE CITIZEN,,3.22,6,B3,B3,,,,A1,B4,C5,C5,C5,,,,,,,,,,A2,,,,,,,,,,,,,A2,,,,,,A2,,A2,,,,,
20180499,F,JAE Ordinary Admission,Science,SWISS COTTAGE SECONDARY SCHOOL,CHRISTIAN,SINGAPORE CITIZEN,,0,8,A1,C5,A2,,,A1,A1,,B3,B3,,,,,,,,,,,A1,,,,,,A2,,,,,,,,,,,,,,,,,,,
20180500,F,IP (Y),Science,SCHOOL Y,NO RELIGION,SINGAPORE CITIZEN,,1.61,6,A1,A1,,,,A1,A2,B3,A2,A1,,,,,,,,,,,,,,,,,,,,A1,,,,,,,,,,,,,,,,