SN,NEWID,GENDER,PSLE,REPEAT,INTAKE,SEC SCHOOL,PW,GP,KI,KI (A),MA2,FM2,CP2,PH2,CH2,BY2,EL2,EL2 (A),ELL2,EC2,EC2 (A),EH2,EH2 (A),EG2,EG2 (A),S1_2,S2_2,S3_2,S4_2,S5_2,FR2,GM2,SP2,MA1,PH1,CH1,EL1,EC1,EH1,EG1,MA3-MOE,PH3-MOE,CH3-MOE,BY3-MOE,EC3-MOE,S1_3-MOE,S2_3-MOE,NO OF CCA
1,20190001,M,189,NA,DSA (CCA),CATHOLIC HIGH SCHOOL,0,41,,,41,,46.4,55.8,,,,,,,,,,,,,,,,,,,,,,,,48.9,,,,,,,,,,1
2,20190002,M,256,NA,IP (X),SCHOOL X,0,72,,,71.5,,,,91.9,85.9,,,,66,,,,,,,,,,,,,,,,,,,,,,,,88,,,,1
3,20190003,M,231,NA,IP (X),SCHOOL X,0,64,,,63,,,71.4,64.7,,,,,57.2,,,,,,,,,,,,,,,,,,,,,,,,,,,,1
4,20190004,M,255,NA,IP (X),SCHOOL X,0,59,,,49,,,58.2,52.2,,,,,47.1,,,,,,,,,,,,,,,,,,,,,,,,,,,,1
5,20190005,M,0,NA,JAE Ordinary Admission,MARIS STELLA HIGH SCHOOL,0,56,,,37.5,,,59.3,42.7,,,,,51.5,,,,,,,,,,,,,,,,,,,,,,,,,,,,1
6,20190006,M,0,NA,JAE Ordinary Admission,MARIS STELLA HIGH SCHOOL,0,63,,,81.5,,,73.4,69.7,,,,,61.3,,,,,,,,,,,,,,,,,,,,,,51,,,,,,1
7,20190007,M,255,NA,IP (X),SCHOOL X,0,54,,,55.5,,,,39.5,,,,,56,,67,,,,,,,,,,,,,,,,,,,,,,,,,,2
8,20190008,M,0,NA,JAE Ordinary Admission,MARIS STELLA HIGH SCHOOL,0,57,,,75,,,,67.5,70.3,,,,58.4,,,,,,,,,,,,,,,,,,,,,,,,,,,,1
9,20190009,F,261,NA,IP (Y),SCHOOL Y,0,64,,,57.5,,,,66,62.9,,,,62.1,,,,,,,,,,,,,,,,,,,,,,,,,,,,1
10,20190010,M,0,NA,JAE Ordinary Admission,NAN HUA HIGH SCHOOL,0,65,,,61,,,,59.5,,,,,66.7,,,,75.5,,,,,,,,,,,,,,,,,,,,,,,,1
11,20190011,F,260,NA,IP (Y),SCHOOL Y,0,59,,,79.5,,,69.5,69.3,,,,,55.1,,,,,,,,,,,,,,,,,,,,,,,,,,,,1
12,20190012,F,221,NA,DSA (CCA),SHUQUN SECONDARY SCHOOL,0,41,,,17.5,,,,31.4,31.3,,,,,,,,,,,,,,,,,,,,,,,,42,,,,,,,,1
13,20190013,F,230,NA,Appeals (Academic),RIVERSIDE SECONDARY SCHOOL,0,63,,,76,,,,70.2,65.7,,,,62.1,,,,,,,,,,,,,,,,,,,,,,,,52,,,,1
14,20190014,M,0,NA,JAE Ordinary Admission,SCHOOL X,0,56,,,55.5,,,59.8,48.6,,,,,62,,,,,,,,,,,,,,,,,,,,,,,,,,,,1
15,20190015,F,263,NA,IP (Y),SCHOOL Y,0,69,,,72,,,,71.2,70.3,66,,,,,,,,,,,,,,,,,,,,,,,,,,,,,,,1
16,20190016,F,259,NA,IP (Y),SCHOOL Y,0,57,,,69.5,,75.8,64.9,,,,,,58.8,,,,,,,,,,,,,,,,,,,,,,48,,,,,,2
17,20190017,M,266,NA,IP (X),SCHOOL X,0,73,,,53,,,,,,,67.3,,,65.5,,,,,,,,,,,76.2,,,,,,,,,,,,,,,,1
18,20190018,F,0,NA,JAE Ordinary Admission,BUKIT PANJANG GOVT. HIGH SCHOOL,0,67,,,65,,,,55,64.3,,,,53.2,,,,,,,,,,,,,,,,,,,,,,,,,,,,1
19,20190019,F,253,NA,IP (Y),SCHOOL Y,0,62,,,58.5,,,57.7,46.6,,,,,62,,,,,,,,,,,,,,,,,,,,,,,,,,,,1
20,20190020,M,240,NA,DSA (CCA),ANGLO-CHINESE SCHOOL (BARKER ROAD),0,57,,,39,,,52.2,48.5,,,,,,,,,,,,,,,,,,,,,,,41.1,,,,,,,,,,1
21,20190021,M,0,NA,JAE Ordinary Admission,NAN HUA HIGH SCHOOL,0,69,,,63.5,,66.8,,53.7,,,,,,,,,,,,,,,,,,,,,,,71.1,,,,,,,,,,1
22,20190022,F,0,NA,JAE Ordinary Admission,BUKIT PANJANG GOVT. HIGH SCHOOL,0,57,,,66.5,,,64.9,70.9,,,,,60.7,,,,,,,,,,,,,,,,,,,,,,,,,,,,1
23,20190023,F,0,NA,JAE Ordinary Admission,CHUNG CHENG HIGH SCHOOL (MAIN),0,61,,,51,,,,58.9,65.6,,,,59.6,,,,,,,,,,,,,,,,,,,,,,,,,,,,1
24,20190024,F,0,NA,JAE Ordinary Admission,BUKIT PANJANG GOVT. HIGH SCHOOL,0,60,,,72.5,,,69.9,62.7,,,,,60.7,,,,,,,,,,,,,,,,,,,,,,,,,,,,1
25,20190025,F,263,NA,IP (Y),SCHOOL Y,0,67,,,57,,,,,,64.7,,48.7,56.3,,,,,,,,,,,,,,,,,,,,,,,,,,,,1
26,20190026,M,262,NA,IP (X),SCHOOL X,0,61,,,64.5,,,68.7,70.6,,,,,MC,,,,,,,,,,,,,,,,,,,,,,,,,,,,1
27,20190027,F,0,NA,DSA,PAYA LEBAR METHODIST GIRLS' SCHOOL (SECONDARY),0,60,,,71,53,,61.4,,,,,,50.3,,,,,,,,,,,,,,,,,,,,,,,,,,,,1
28,20190028,F,0,NA,JAE Ordinary Admission,CHIJ ST. NICHOLAS GIRLS' SCHOOL,0,66,,,68,,,,83,77.8,,,,66.8,,,,,,,,,,,,,,,,,,,,,,,67.5,,,,,1
29,20190029,F,252,NA,IP (Y),SCHOOL Y,0,,,73.3,45.5,,,,,,,73,,,,,,,67.9,,,,,,,,,,,,,,,,,,,,,,,1
30,20190030,F,236,NA,IP (Y),SCHOOL Y,0,61,,,47.5,,,,35,,,,,55.1,,,,,,,,,,,,,,,,,,,,60,,,,,,,,1
31,20190031,F,0,NA,JAE Ordinary Admission,CRESCENT GIRLS' SCHOOL,0,58,,,46.5,,,53.7,50.2,,,,,65.3,,,,,,,,,,,,,,,,,,,,,,,,,,,,2
32,20190032,F,0,NA,IP (Y),SCHOOL Y,0,56,,,57.5,,,,59.8,,,,,61.6,,,,,,,,,77.6,,,,,,,,,,,,,,,,,,,2
33,20190033,M,254,NA,IP (X),SCHOOL X,0,54,,,59.5,,77.2,72.4,,,,,,,,,,,,,,,,,,,,,,,,65.6,,,,,,,,,,1
34,20190034,F,0,NA,JAE Ordinary Admission,CHIJ ST. NICHOLAS GIRLS' SCHOOL,0,61,,,23,,,,,,61.3,,44,50.8,,,,,,,,,,,,,,,,,,,,,,,,,,,,1
35,20190035,F,260,NA,IP (Y),SCHOOL Y,0,64,,,57.5,,,,64.1,60.4,,,,,,,,65.9,,,,,,,,,,,,,,,,,,,,68,,,,2
36,20190036,F,252,NA,IP (Y),SCHOOL Y,0,63,,,45,,,,51.7,,,,,,,63,,,,,,,,,,,,,,,,56.7,,,,,,,,,,1
37,20190037,F,243,NA,IP (Y),SCHOOL Y,0,55,,,68,41,,49.6,,,,,,46.7,,,,,,,,,,,,,,,,,,,,,,,,,,,,2
38,20190038,F,259,NA,IP (Y),SCHOOL Y,0,72,,,78,,,74.2,63.9,,,,,62.3,,,,,,,,,,,,,,,,,,,,,,,,,,,,1
39,20190039,F,235,NA,DSA (CCA),CHIJ SECONDARY (TOA PAYOH),0,54,,,52,,,65.8,47.1,,,,,50,,,,,,,,,,,,,,,,,,,,,,,,,,,,1
40,20190040,F,229,NA,IP (Y),SCHOOL Y,0,50,,,57,,,,46.9,50.2,,,,,,,,,,,,,,,,,,,,,,55.6,,,,,,,,,,1
41,20190041,F,0,NA,JAE Ordinary Admission,ANDERSON SECONDARY SCHOOL,0,65,,,60.5,,,,68.9,70.2,,,,65.1,,,,,,,,,,,,,,,,,,,,,,,,,,,,1
42,20190042,M,250,NA,IP (X),SCHOOL X,0,77,,,95,,EX,EX,,,,,,EX,,,,,,,,,,,,,,,,,,,,,86,,,,,,,2
43,20190043,F,267,NA,IP (Y),SCHOOL Y,0,59,,,64.5,,,63.8,60.4,,,,,44.9,,,,,,,,,,,,,,,,,,,,,,,,,,,,1
44,20190044,F,266,NA,IP (Y),SCHOOL Y,0,68,,,82.5,,,,83.9,68.8,58,,,,,,,,,,,,,,,,,,,,,,,,,,50,,,,,1
45,20190045,F,0,NA,JAE Ordinary Admission,BUKIT PANJANG GOVT. HIGH SCHOOL,0,61,,,73,,,68.8,76.4,,,,,61.2,,,,,,,,,,,,,,,,,,,,,,,47,,,,,1
46,20190046,F,257,NA,IP (Y),SCHOOL Y,0,61,,,41.5,,,37.4,45.7,,,,,37.3,,,,,,,,,,,,,,,,,,,,,,,,,,,,1
47,20190047,M,255,NA,IP (X),SCHOOL X,0,64,,,80.5,,,77.8,79.8,,,,,59.5,,,,,,,,,,,,,,,,,,,,,,,36.5,,,,,1
48,20190048,M,0,NA,JAE Ordinary Admission,TANJONG KATONG SECONDARY SCHOOL,0,64,,,46,,,67.6,64.2,,,,,55.1,,,,,,,,,,,,,,,,,,,,,,,,,,,,2
49,20190049,M,256,NA,IP (X),SCHOOL X,0,64,,,60,,,67.6,57.4,,,,,55.1,,,,,,,,,,,,,,,,,,,,,,,,,,,,1
50,20190050,M,255,NA,IP (X),SCHOOL X,0,65,,,77,,,,81.9,75.5,,,,70,,,,,,,,,,,,,,,,,,,,,,,,61.3,,,,1
51,20190051,M,0,NA,JAE Ordinary Admission,COMMONWEALTH SECONDARY SCHOOL,0,66,,,64,,,76.5,67.4,,,,,54.9,,,,,,,,,,,,,,,,,,,,,,,49.5,,,,,1
52,20190052,M,266,NA,IP (X),SCHOOL X,0,69,,,75.5,,,77.7,74.7,,,,,64.4,,,,,,,,,,,,,,,,,,,,,,,,,64,,,2
53,20190053,M,261,NA,IP (X),SCHOOL X,0,63,,,67,,,,78.6,68.7,,,,66,,,,,,,,,,,,,,,,,,,,,,,48.5,,,,,1
54,20190054,M,266,NA,IP (X),SCHOOL X,0,75,,,84,,,,89,81.2,,,,76.4,,,,,,,,,,,,,,,,,,,,,,,,82.7,,,,2
55,20190055,M,244,NA,IP (X),SCHOOL X,0,58,,,64.5,,,65.2,62,,,,,64.8,,,,,,,,,,,,,,,,,,,,,,,,,,,,1
56,20190056,M,257,NA,IP (X),SCHOOL X,0,64,,,,,,,48.3,63.7,68.7,,,,,,,,,,,,,,,,,69,,,,,,,,,,,,,,2
57,20190057,M,257,NA,IP (X),SCHOOL X,0,61,,,67.5,,,58.3,56.6,,,,,59.7,,,,,,,,,,,,,,,,,,,,,,,,,,,,2
58,20190058,F,0,NA,JAE Ordinary Admission,METHODIST GIRLS' SCHOOL (SECONDARY),0,59,,,70.5,,,62.7,64,,,,,58,,,,,,,,,,,,,,,,,,,,,,,,,,,,2
59,20190059,M,264,NA,IP (X),SCHOOL X,0,59,,,67,,91.8,74.8,,,,,,68,,,,,,,,,,,,,,,,,,,,,44,,,,,,,2
60,20190060,M,252,NA,IP (X),SCHOOL X,0,59,,,68.5,,,64.9,53.5,,,,,52.8,,,,,,,,,,,,,,,,,,,,,,,,,,,,1
61,20190061,M,269,NA,IP (X),SCHOOL X,0,80,,,53.5,,,,70,69.4,,,,66,,,,,,,,,,,,,,,,,,,,,,,,,,,,1
62,20190062,M,270,NA,IP (X),SCHOOL X,0,64,,,67,,,69,79.2,,,,,50.3,,,,,,,,,,,,,,,,,,,,,,,71.5,,,,,1
63,20190063,M,0,NA,JAE Ordinary Admission,CATHOLIC HIGH SCHOOL,0,62,,,60.5,,,56.6,52.5,,,,,47.6,,,,,,,,,,,,,,,,,,,,,,,,,,,,1
64,20190064,M,0,NA,IP (X),SCHOOL X,0,75,,,72,,68.6,74.5,,,,,,67.3,,,,,,,,,,,,,,,,,,,,,,64,,,,,,2
65,20190065,F,259,NA,IP (Y),SCHOOL Y,0,60,,,,,,,,,52.7,,,56.4,,,,,,,,74,,,,,,43,,,,,,,,,,,,,,1
66,20190066,F,261,NA,IP (Y),SCHOOL Y,0,68,,,58.5,,,64.3,67.8,,,,,59.5,,,,,,,,,,,,,,,,,,,,,,,,,,,,1
67,20190067,F,260,NA,IP (Y),SCHOOL Y,0,64,,,62.5,,,,81.3,80.3,,,,62.7,,,,,,,,,,,,,,,,,,,,,,,,,,,,1
68,20190068,M,0,NA,JAE Ordinary Admission,JURONG SECONDARY SCHOOL,0,50,,,72.5,,,77.7,64.3,,,,,54.7,,,,,,,,,,,,,,,,,,,,,45,,,,,,,1
69,20190069,M,0,NA,JAE Ordinary Admission,BROADRICK SECONDARY SCHOOL,0,64,,,45.5,,,51.2,,,,,,,,,,,,,,67,,,,,,,,,,57.8,,,,,,,,,,1
70,20190070,M,254,NA,IP (X),SCHOOL X,0,61,,,68,,,,80,73.4,,,,62,,,,,,,,,,,,,,,,,,,,,,,,84,,,,1
71,20190071,M,258,NA,IP (X),SCHOOL X,0,66,,,74,,,66.5,74.1,,,,,68.1,,,,,,,,,,,,,,,,,,,,,,,38.5,,,,,1
72,20190072,M,260,NA,IP (X),SCHOOL X,0,58,,,69,,,60.5,66.5,,,,,54.9,,,,,,,,,,,,,,,,,,,,,40,,,,,,,1
73,20190073,M,259,NA,IP (X),SCHOOL X,0,59,,,79.5,,,83.1,86.4,,,,,69.6,,,,,,,,,,,,,,,,,,,,,,,,,63,,,1
74,20190074,F,0,NA,JAE Ordinary Admission,METHODIST GIRLS' SCHOOL (SECONDARY),0,67,,,69.5,,,,65.6,57.6,,,65.3,,,,,,,,,,,,,,,,,,,,,,,,,,,,,1
75,20190075,F,262,NA,IP (Y),SCHOOL Y,0,70,,,58.5,,,70.1,56.5,,,,,51.2,,,,,,,,,,,,,,,,,,,,,,62,,,,,,2
76,20190076,F,0,NA,JAE Ordinary Admission,BUKIT PANJANG GOVT. HIGH SCHOOL,0,50,,,59,,,,71.6,64.2,,,,65.6,,,,,,,,,,,,,,,,,,,,,,,,,,,,1
77,20190077,M,255,NA,IP (X),SCHOOL X,0,64,,,68,,,73.2,70.5,,,,,51.9,,,,,,,,,,,,,,,,,,,,,,63,,,,,,1
78,20190078,M,258,NA,IP (X),SCHOOL X,0,67,,,65.5,,,,71.2,57,,,,57.1,,,,,,,,,,,,,,,,,,,,,,,,,,,,1
79,20190079,M,222,NA,Appeals (Academic),BUKIT PANJANG GOVT. HIGH SCHOOL,0,61,,,69,,,,62.4,71.4,74,,,,,,,,,,,,,,,,,,,,,,,,,,,,,,,2
80,20190080,F,262,NA,IP (Y),SCHOOL Y,0,63,,,78.5,,,,77.9,78.1,,,,70.1,,,,,,,,,,,,,,,,,,,,,,,,77.3,,,,1
81,20190081,M,0,NA,JAE Ordinary Admission,CHUNG CHENG HIGH SCHOOL (MAIN),0,59,,,68.5,,,70.8,52.8,,58,,,,,,,,,,,,,,,,,,,,,,,,,,,,,,,2
82,20190082,M,254,NA,IP (X),SCHOOL X,0,EX,,,48,,,60.5,59.1,,,,,53.3,,,,,,,,,,,,,,,,,,,,,,,,,,,,1
83,20190083,M,0,NA,JAE Ordinary Admission,NAN CHIAU HIGH SCHOOL,0,53,,,70,,,62.5,63.3,,,,,47.2,,,,,,,,,,,,,,,,,,,,,,,,,,,,2
84,20190084,F,267,NA,IP (Y),SCHOOL Y,0,79,,,59,,,,,,,59,,,,,,,67,,,,63.3,,,,,,,,,,,,,,,,,,,2
85,20190085,M,0,NA,IP (X),SCHOOL X,0,74,,,61.5,,,,,,,60.3,,,53.6,,56,,,,,,,,,,,,,,,,,,,,,,,,,1
86,20190086,F,256,NA,IP (Y),SCHOOL Y,0,75,,,57.5,,,,,,,64.7,,,,,,,72.5,,,,,,,64.4,,,,,,,,,,,,,,,,1
87,20190087,F,0,NA,JAE Ordinary Admission,NAN HUA HIGH SCHOOL,0,60,,,62,,,,67,66,,,,60,,,,,,,,,,,,,,,,,,,,,,,,,,,,1
88,20190088,F,0,NA,JAE Ordinary Admission,CRESCENT GIRLS' SCHOOL,0,64,,,27,,,,,53.3,,,,45.2,,,,,,,,,,,,,,,,71.6,,,,,,,,,,,,1
89,20190089,F,266,NA,IP (Y),SCHOOL Y,0,65,,,78,,,,78.6,82.3,,,,70.5,,,,,,,,,,,,,,,,,,,,,,,,77.3,,,,2
90,20190090,F,0,NA,JAE Ordinary Admission,ZHONGHUA SECONDARY SCHOOL,0,54,,,53,,,,46.1,57.3,,,,60.8,,,,,,,,,,,,,,,,,,,,,,,,,,,,1
91,20190091,F,266,NA,IP (Y),SCHOOL Y,0,53,,,39,,,,41.8,53.8,,,,,,,,,,,,,,,,,,,,,,,,70,,,,,,,,1
92,20190092,F,267,NA,IP (Y),SCHOOL Y,0,61,,,51.5,,,,63.8,66.6,,,,,,,,68,,,,,,,,,,,,,,,,,,,,,,,,1
93,20190093,M,0,NA,JAE Ordinary Admission,CHUNG CHENG HIGH SCHOOL (MAIN),0,60,,,88,,,79.2,75,,,,,65.1,,,,,,,,,,,,,,,,,,,,,52,,,,,,,1
94,20190094,F,251,NA,IP (Y),SCHOOL Y,0,61,,,,,,,,,64.7,,,54.9,,58,,,,,,,,,,,,68,,,,,,,,,,,,,,1
95,20190095,M,253,NA,IP (X),SCHOOL X,0,65,,,83.5,,,82.1,67.4,,,,,60.8,,,,,,,,,,,,,,,,,,,,,51,,,,,,,1
96,20190096,F,261,NA,IP (Y),SCHOOL Y,0,66,,,65.5,,,,77.4,69.1,,,,67.9,,,,,,,,,,,,,,,,,,,,,,,,,,,,1
97,20190097,F,259,NA,IP (Y),SCHOOL Y,0,62,,,76,,,56.5,52.5,,,,,,,,,,,,71,,,,,,,,,,,,,,,,,,,,,2
98,20190098,F,0,NA,DSA,METHODIST GIRLS' SCHOOL (SECONDARY),0,71,,,71,,,,77.5,78.1,,,,63.2,,,,,,,,,,,,,,,,,,,,,,,,88,,,,2
99,20190099,F,0,NA,JAE Ordinary Admission,NAVAL BASE SECONDARY SCHOOL,0,46,,,56,,,,51.4,,,,,39.9,,,,,,,,,50,,,,,,,,,,,,,,,,,,,1
100,20190100,F,265,NA,IP (Y),SCHOOL Y,0,56,,,,,,,,,,,,55.9,,,,,,,,76.8,,67.5,,,,54,,,,,,,,,,,,,89,1
101,20190101,F,0,NA,JAE Ordinary Admission,BOON LAY SECONDARY SCHOOL,0,49,,,33.5,,,41.7,,,,,,MC,,,,50,,,,,,,,,,,,,,,,,,,,,,,,1
102,20190102,F,0,NA,JAE Ordinary Admission,ANGLICAN HIGH SCHOOL,0,57,,,66,,,,71,66.9,,,,59.6,,,,,,,,,,,,,,,,,,,,,,,,,,,,1
103,20190103,M,256,NA,IP (X),SCHOOL X,0,64,,,71,,,74,66.8,,,,,53.9,,,,,,,,,,,,,,,,,,,,,32,,,,,,,1
104,20190104,F,254,NA,IP (Y),SCHOOL Y,0,71,,,42,,,,,,,,,62.7,,64.5,,,,,,,,,,,,,,,58.7,,,,,,,,,,,1
105,20190105,M,256,NA,IP (X),SCHOOL X,0,56,,,53,,,,49.3,55.6,,,,43.9,,,,,,,,,,,,,,,,,,,,,,,,64,,,,1
106,20190106,M,263,NA,IP (X),SCHOOL X,0,62,,,68.5,,,81.5,76.8,,,,,,,,,,,,,,68.1,,,,,,,,,,,,,,42,,,,,1
107,20190107,M,255,Repeat Yr1,IP (X),SCHOOL X,0,52,,,49,,MC,MC,,,,,,,,,,,,,,,,,,,,,,,,43.3,,,,,,,,,,1
108,20190108,M,0,NA,JAE Ordinary Admission,NAN HUA HIGH SCHOOL,0,67,,,76.5,,,,73.3,65.9,,,,60.1,,,,,,,,,,,,,,,,,,,,,,,,,,,,1
109,20190109,M,258,NA,IP (X),SCHOOL X,0,64,,,65.5,,,67,70.4,,,,,56.7,,,,,,,,,,,,,,,,,,,,,,,,,,,,1
110,20190110,F,0,NA,JAE Ordinary Admission,CHIJ ST. NICHOLAS GIRLS' SCHOOL,0,55,,,62.5,,,47.6,49.5,,,,,39.7,,,,,,,,,,,,,,,,,,,,,,,,,,,,1
111,20190111,M,257,NA,IP (X),SCHOOL X,0,59,,,61.5,,,78.4,73.9,,,,,50.3,,,,,,,,,,,,,,,,,,,,,,,52,,,,,1
112,20190112,F,259,NA,IP (Y),SCHOOL Y,0,66,,,77,,,75.7,71,,,,,63.1,,,,,,,,,,,,,,,,,,,,,,,,,,,,1
113,20190113,M,0,NA,JAE Ordinary Admission,NAN HUA HIGH SCHOOL,0,57,,,58,,,60.4,59,,,,,62.1,,,,,,,,,,,,,,,,,,,,,,,,,,,,1
114,20190114,M,257,NA,IP (X),SCHOOL X,0,62,,,47.5,,,,53.6,52.4,,,,,,,,,,,,,,,,,,,,,,60,,,,,,,,,,1
115,20190115,F,0,NA,JAE Ordinary Admission,METHODIST GIRLS' SCHOOL (SECONDARY),0,61,,,47,,,51.9,57.5,,,,,52.4,,,,,,,,,,,,,,,,,,,,,,,,,,,,1
116,20190116,F,0,NA,JAE Ordinary Admission,CHIJ ST. NICHOLAS GIRLS' SCHOOL,0,67,,,73.5,,,,80.3,78.8,,,,,,,,,,,,,,,,,,,,,,74.4,,,,,,,,,,1
117,20190117,F,0,NA,JAE Ordinary Admission,METHODIST GIRLS' SCHOOL (SECONDARY),0,68,,,28,,,51.5,44.9,,,,,,,,,,,,,,,,,,,,,,,66.7,,,,,,,,,,1
118,20190118,F,262,NA,IP (Y),SCHOOL Y,0,51,,,31,,,,47.7,,,,,52.8,,,,,,,,,,,,,,,64.4,,,,,,,,,,,,,2
119,20190119,F,269,NA,IP (Y),SCHOOL Y,0,78,,,66,,,,72.9,75.6,,,,77.5,,,,,,,,,,,,,,,,,,,,,,,,,,,,1
120,20190120,M,0,NA,IP (X),SCHOOL X,0,60,,,67,,,74.5,69.9,,,,,60.4,,,,,,,,,,,,,,,,,,,,,,,,,53,,,1
121,20190121,M,259,NA,IP (X),SCHOOL X,0,71,,,91.5,,,87.1,90.4,,,,,66.4,,,,,,,,,,,,,,,,,,,,,,,58,,,,,1
122,20190122,F,0,NA,JAE Ordinary Admission,ST. MARGARET'S SECONDARY SCHOOL,0,55,,,59,,,42.3,56.6,,,,,53.1,,,,,,,,,,,,,,,,,,,,,,,,,,,,1
123,20190123,M,263,NA,IP (X),SCHOOL X,0,58,,,64,,,67.1,63,,,,,65.2,,,,,,,,,,,,,,,,,,,,,,,,,,,,1
124,20190124,M,0,NA,JAE Ordinary Admission,NAN HUA HIGH SCHOOL,0,50,,,74.5,,,,68.5,70,,,,57.9,,,,,,,,,,,,,,,,,,,,,,,,,,,,2
125,20190125,F,263,NA,IP (Y),SCHOOL Y,0,65,,,48.5,,,,50.9,,,,,61.6,,,,,,68.3,,,,,,,,,,,,,,,,,,,,67.5,,1
126,20190126,F,0,NA,JAE Ordinary Admission,CEDAR GIRLS' SECONDARY SCHOOL,0,61,,,38.5,,54,46.4,,,,,,45.3,,,,,,,,,,,,,,,,,,,,,,,,,,,,1
127,20190127,F,258,NA,IP (Y),SCHOOL Y,0,60,,,,,,,,,58.7,,,57.5,,,,,,,,69.3,,,,,,54,,,,,,,,,,,,,,1
128,20190128,M,258,NA,IP (X),SCHOOL X,0,65,,,56.5,,,,,,,58.7,,,,,58.5,,,,,,,,,77,,,,,,,,,,,,,,,,1
129,20190129,M,269,NA,IP (X),SCHOOL X,0,72,,,50.5,,,,68,60.9,,,,59.9,,,,,,,,,,,,,,,,,,,,,,,37,,,,,2
130,20190130,M,243,NA,IP (X),SCHOOL X,0,56,,,23.5,,,,36.4,48.7,,,,44.8,,,,,,,,,,,,,,,,,,,,,,,,,,,,1
131,20190131,M,256,NA,IP (X),SCHOOL X,0,65,,,48.5,,,60.2,,,,,,58.3,,,,48.9,,,,,,,,,,,,,,,,,,,,,,,,1
132,20190132,F,261,NA,IP (Y),SCHOOL Y,0,72,,,85.5,,,,82.1,78.4,,,,70.7,,,,,,,,,,,,,,,,,,,,,,,67,,,,,1
133,20190133,M,260,NA,IP (X),SCHOOL X,0,64,,,86.5,,,78.6,90.6,,,,,71.2,,,,,,,,,,,,,,,,,,,,,,,80,,,,,2
134,20190134,M,246,NA,IP (X),SCHOOL X,0,64,,,65,,,,67.7,65.4,,,,54.8,,,,,,,,,,,,,,,,,,,,,,,,,,,,1
135,20190135,M,0,NA,JAE Ordinary Admission,COMMONWEALTH SECONDARY SCHOOL,0,71,,,35.5,,,,47.6,,55.3,,,47.9,,,,,,,,,,,,,,,,,,,,,,,,,,,,1
136,20190136,F,261,NA,IP (Y),SCHOOL Y,0,64,,,54.5,,,,55.2,50.6,,,,51.7,,,,,,,,,,,,,,,,,,,,,,,,,,,,1
137,20190137,M,249,NA,IP (X),SCHOOL X,0,50,,,28,,,,41,,,,,49.7,,,,,,,,,,,,,,,55.2,,,,,,,,,,,,,1
138,20190138,M,241,NA,DSA (CCA),CHUNG CHENG HIGH SCHOOL (MAIN),0,68,,,76.5,,,68,64.1,,,,,61.6,,,,,,,,,,,,,,,,,,,,,,,,,,,,2
139,20190139,F,238,NA,IP (Y),SCHOOL Y,0,56,,,48,,,54.8,50,,,,,,,,,,,,,,,,,,,,,,,53.3,,,,,,,,,,1
140,20190140,M,254,NA,IP (X),SCHOOL X,0,58,,,50.5,,,56,46.8,,,,,51.1,,,,,,,,,,,,,,,,,,,,,,,,,,,,1
141,20190141,F,0,NA,JAE Ordinary Admission,BUKIT PANJANG GOVT. HIGH SCHOOL,0,56,,,67,,,,75.9,66.6,,,,,,62,,,,,,,,,,,,,,,,,,,,,34,,,,,1
142,20190142,F,264,NA,IP (Y),SCHOOL Y,0,64,,,75,,,71.6,69.8,,,,,64.4,,,,,,,,,,,,,,,,,,,,,,,,,,,,2
143,20190143,F,253,NA,IP (Y),SCHOOL Y,0,54,,,39.5,,,44.9,,,,,,39.2,,,,,,,,,,,,,,,,60.3,,,,,,,,,,,,1
144,20190144,F,250,NA,IP (Y),SCHOOL Y,0,69,,,63.5,,,,76,77.2,,,,62.7,,,,,,,,,,,,,,,,,,,,,,,47,,,,,1
145,20190145,F,263,NA,IP (Y),SCHOOL Y,0,64,,,60,,,,60.1,62.9,,,,52.3,,,,,,,,,,,,,,,,,,,,,,,,,,,,1
146,20190146,F,257,NA,IP (Y),SCHOOL Y,0,64,,,59,,,,55,,,,,66.5,,63.5,,,,,,,,,,,,,,,,,,,,,,,,,,1
147,20190147,M,257,NA,IP (X),SCHOOL X,0,65,,,73,,,70.8,56.5,,,,,58,,,,,,,,,,,,,,,,,,,,,,,,,,,,1
148,20190148,M,0,NA,JAE Ordinary Admission,SCHOOL X,0,64,,,59.5,,,70.9,62.6,,,,,55.9,,,,,,,,,,,,,,,,,,,,,,,,,,,,2
149,20190149,M,250,NA,IP (X),SCHOOL X,0,63,,,39,,,43.3,37.7,,,,,51.6,,,,,,,,,,,,,,,,,,,,,,,,,,,,1
150,20190150,M,245,NA,IP (X),SCHOOL X,0,64,,,41,,,60,53.6,,,,,65.9,,,,,,,,,,,,,,,,,,,,,,,,,,,,1
151,20190151,M,250,NA,IP (X),SCHOOL X,0,60,,,68,,,69.1,70,,,,,64,,,,,,,,,,,,,,,,,,,,,,,,,,,,1
152,20190152,M,0,NA,JAE Ordinary Admission,"SCHOOL OF SCIENCE AND TECHNOLOGY, SINGAPORE",0,57,,,64.5,,,67.1,77.6,,,,,,,,,69,,,,,,,,,,,,,,,,,,,44.5,,,,,1
153,20190153,M,252,NA,IP (X),SCHOOL X,0,62,,,21,,,40.7,23.6,,,,,,,,,,,,,,,,,,,,,,,38.9,,,,,,,,,,0
154,20190154,F,262,NA,IP (Y),SCHOOL Y,0,56,,,44.5,,,,,,,,,55.2,,,,,,,,64.8,,,,,,,,,,,,56,,,,,,,,1
155,20190155,F,254,NA,DSA,METHODIST GIRLS' SCHOOL (SECONDARY),0,67,,,32,,,,42.1,60.3,,,,51.6,,,,,,,,,,,,,,,,,,,,,,,,,,,,2
156,20190156,M,0,NA,JAE Ordinary Admission,NAN HUA HIGH SCHOOL,0,64,,,72,,,,76.8,75.5,,,,67.2,,,,,,,,,,,,,,,,,,,,,,,45,,,,,2
157,20190157,F,250,NA,IP (Y),SCHOOL Y,0,60,,,69.5,,,,57.4,58.6,,,,,,,,,,,,,,,,,,,,,,78.9,,,,,,,,,,0
158,20190158,F,0,NA,JAE Ordinary Admission,CHUNG CHENG HIGH SCHOOL (MAIN),0,58,,,73,,,68.2,62.8,,,,,55.7,,,,,,,,,,,,,,,,,,,,,,,,,,,,1
159,20190159,F,227,NA,DSA (CCA),CHIJ ST. NICHOLAS GIRLS' SCHOOL,0,57,,,52.5,,,54.9,50.6,,,,,,,,,,,,,,,,,,,,,,,63.3,,,,,,,,,,1
160,20190160,M,257,NA,IP (X),SCHOOL X,0,74,,,72,,,,69.3,63,,,,58.4,,,,,,,,,,,,,,,,,,,,,,,,,,,,1
161,20190161,F,0,NA,JAE Ordinary Admission,CRESCENT GIRLS' SCHOOL,0,62,,,67,,,,79.6,73.1,,,,59.9,,,,,,,,,,,,,,,,,,,,,,,,,,,,1
162,20190162,F,0,NA,JAE Ordinary Admission,CHIJ ST. NICHOLAS GIRLS' SCHOOL,0,56,,,38.5,,,,41.3,46.5,,,,,,,,,,,,,,,,,,,,,,58.9,,,,,,,,,,2
163,20190163,F,264,NA,IP (Y),SCHOOL Y,0,69,,,66,,,,,,,,75,74.9,,75,,,,,,,,,,,,,,,,,,,,,,,,,,2
164,20190164,M,257,NA,IP (X),SCHOOL X,0,74,,,86,,,88.8,86.5,,,,,72.8,,,,,,,,,,,,,,,,,,,,,,94,,,,,,1
165,20190165,F,270,NA,IP (Y),SCHOOL Y,0,66,,,65,,,73.4,70.3,,,,,73.5,,,,,,,,,,,,,,,,,,,,,,,,,,,,1
166,20190166,M,257,NA,IP (X),SCHOOL X,0,64,,,74.5,,,78.8,84.3,,,,,65.5,,,,,,,,,,,,,,,,,,,,,,,59,,,,,2
167,20190167,F,255,NA,IP (Y),SCHOOL Y,0,58,,,62,,,,67.3,61.4,,,,57.2,,,,,,,,,,,,,,,,,,,,,,,,,,,,1
168,20190168,F,261,NA,IP (Y),SCHOOL Y,0,64,,,65,,,,65.1,56,,,,48.8,,,,,,,,,,,,,,,,,,,,,,,,,,,,1
169,20190169,M,249,NA,IP (X),SCHOOL X,0,67,,,64.5,,,,64.2,63.9,,,,59.7,,,,,,,,,,,,,,,,,,,,,,,,,,,,2
170,20190170,M,0,NA,JAE Ordinary Admission,CATHOLIC HIGH SCHOOL,0,64,,,80,,,79,77.8,,,,,70.3,,,,,,,,,,,,,,,,,,,,,,,,,,,,2
171,20190171,M,0,NA,JAE Ordinary Admission,ANGLICAN HIGH SCHOOL,0,70,,,86,,,84.9,86.2,,,,,70.3,,,,,,,,,,,,,,,,,,,,,,,,,69,,,1
172,20190172,M,0,NA,JAE Ordinary Admission,NAN HUA HIGH SCHOOL,0,70,,,66,,,,68.8,72.7,,,,67.1,,,,,,,,,,,,,,,,,,,,,,,,,56,,,1
173,20190173,M,255,NA,IP (X),SCHOOL X,0,56,,,59.5,,,EX,62.9,,,,,EX,,,,,,,,,,,,,,,,,,,,,,,,,,,,1
174,20190174,F,0,NA,JAE Ordinary Admission,NAN CHIAU HIGH SCHOOL,0,51,,,68,,,54.7,64.2,,,,,60.3,,,,,,,,,,,,,,,,,,,,,,,,,,,,1
175,20190175,F,262,NA,IP (Y),SCHOOL Y,0,62,,,64,,,60,58.1,,,,,52,,,,,,,,,,,,,,,,,,,,,,,,,,,,1
176,20190176,M,260,NA,IP (X),SCHOOL X,0,56,,,48.5,,,57,60.8,,,,,52.4,,,,,,,,,,,,,,,,,,,,,,,,,,,,1
177,20190177,M,230,NA,DSA,KUO CHUAN PRESBYTERIAN SECONDARY SCHOOL,0,56,,,49.5,,,59.5,57.4,,,,,59.9,,,,,,,,,,,,,,,,,,,,,,,,,,,,3
178,20190178,F,0,NA,JAE Ordinary Admission,CHIJ SECONDARY (TOA PAYOH),0,69,,,60,,,,,,,59,,,69.9,,,,60.7,,,,,,,,,,,,,,,,,,,,,,,1
179,20190179,F,260,NA,IP (Y),SCHOOL Y,0,68,,,78,,,,79.9,79.9,67.3,,,,,,,,,,,,,,,,,,,,,,,,,,42.5,,,,,1
180,20190180,F,255,NA,IP (Y),SCHOOL Y,0,61,,,12.5,,,44.8,41.7,,,,,,,,,,,,,,,,,,,,,,,61.1,,,,,,,,,,1
181,20190181,F,258,NA,IP (Y),SCHOOL Y,0,70,,,80.5,,,,75.7,73.6,,,,66.3,,,,,,,,,,,,,,,,,,,,,,,,,,,,1
182,20190182,F,264,NA,IP (Y),SCHOOL Y,0,69,,,64,,,,45.9,52.9,,,,,,,,,,,80.6,,,,,,,,,,,,,,,,,,,,,1
183,20190183,F,0,NA,JAE Ordinary Admission,CHIJ ST. NICHOLAS GIRLS' SCHOOL,0,63,,,57.5,,,,58.7,60.9,,,,52.5,,,,,,,,,,,,,,,,,,,,,,,,,,,,1
184,20190184,M,253,NA,IP (X),SCHOOL X,0,72,,,64,,,,74,69.5,,,,51.6,,,,,,,,,,,,,,,,,,,,,,,,,,,,1
185,20190185,M,255,NA,IP (X),SCHOOL X,0,72,,,66.5,,,72.2,67.9,,,,,,,,,80.2,,,,,,,,,,,,,,,,,,,,,,,,2
186,20190186,F,263,NA,IP (Y),SCHOOL Y,0,64,,,51.5,,,,42.2,52.4,,,,,,,,,,,,,65.2,,,,,,,,,,,,,,,,,,,1
187,20190187,F,0,NA,JAE Ordinary Admission,SINGAPORE CHINESE GIRLS' SCHOOL,0,57,,,37,,,,,,56,,,51.1,,56,,,,,,,,,,,,,,,,,,,,,,,,,,1
188,20190188,F,0,NA,JAE Ordinary Admission,NGEE ANN SECONDARY SCHOOL,0,63,,,82,,,,87.6,77.2,,,,65.6,,,,,,,,,,,,,,,,,,,,,,,55,,,,,2
189,20190189,F,259,NA,IP (Y),SCHOOL Y,0,63,,,66.5,,,,70.9,69.4,,,,61.9,,,,,,,,,,,,,,,,,,,,,,,,,,,,1
190,20190190,F,259,NA,IP (Y),SCHOOL Y,0,75,,,72,,,,,,,71.3,,,77.5,,,,73,,,,,,,,,,,,,,,,,,,,,,,3
191,20190191,F,264,NA,IP (Y),SCHOOL Y,0,68,,,79.5,,,69.8,72.7,,,,,65.1,,,,,,,,,,,,,,,,,,,,,,50,,,,,,2
192,20190192,F,246,NA,DSA,BUKIT PANJANG GOVT. HIGH SCHOOL,0,69,,,49,,,,,,,64.7,,,51.6,,55.5,,,,,,,,,,,,,,,,,,,,,,,,,2
193,20190193,F,258,NA,IP (Y),SCHOOL Y,0,54,,,48.5,,,63.9,65.4,,,,,47.3,,,,,,,,,,,,,,,,,,,,,,,,,,,,1
194,20190194,M,255,NA,IP (X),SCHOOL X,0,62,,,68,,,,70.7,67.6,,,,65.5,,,,,,,,,,,,,,,,,,,,,,,,52,,,,2
195,20190195,F,261,NA,IP (Y),SCHOOL Y,0,60,,,52.5,,,,,,74,,,63.6,,65.5,,,,,,,,,,,,,,,,,,,,,,,,,,1
196,20190196,M,255,NA,IP (X),SCHOOL X,0,51,,,56,,,,67.2,62.4,,,,54,,,,,,,,,,,,,,,,,,,,,,,39,,,,,2
197,20190197,M,253,NA,IP (X),SCHOOL X,0,60,,,48,,,64.1,64.6,,,,,55.1,,,,,,,,,,,,,,,,,,,,,,,,,,,,2
198,20190198,M,255,NA,IP (X),SCHOOL X,0,60,,,50,,,60.8,66.2,,,,,60.8,,,,,,,,,,,,,,,,,,,,,,,,,,,,1
199,20190199,M,256,NA,IP (X),SCHOOL X,0,55,,,56,,,60,64.9,,,,,55.3,,,,,,,,,,,,,,,,,,,,,,,,,,,,1
200,20190200,M,259,NA,IP (X),SCHOOL X,0,56,,,76,,,,82.9,71.2,,,,,,,,,,,,,,,,,66.8,,,,,,,,,,50,,,,,1
201,20190201,M,258,NA,IP (X),SCHOOL X,0,60,,,60,,,64.4,57.4,,,,,43.2,,,,,,,,,,,,,,,,,,,,,,,,,,,,1
202,20190202,M,260,NA,IP (X),SCHOOL X,0,70,,,,,,,,,,50,,,12,,49,,,,,,,,,,,MC,,,,,,,,,,,,,,1
203,20190203,F,270,NA,IP (Y),SCHOOL Y,0,75,,,87.5,,,,84.4,71.1,,,,66,,,,,,,,,,,,,,,,,,,,,,,,,,,,1
204,20190204,F,0,NA,JAE Ordinary Admission,NAN HUA HIGH SCHOOL,0,54,,,56,,,,,,65.3,,,54.8,,67,,,,,,,,,,,,,,,,,,,,,,,,,,1
205,20190205,M,263,NA,IP (X),SCHOOL X,0,72,,,84.5,,,77.8,77.3,,,,,68.1,,,,,,,,,,,,,,,,,,,,,,,,,,,,1
206,20190206,F,261,NA,IP (Y),SCHOOL Y,0,57,,,66.5,,,56,45.8,,,,,52.3,,,,,,,,,,,,,,,,,,,,,,,,,,,,1
207,20190207,F,244,NA,Appeals (Academic),ST. MARGARET'S SECONDARY SCHOOL,0,64,,,52.5,,,,57.4,58,,,,52.4,,,,,,,,,,,,,,,,,,,,,,,,,,,,1
208,20190208,M,0,NA,JAE Ordinary Admission,CATHOLIC HIGH SCHOOL,0,58,,,51.5,,,52.1,45.9,,,,,52.5,,,,,,,,,,,,,,,,,,,,,,,,,,,,1
209,20190209,M,244,NA,IP (X),SCHOOL X,0,56,,,62.5,,,77,64.7,,,,,50.1,,,,,,,,,,,,,,,,,,,,,,,,,,,,2
210,20190210,M,261,NA,IP (X),SCHOOL X,0,60,,,71.5,,,,73.6,75.9,,,,64.5,,,,,,,,,,,,,,,,,,,,,,,,58.7,,,,2
211,20190211,M,0,NA,JAE Ordinary Admission,CATHOLIC HIGH SCHOOL,0,71,,,74,,,76.9,76.1,,,,75.3,,,,,,,,,,,,,,,,,,,,,,,,61.5,,,,,1
212,20190212,M,0,NA,JAE Ordinary Admission,YISHUN TOWN SECONDARY SCHOOL,0,,,66.7,,,,,,,,61.3,,,37.1,,,,53,,,,,,,,,,,,,,,,,,,,,,,2
213,20190213,M,256,NA,IP (X),SCHOOL X,0,63,,,73,,,64,58.7,,,,,56.9,,,,,,,,,,,,,,,,,,,,,,,,,,,,1
214,20190214,F,0,NA,DSA,SINGAPORE CHINESE GIRLS' SCHOOL,0,65,,,67,,76.8,60.4,,,,,,56.8,,,,,,,,,,,,,,,,,,,,,,,,,,,,2
215,20190215,F,260,NA,IP (Y),SCHOOL Y,0,64,,,48.5,,,57.6,,,63.3,,,,,,,,,,,,,,,,,,,,,57.8,,,,,,,,,,1
216,20190216,M,258,NA,IP (X),SCHOOL X,0,60,,,60,,,69.8,58.3,,,,,51.5,,,,,,,,,,,,,,,,,,,,,,,,,,,,2
217,20190217,M,0,NA,JAE Ordinary Admission,NAN HUA HIGH SCHOOL,0,47,,,83.5,,,69.5,61.7,,,,,51.9,,,,,,,,,,,,,,,,,,,,,41,,,,,,,2
218,20190218,F,0,NA,IP (Y),SCHOOL Y,0,,75.8,,78.5,,,75.6,81.5,,,,,,,,,,,,,,,,,,,,,,,,,,70,,,,,,,2
219,20190219,F,223,NA,DSA (CCA),METHODIST GIRLS' SCHOOL (SECONDARY),0,64,,,59,,,,60.5,59.9,,,,,,,,,,,,,,,,,,,,,,78.9,,,,,,,,,,1
220,20190220,M,0,NA,JAE Ordinary Admission,CATHOLIC HIGH SCHOOL,0,58,,,55,,,54.9,44.9,,,,,44.5,,,,,,,,,,,,,,,,,,,,,,,,,,,,1
221,20190221,M,0,NA,JAE Ordinary Admission,MONTFORT SECONDARY SCHOOL,0,68,,,50,,,51.1,,,,,,60.7,,,,,,,,,61,,,,,,,,,,,,,,,,,,,0
222,20190222,M,256,NA,IP (X),SCHOOL X,0,68,,,67,,,70.7,63.5,,,,,53.6,,,,,,,,,,,,,,,,,,,,,,,,,,,,1
223,20190223,F,0,NA,JAE Ordinary Admission,CHUNG CHENG HIGH SCHOOL (MAIN),0,58,,,70,,,63.7,52.5,,,,,53.9,,,,,,,,,,,,,,,,,,,,,,,,,,,,1
224,20190224,M,232,NA,IP (X),SCHOOL X,0,57,,,64.5,,,,51.7,51.8,,,,51.6,,,,,,,,,,,,,,,,,,,,,,,,,,,,1
225,20190225,F,0,NA,JAE Ordinary Admission,XINMIN SECONDARY SCHOOL,0,65,,,52.5,,,,49.9,,,,,62.7,,58,,,,,,,,,,,,,,,,,,,,,,,,,,1
226,20190226,F,251,NA,DSA,SINGAPORE CHINESE GIRLS' SCHOOL,0,55,,,28,,,,,,,,,42.7,,45,,,,,,,,,,,,,45,,,,,,,,,,,,,2
227,20190227,F,271,NA,IP (Y),SCHOOL Y,0,58,,,66.5,,,,74.6,62.6,,,,72.4,,,,,,,,,,,,,,,,,,,,,,,,,,,,1
228,20190228,F,263,NA,IP (Y),SCHOOL Y,0,60,,,49,,,55.6,48.4,,,,,42,,,,,,,,,,,,,,,,,,,,,,,,,,,,1
229,20190229,F,0,NA,JAE Ordinary Admission,CHIJ KATONG CONVENT,0,,71.7,,63.5,,,,,,63.3,,,,,61,,,,,,,,,,,,,,,,,,,,,,,,,,1
230,20190230,M,258,NA,IP (X),SCHOOL X,0,66,,,54,53.5,,58.2,,,,,,56.1,,,,,,,,,,,,,,,,,,,,,,,,,,,,1
231,20190231,F,245,NA,IP (Y),SCHOOL Y,0,55,,,50,,,,52.6,65.7,,,,60.8,,,,,,,,,,,,,,,,,,,,,,,,,,,,1
232,20190232,F,258,NA,IP (Y),SCHOOL Y,0,63,,,31.5,,,,,46,,,,47.5,,,,,,,,,,,,,,,,57.8,,,,,,,,,,,,1
233,20190233,F,259,NA,IP (Y),SCHOOL Y,0,67,,,63.5,,,,76.1,68.9,,,,70.7,,,,,,,,,,,,,,,,,,,,,,,,,,,,1
234,20190234,F,265,NA,IP (Y),SCHOOL Y,0,,,84.2,67,,,,,,,71.7,,,69.6,,,,,,,,,,,,,,,,,,,,,,,,54,,,1
235,20190235,M,0,NA,JAE Ordinary Admission,YISHUN TOWN SECONDARY SCHOOL,0,70,,,62.5,,,,61.7,65.9,,,,58.3,,,,,,,,,,,,,,,,,,,,,,,,,,,,1
236,20190236,F,257,NA,IP (Y),SCHOOL Y,0,59,,,42.5,,,,63.6,61.7,,,,52,,,,,,,,,,,,,,,,,,,,,,,24.5,,,,,1
237,20190237,F,233,NA,IP (Y),SCHOOL Y,0,59,,,45,,,,52.7,47.7,,,,,,,,,,,,,,,,,,,,,,63.3,,,,,,,,,,1
238,20190238,F,0,NA,JAE Ordinary Admission,METHODIST GIRLS' SCHOOL (SECONDARY),0,60,,,74.5,,,,66.8,,,,,63.2,,,,,,,,,57.6,,,,,,,,,,,,,,,,,,,1
239,20190239,M,254,NA,IP (X),SCHOOL X,0,54,,,33,,,,,,,,,41.6,,,,39.8,,,,,,,,,,,,38.3,,,,,,,,,,,,1
240,20190240,M,0,NA,JAE Ordinary Admission,CATHOLIC HIGH SCHOOL,0,58,,,74,,,,68.6,54.3,,,,48,,,,,,,,,,,,,,,,,,,,,,,41,,,,,1
241,20190241,M,245,NA,IP (X),SCHOOL X,0,61,,,49,,,50.4,41.3,,,,,50.1,,,,,,,,,,,,,,,,,,,,,,,,,,,,1
242,20190242,F,251,NA,IP (Y),SCHOOL Y,0,67,,,73.5,,,65.7,67.7,,,,,65.3,,,,,,,,,,,,,,,,,,,,,,,,,,,,2
243,20190243,F,261,NA,IP (Y),SCHOOL Y,0,57,,,66,,,,64.6,59.6,,,,50.8,,,,,,,,,,,,,,,,,,,,,,,,,,,,1
244,20190244,F,0,NA,JAE Ordinary Admission,NAN HUA HIGH SCHOOL,0,48,,,43,,,,40.4,52.9,,,,MC,,,,,,,,,,,,,,,,,,,,,,,,,,,,1
245,20190245,F,263,NA,IP (Y),SCHOOL Y,0,63,,,50.5,,,,29,46.7,,,,45.3,,,,,,,,,,,,,,,,,,,,,,,,,,,,1
246,20190246,F,0,NA,JAE Ordinary Admission,ZHONGHUA SECONDARY SCHOOL,0,60,,,56,,,,58.7,58,,,,65.6,,,,,,,,,,,,,,,,,,,,,,,,,,,,1
247,20190247,F,268,NA,IP (Y),SCHOOL Y,0,58,,,29.5,,,,51.9,51.9,,,,,,,,,,,,69,,,,,,,,,,,,,,,,,,,,1
248,20190248,F,269,NA,IP (Y),SCHOOL Y,0,69,,,41,,,,46.3,65,,,,,,,,,,,,,,75,,,,,,,,,,,,,,,,,,1
249,20190249,F,0,NA,JAE Ordinary Admission,CEDAR GIRLS' SECONDARY SCHOOL,0,58,,,32,,,,,,,,,36.8,,45,,,,,,,,,,,,,,49.1,,,,,,,,,,,,1
250,20190250,F,266,NA,IP (Y),SCHOOL Y,0,60,,,62.5,,,,65.4,68.1,,,,,,,,,,,,,72.4,,,,,,,,,,,,,,,,,,,2
251,20190251,F,266,NA,IP (Y),SCHOOL Y,0,70,,,60.5,,,,61.9,71.6,,,,59.9,,,,,,,,,,,,,,,,,,,,,,,,,,,,1
252,20190252,M,264,NA,IP (X),SCHOOL X,0,68,,,85.5,,,79.9,88.2,,,,,,,,,,,,,,,,82.3,,,,,,,,,,,,,,,,,1
253,20190253,M,0,NA,JAE Ordinary Admission,CATHOLIC HIGH SCHOOL,0,58,,,67,,,,65.4,69.1,,,,61.1,,,,,,,,,,,,,,,,,,,,,,,,,,,,1
254,20190254,F,239,NA,DSA (CCA),CHUNG CHENG HIGH SCHOOL (MAIN),0,57,,,42.5,,,40.9,,,,,,45.1,,,,,,,,,,,,,,,,53.9,,,,,,,,,,,,1
255,20190255,M,260,NA,IP (X),SCHOOL X,0,,70,,55.5,,,60.9,48.1,,,,,,,,,,,,,,,,,,,,,,,,,,,,,,,,,1
256,20190256,M,0,NA,JAE Ordinary Admission,CATHOLIC HIGH SCHOOL,0,61,,,70,,,64.3,61.8,,,,,60.3,,,,,,,,,,,,,,,,,,,,,,,,,,,,1
257,20190257,M,0,NA,JAE Ordinary Admission,NAN HUA HIGH SCHOOL,0,58,,,33.5,,,,39.7,55.5,,,,40,,,,,,,,,,,,,,,,,,,,,,,,,,,,2
258,20190258,M,260,NA,IP (X),SCHOOL X,0,65,,,77,,,,72.5,72.5,,,,56.9,,,,,,,,,,,,,,,,,,,,,,,,,,,,1
259,20190259,F,261,NA,IP (Y),SCHOOL Y,0,64,,,41.5,,,,,,56.7,,,48,,59.5,,,,,,,,,,,,,,,,,,,,,,,,,,1
260,20190260,M,0,NA,IP (X),SCHOOL X,0,,,78.3,,,,,,,,58.7,,,,,61.5,,,,,,,,,,60.7,,,,,,,,,,,,,,,2
261,20190261,M,250,NA,IP (X),SCHOOL X,0,59,,,48,,,44.2,39,,,,,,,,,,,,,,,,,,,,,,,37.8,,,,,,,,,,1
262,20190262,F,242,NA,IP (Y),SCHOOL Y,0,58,,,,,,,,,64.7,,,51.2,,61.5,,,,,,,,,,,,46,,,,,,,,,,,,,,1
263,20190263,F,261,NA,IP (Y),SCHOOL Y,0,59,,,74,,,,74.9,65.4,,,,55.6,,,,,,,,,,,,,,,,,,,,,,,,,,,,1
264,20190264,F,262,NA,IP (Y),SCHOOL Y,0,64,,,55,,,,58.9,,,,,75.6,,,,72.5,,,,,,,,,,,,,,,,,,,,,,,,1
265,20190265,F,259,NA,IP (Y),SCHOOL Y,0,61,,,49,,54.6,46.8,,,,,,44.9,,,,,,,,,,,,,,,,,,,,,,,,,,,,1
266,20190266,F,265,NA,IP (Y),SCHOOL Y,0,60,,,70,54.5,,64,,,,,,53.9,,,,,,,,,,,,,,,,,,,,,,,,,,,,2
267,20190267,M,266,NA,IP (X),SCHOOL X,0,72,,,73,,,75.6,81.4,,,,,66.1,,,,,,,,,,,,,,,,,,,,,,,55,,,,,2
268,20190268,M,255,NA,IP (X),SCHOOL X,0,52,,,66,,,75.4,62.9,,,,,53.6,,,,,,,,,,,,,,,,,,,,,,,,,,,,0
269,20190269,F,0,NA,JAE Ordinary Admission,PRESBYTERIAN HIGH SCHOOL,0,47,,,64,,,60.7,54.5,,,,,,,,,,,,,72,,,,,,,,,,,,,33,,,,,,,1
270,20190270,M,241,NA,DSA,ANGLICAN HIGH SCHOOL,0,,,80,37,,,,,,,65,,,47.9,,,,,,,,,,,,,,,,,,,,,,,,,,,2
271,20190271,F,261,NA,IP (Y),SCHOOL Y,0,55,,,51.5,,,,63,63.4,,,,43.6,,,,,,,,,,,,,,,,,,,,,,,,,,,,1
272,20190272,M,254,NA,IP (X),SCHOOL X,0,58,,,61,,,64.4,,,,,,59.7,,,,,,,,,66.2,,,,,,,,,,,,,,,,,,,1
273,20190273,F,268,NA,IP (Y),SCHOOL Y,0,79,,,76,,,,75.8,70.8,,,,74.4,,,,,,,,,,,,,,,,,,,,,,,,,,,,1
274,20190274,F,249,NA,IP (Y),SCHOOL Y,0,56,,,70.5,,,,58.2,66.7,,,,,,,,,,,85.6,,,,,,,,,,,,,,,,,,,,,1
275,20190275,F,267,NA,IP (Y),SCHOOL Y,0,60,,,71,,,79.7,78.2,,,,,64.8,,,,,,,,,,,,,,,,,,,,,,,,,,,,2
276,20190276,F,261,NA,IP (Y),SCHOOL Y,0,73,,,61,,48.2,54.7,,,,,,53.6,,,,,,,,,,,,,,,,,,,,,,,,,,,,1
277,20190277,M,0,NA,JAE Ordinary Admission,SCHOOL X,0,58,,,51,,,58.4,55.1,,,,,51.6,,,,,,,,,,,,,,,,,,,,,,,,,,,,1
278,20190278,M,254,NA,IP (X),SCHOOL X,0,63,,,80.5,,,71.5,79.2,,,,,66.4,,,,,,,,,,,,,,,,,,,,,,,,,,,,1
279,20190279,F,0,NA,JAE Ordinary Admission,NAN HUA HIGH SCHOOL,0,57,,,52,,,,55.9,56.7,,,,57.5,,,,,,,,,,,,,,,,,,,,,,,,,,,,1
280,20190280,F,0,NA,JAE Ordinary Admission,METHODIST GIRLS' SCHOOL (SECONDARY),0,62,,,42.5,,,,55.7,56.8,,,,48.4,,,,,,,,,,,,,,,,,,,,,,,,,,,,1
281,20190281,M,260,NA,IP (X),SCHOOL X,0,59,,,47,,,55.5,53.5,,,,,50.9,,,,,,,,,,,,,,,,,,,,,,,,,,,,1
282,20190282,M,256,NA,IP (X),SCHOOL X,0,60,,,87,70,,81.3,,,,,,62.1,,,,,,,,,,,,,,,,,,,,,,78,,,,,,1
283,20190283,F,258,NA,IP (Y),SCHOOL Y,0,67,,,48,,40.4,51.4,,,,,,55.9,,,,,,,,,,,,,,,,,,,,,,,,,,,,1
284,20190284,F,264,NA,IP (Y),SCHOOL Y,0,59,,,54.5,,,,55.5,57.2,,,,,,,,,,,,,,,,,,,,,,,55,,,,,,,,,1
285,20190285,M,256,NA,IP (X),SCHOOL X,0,58,,,55.5,,,,,,,,,49.6,,,,,,,,65.3,60.5,,,,,,,,,,,,,,,,,,,0
286,20190286,F,247,NA,IP (Y),SCHOOL Y,0,62,,,55,,,,63.3,55.6,,,,60,,,,,,,,,,,,,,,,,,,,,,,,,,,,1
287,20190287,F,257,NA,IP (Y),SCHOOL Y,0,67,,,41.5,,45,45.7,,,,,,,,,,,,,,,,61.5,,,,,,,,,,,,,,,,,,1
288,20190288,F,264,NA,IP (Y),SCHOOL Y,0,62,,,60,,,,,,,58,,,54.1,,,,,,,,58.6,,,,,,,,,,,,,,,,,,,1
289,20190289,F,257,NA,IP (Y),SCHOOL Y,0,82,,,58,,,,,,,70.3,,,53.1,,71,,,,,,,,,,,,,,,,,,,,,,,,,1
290,20190290,M,0,NA,JAE Ordinary Admission,CATHOLIC HIGH SCHOOL,0,59,,,69,,,73.8,44.7,,,,,52.5,,,,,,,,,,,,,,,,,,,,,,,,,,,,1
291,20190291,F,260,NA,IP (Y),SCHOOL Y,0,,69.2,,60.5,,,62.8,53,,,,,,,,,,,,,,,,,,,,,,,72.2,,,,,,,,,,1
292,20190292,M,255,NA,IP (X),SCHOOL X,0,63,,,74.5,,,,71.2,63.6,,,,65.9,,,,,,,,,,,,,,,,,,,,,,,,57.3,,,,1
293,20190293,M,0,NA,IP (X),SCHOOL X,0,54,,,50.5,,,53.9,48.8,,,,,54.8,,,,,,,,,,,,,,,,,,,,,,,,,,,,0
294,20190294,F,267,NA,IP (Y),SCHOOL Y,0,63,,,83,,,,83,75,,,,,,,,,,,,,,,,,,,,,,80,,,,,,,,,,1
295,20190295,F,267,NA,IP (Y),SCHOOL Y,0,58,,,73.5,,,,59.9,65.9,,,,54.8,,,,,,,,,,,,,,,,,,,,,,,,,,,,2
296,20190296,F,260,NA,IP (Y),SCHOOL Y,0,69,,,42,,63.4,58,,,,,,57.9,,,,,,,,,,,,,,,,,,,,,,,,,,,,1
297,20190297,M,265,NA,IP (X),SCHOOL X,0,66,,,87,,96,,85.4,,,,,60.9,,,,,,,,,,,,,,,,,,,,,,,58.5,,,,,1
298,20190298,F,0,NA,JAE Ordinary Admission,NAN HUA HIGH SCHOOL,0,57,,,47,,,,,,56,,,54.1,,56.5,,,,,,,,,,,,,,,,,,,,,,,,,,1
299,20190299,F,262,NA,IP (Y),SCHOOL Y,0,76,,,54,,,,,,,70.3,,,60.8,,65,,,,,,,,,,,,,,,,,,,,,,,,,1
300,20190300,F,260,NA,IP (Y),SCHOOL Y,0,54,,,58.5,,,75.6,64.7,,,,,,,,,,,,,,71.4,,,,,,,,,,,,,,,,,,,1
301,20190301,F,264,NA,IP (Y),SCHOOL Y,0,64,,,90,,,76.5,82.1,,,,,63.5,,,,,,,,,,,,,,,,,,,,,,,,,,,,1
302,20190302,F,262,NA,IP (Y),SCHOOL Y,0,61,,,81,,,75.8,74.6,,,,,67.1,,,,,,,,,,,,,,,,,,,,,,,39.5,,,,,1
303,20190303,M,257,NA,IP (X),SCHOOL X,0,55,,,45,,,,43.6,51.8,,,,48.3,,,,,,,,,,,,,,,,,,,,,,,,,,,,1
304,20190304,M,0,NA,JAE Ordinary Admission,BEDOK GREEN SECONDARY SCHOOL,0,55,,,66.5,,,79,59.8,,,,,53.6,,,,,,,,,,,,,,,,,,,,,,73,,,,,,1
305,20190305,M,264,NA,IP (X),SCHOOL X,0,66,,,80,,,,76.9,69.2,,,,60,,,,,,,,,,,,,,,,,,,,,,,49,,,,,1
306,20190306,M,256,NA,IP (X),SCHOOL X,0,66,,,69.5,,,79.3,64.3,,,,,59.9,,,,,,,,,,,,,,,,,,,,,,,,,,,,1
307,20190307,F,266,NA,IP (Y),SCHOOL Y,0,66,,,74,,,,73.8,,,,,72.8,,,,,,,,,66.7,,,,,,,,,,,,,,,,,,,2
308,20190308,F,266,NA,IP (Y),SCHOOL Y,0,67,,,67.5,,,,62,62.7,,,,,,,,76,,,,,,,,,,,,,,,,,,,,,,,,2
309,20190309,M,0,NA,JAE Ordinary Admission,MARIS STELLA HIGH SCHOOL,0,64,,,62.5,,,57.9,59.7,,,,,,,,,,,,,69.3,,,,,,,,,,,,,,,,,,,,1
310,20190310,F,0,NA,IP (Y),SCHOOL Y,0,57,,,58.5,,,,60.5,55.7,,,,55.1,,,,,,,,,,,,,,,,,,,,,,,,,,,,1
311,20190311,M,257,NA,IP (X),SCHOOL X,0,63,,,84,,,84.5,81.9,,,,,64.1,,,,,,,,,,,,,,,,,,,,,,,,,,,,2
312,20190312,F,0,NA,JAE Ordinary Admission,NAN HUA HIGH SCHOOL,0,64,,,47.5,,,,49.5,,58.7,,,64,,,,,,,,,,,,,,,,,,,,,,,,,,,,2
313,20190313,M,0,NA,JAE Ordinary Admission,CATHOLIC HIGH SCHOOL,0,58,,,50.5,,,,66.6,63.4,,,,61.3,,,,,,,,,,,,,,,,,,,,,,,,,,,,1
314,20190314,M,254,NA,IP (X),SCHOOL X,0,62,,,69,,,66.8,,,64,,,64.3,,,,,,,,,,,,,,,,,,,,,,,,,,,,1
315,20190315,F,0,NA,JAE Ordinary Admission,CHIJ ST. NICHOLAS GIRLS' SCHOOL,0,59,,,64.5,,,,,57.6,,,,52.8,,,,,,,,,,,,,,,,73.1,,,,,,,,,,,,1
316,20190316,F,0,NA,JAE Ordinary Admission,NAN HUA HIGH SCHOOL,0,60,,,61,,,59.5,67.7,,,,,61.6,,,,,,,,,,,,,,,,,,,,,,,,,,,,1
317,20190317,M,255,NA,IP (X),SCHOOL X,0,54,,,64.5,,,69.7,67.2,,,,,49.9,,,,,,,,,,,,,,,,,,,,,,45,,,,,,2
318,20190318,M,262,NA,IP (X),SCHOOL X,0,62,,,79,,,77,73,,,,,,,,,,,,,,68.6,,,,,,,,,,,,,,,,,,,1
319,20190319,M,262,NA,IP (X),SCHOOL X,0,69,,,70.5,,,72.3,68.8,,,,,63.2,,,,,,,,,,,,,,,,,,,,,,,,,,,,2
320,20190320,M,0,NA,JAE Ordinary Admission,FAIRFIELD METHODIST SCHOOL (SECONDARY),0,75,,,87.5,,,,88.1,,,,,77.7,,,,77.1,,,,,,,,,,,,,,,,,,,,,,,,1
321,20190321,M,0,NA,JAE Ordinary Admission,COMMONWEALTH SECONDARY SCHOOL,0,60,,,68,,,69.7,59.8,,,,,59.7,,,,,,,,,,,,,,,,,,,,,,,,,,,,1
322,20190322,M,0,NA,JAE Ordinary Admission,CATHOLIC HIGH SCHOOL,0,68,,,72,,,73.3,69.9,,,,,59.5,,,,,,,,,,,,,,,,,,,,,,,,,,,,1
323,20190323,M,254,NA,IP (X),SCHOOL X,0,59,,,72,,,62.7,59.6,,,,,56,,,,,,,,,,,,,,,,,,,,,,,,,,,,1
324,20190324,F,0,NA,JAE Ordinary Admission,CEDAR GIRLS' SECONDARY SCHOOL,0,66,,,60.5,,69.8,64.9,,,,,,56.3,,,,,,,,,,,,,,,,,,,,,,,,,,,,2
325,20190325,F,0,NA,JAE Ordinary Admission,NAN HUA HIGH SCHOOL,0,53,,,60,,,69.3,63.7,,,,,53.6,,,,,,,,,,,,,,,,,,,,,,,,,,,,1
326,20190326,F,244,NA,Appeals (Academic),CRESCENT GIRLS' SCHOOL,0,56,,,47.5,,,,47.6,54.4,,,,54.1,,,,,,,,,,,,,,,,,,,,,,,,,,,,1
327,20190327,F,262,NA,IP (Y),SCHOOL Y,0,60,,,46.5,,,,57,55.7,,,,,,,,,,,,,,,,,,,,,,60,,,,,,,,,,1
328,20190328,F,256,NA,IP (Y),SCHOOL Y,0,60,,,72,,,81.6,82,,,,,63.9,,,,,,,,,,,,,,,,,,,,,,,42.5,,,,,1
329,20190329,M,256,NA,IP (X),SCHOOL X,0,63,,,80,,,71.9,74.3,,,,,57.6,,,,,,,,,,,,,,,,,,,,,,,,,,,,1
330,20190330,M,255,NA,IP (X),SCHOOL X,0,67,,,71,,,,56.9,,67.3,,,52.3,,,,,,,,,,,,,,,,,,,,,,,,,,,,1
331,20190331,F,264,NA,IP (Y),SCHOOL Y,0,65,,,,,,,,,64,,,45.2,,,,,,69.5,,,,,,,,21,,,,,,,,,,,,64.2,,1
332,20190332,M,0,NA,IP (X),SCHOOL X,0,,77.5,,72,,71.2,72.1,,,,,,,,,,,,,,,,,,,,,,,,,,,38,,,,,,,2
333,20190333,F,261,NA,IP (Y),SCHOOL Y,0,60,,,45,,,,,,,,,65.9,,63,,,,,,,74.3,,,,,,,,,,,,,,,,,,,1
334,20190334,M,256,NA,IP (X),SCHOOL X,0,63,,,60.5,,,76.3,70,,,,,,,,,,,,,,73.3,,,,,,,,,,,,,,44.5,,,,,2
335,20190335,M,0,NA,IP (X),SCHOOL X,0,,75.8,,75,,,81.6,70.4,,,,,,,,,,,,,,,,,,,,,,,,,,60,,,,,,,2
336,20190336,M,261,NA,IP (X),SCHOOL X,0,60,,,,,,,,,58,,,48.3,,,,44,,,,,,,,,,45,,,,,,,,,,,,,,1
337,20190337,M,0,NA,JAE Ordinary Admission,YUYING SECONDARY SCHOOL,0,54,,,76,,,77.8,68.9,,,,,53.9,,,,,,,,,,,,,,,,,,,,,,,20.5,,,,,1
338,20190338,F,269,NA,IP (Y),SCHOOL Y,0,68,,,61.5,,52,60.5,,,,,,44.7,,,,,,,,,,,,,,,,,,,,,,,,,,,,2
339,20190339,F,0,NA,JAE Ordinary Admission,NAN HUA HIGH SCHOOL,0,51,,,40.5,,,,51,53.2,,,,50.1,,,,,,,,,,,,,,,,,,,,,,,,,,,,2
340,20190340,M,257,NA,IP (X),SCHOOL X,0,54,,,73.5,,,,56.6,57.3,,,,40.9,,,,,,,,,,,,,,,,,,,,,27,,,,,,,1
341,20190341,M,259,NA,IP (X),SCHOOL X,0,64,,,76.5,,87,,82.4,,,,,,,,,,,,,,68.6,,,,,,,,,,,,,,45.5,,,,,1
342,20190342,M,0,NA,JAE Ordinary Admission,CATHOLIC HIGH SCHOOL,0,51,,,73,,,64.8,75.6,,,,,60,,,,,,,,,,,,,,,,,,,,,,,,,,,,1
343,20190343,M,0,NA,DSA,ST. JOSEPH'S INSTITUTION,0,60,,,71,50.5,,77.3,,,,,,,,,,,,78,,,,,,,,,,,,,,,,,,,,57.5,,2
344,20190344,M,0,NA,JAE Ordinary Admission,MARIS STELLA HIGH SCHOOL,0,61,,,50,,,66.8,65,,,,,54.8,,,,,,,,,,,,,,,,,,,,,,,,,,,,1
345,20190345,M,0,NA,JAE Ordinary Admission,GAN ENG SENG SCHOOL,0,52,,,55,,,,61.8,66.9,,,,55.1,,,,,,,,,,,,,,,,,,,,,,,,,,,,1
346,20190346,M,255,NA,IP (X),SCHOOL X,0,66,,,79,,,83.3,83.5,,,,,68,,,,,,,,,,,,,,,,,,,,,,,55.5,,,,,1
347,20190347,F,231,NA,IP (Y),SCHOOL Y,0,55,,,53,,,,,,,,,63.6,,68,,,,,,,,,,,,,,55.7,,,,,,,,,,,,1
348,20190348,F,244,NA,IP (Y),SCHOOL Y,0,67,,,57,,,,62.1,58.7,,,,60.5,,,,,,,,,,,,,,,,,,,,,,,,,,,,1
349,20190349,M,0,NA,JAE Ordinary Admission,MARIS STELLA HIGH SCHOOL,0,64,,,55.5,,,62.6,47.4,,,,,49.6,,,,,,,,,,,,,,,,,,,,,,,,,,,,0
350,20190350,M,0,NA,JAE Ordinary Admission,MARIS STELLA HIGH SCHOOL,0,62,,,71.5,,,,71.7,61,,,,,,,,,,,,58.5,,,,,,,,,,,,,,,32,,,,,1
351,20190351,M,241,NA,IP (X),SCHOOL X,0,59,,,66,,,49.8,52.3,,,,,46.3,,,,,,,,,,,,,,,,,,,,,,,,,,,,1
352,20190352,M,232,NA,IP (X),SCHOOL X,0,57,,,58.5,,,55.3,56.3,,,,,52.8,,,,,,,,,,,,,,,,,,,,,,,,,,,,1
353,20190353,M,251,NA,IP (X),SCHOOL X,0,59,,,62.5,,,65,59.9,,,,,53.7,,,,,,,,,,,,,,,,,,,,,,,,,,,,1
354,20190354,F,0,NA,IP (Y),SCHOOL Y,0,63,,,,,,,,,,,64.5,54.8,,,,,,79.5,,,,,,,,57,,,,,,,,,,,,55,,1
355,20190355,F,272,NA,IP (Y),SCHOOL Y,0,77,,,87,,,77.5,80,,,,,72.7,,,,,,,,,,,,,,,,,,,,,,,,,,,,1
356,20190356,M,261,NA,IP (X),SCHOOL X,0,62,,,44.5,,,,49.7,60.2,,,,,,,,,,,,,,,,,,,,,,53.3,,,,,,,,,,1
357,20190357,F,0,NA,JAE Ordinary Admission,SWISS COTTAGE SECONDARY SCHOOL,0,51,,,44,,,,56.6,58.5,,,,51.9,,,,,,,,,,,,,,,,,,,,,,,,,,,,1
358,20190358,M,256,NA,IP (X),SCHOOL X,0,56,,,54,,,54.7,55.5,,,,,50.4,,,,,,,,,,,,,,,,,,,,,,,,,,,,1
359,20190359,F,260,NA,IP (Y),SCHOOL Y,0,58,,,61.5,,,63.9,61.3,,,,,60.1,,,,,,,,,,,,,,,,,,,,,,,,,,,,1
360,20190360,F,256,NA,IP (Y),SCHOOL Y,0,56,,,37.5,,,,47.1,39.3,,,,,,,,,,,,,,,,,,,,,,56.7,,,,,,,,,,1
361,20190361,M,254,NA,IP (X),SCHOOL X,0,66,,,74.5,,,,84.8,77.4,,,,69.9,,,,,,,,,,,,,,,,,,,,,,,49,,,,,1
362,20190362,F,0,NA,JAE Ordinary Admission,NAN HUA HIGH SCHOOL,0,57,,,74.5,,,77.9,65.7,,,,,56.4,,,,,,,,,,,,,,,,,,,,,,,,,,,,2
363,20190363,M,257,NA,IP (X),SCHOOL X,0,64,,,59,,,,56.4,54.9,,,,60.8,,,,,,,,,,,,,,,,,,,,,,,,,,,,1
364,20190364,M,257,NA,IP (X),SCHOOL X,0,,,68.3,,,,,,,,75,,,60.3,,67.5,,,,,,,,,,,,,,,,,,,,,,,,,1
365,20190365,M,0,NA,JAE Ordinary Admission,CATHOLIC HIGH SCHOOL,0,61,,,64,,,56.5,41.9,,,,,59.1,,,,,,,,,,,,,,,,,,,,,,,,,,,,2
366,20190366,M,0,NA,JAE Ordinary Admission,"SCHOOL OF SCIENCE AND TECHNOLOGY, SINGAPORE",0,65,,,63,,,68.5,60.9,,,,,53.5,,,,,,,,,,,,,,,,,,,,,,,,,,,,1
367,20190367,F,253,NA,IP (Y),SCHOOL Y,0,68,,,84.5,,,,73.9,85.7,,,,59.6,,,,,,,,,,,,,,,,,,,,,,,,,,,,1
368,20190368,F,0,NA,JAE Ordinary Admission,CHIJ ST. NICHOLAS GIRLS' SCHOOL,0,52,,,45.5,,,,50.9,,51.3,,,,,,,,,,,,,,,,,,55.5,,,,,,,,,,,,,1
369,20190369,M,253,NA,IP (X),SCHOOL X,0,53,,,52,,,58.1,46.9,,,,,,,,,,,,,,,,,,,,,,,45.6,,,,,,,,,,1
370,20190370,F,0,NA,JAE Ordinary Admission,TANJONG KATONG GIRLS' SCHOOL,0,63,,,56,,,50.7,54.6,,,,,54.7,,,,,,,,,,,,,,,,,,,,,,,,,,,,1
371,20190371,M,257,NA,IP (X),SCHOOL X,0,59,,,,,,,,,56.7,,,49.5,,54.5,,,,,,,,,,,,54,,,,,,,,,,,,,,0
372,20190372,F,265,NA,IP (Y),SCHOOL Y,0,51,,,59.5,,,,43.5,46.9,,,,54,,,,,,,,,,,,,,,,,,,,,,,,,,,,1
373,20190373,F,0,NA,JAE Ordinary Admission,ANGLICAN HIGH SCHOOL,0,58,,,47,,,,50.2,54.2,,,,53.3,,,,,,,,,,,,,,,,,,,,,,,,,,,,1
374,20190374,F,254,NA,IP (Y),SCHOOL Y,0,58,,,85,,,78.6,79.1,,,,,66.1,,,,,,,,,,,,,,,,,,,,,,,49.5,,,,,2
375,20190375,F,0,NA,JAE Ordinary Admission,WOODLANDS SECONDARY SCHOOL,0,49,,,45.5,,,,52.2,,,,,62.3,,,,,,,,,74.8,,,,,,,,,,,,,,,,,,,1
376,20190376,M,0,NA,JAE Ordinary Admission,BEATTY SECONDARY SCHOOL,0,39,,,30.5,,,51.6,32.5,,,,,,,,,,,,,57.5,,,,,,,,,,,,,,,,,,,,1
377,20190377,M,262,NA,IP (X),SCHOOL X,0,66,,,70.5,,,66.7,57.9,,,,,53.2,,,,,,,,,,,,,,,,,,,,,,,,,,,,1
378,20190378,F,266,NA,IP (Y),SCHOOL Y,0,68,,,63.5,,,,,,,62.7,,,65.9,,63.5,,,,,,,,,,,,,,,,,,,,,,56,,,2
379,20190379,M,0,NA,JAE Ordinary Admission,CATHOLIC HIGH SCHOOL,0,77,,,69,,,63.4,57.5,,,,,59.5,,,,,,,,,,,,,,,,,,,,,,,,,,,,1
380,20190380,F,0,NA,JAE Ordinary Admission,KUO CHUAN PRESBYTERIAN SECONDARY SCHOOL,0,64,,,58.5,,,,50.5,55.9,,,,48.3,,,,,,,,,,,,,,,,,,,,,,,,,,,,0
381,20190381,F,259,NA,IP (Y),SCHOOL Y,0,64,,,72,,,73.9,69,,,,,67.1,,,,,,,,,,,,,,,,,,,,,,,,,,,,2
382,20190382,F,258,NA,IP (Y),SCHOOL Y,0,70,,,65,,,,,,,68,,,69.9,,67,,,,,,,,,,,,,,,,,,,,,,,,,1
383,20190383,M,260,NA,IP (X),SCHOOL X,0,80,,,93,,,90.7,86.9,,,,,75.2,,,,,,,,,,,,,,,,,,,,,,,76,,,,,1
384,20190384,F,265,NA,IP (Y),SCHOOL Y,0,60,,,60,,,,76.7,73.3,,,,63.5,,,,,,,,,,,,,,,,,,,,,,,52.5,,,,,1
385,20190385,F,249,NA,DSA (CCA),CHIJ ST. NICHOLAS GIRLS' SCHOOL,0,60,,,42,,,,55.2,51.3,,,,50.5,,,,,,,,,,,,,,,,,,,,,,,,,,,,2
386,20190386,F,268,NA,IP (Y),SCHOOL Y,0,61,,,61,,,55.1,60.3,,,,,52.4,,,,,,,,,,,,,,,,,,,,,,,,,,,,1
387,20190387,M,0,NA,JAE Ordinary Admission,ANGLO-CHINESE SCHOOL (INDEPENDENT),0,64,,,61.5,,,69.4,64.4,,,,,,,,,60.7,,,,,,,,,,,,,,,,,,,,,,,,1
388,20190388,M,240,NA,IP (X),SCHOOL X,0,52,,,86.5,,,,81.7,67.3,,,,51.1,,,,,,,,,,,,,,,,,,,,,,,56.5,,,,,2
389,20190389,M,256,NA,IP (X),SCHOOL X,0,55,,,16,,,,46.3,,,,,MC,,,,,,,,,,,,,,,33.5,,,,,,,,,,,,,1
390,20190390,M,264,NA,IP (X),SCHOOL X,0,67,,,57,,,,,,65.3,,,65.6,,,,,,,,,65.7,,,,,,,,,,,,,,,,,,,1
391,20190391,M,245,NA,DSA,CATHOLIC HIGH SCHOOL,0,75,,,60.5,,,,,,,66.3,,,69.7,,69.5,,,,,,,,,,,,,,,,,,,,,,,,,1
392,20190392,M,259,NA,IP (X),SCHOOL X,0,67,,,78.5,,,81.1,79.6,,,,,61.9,,,,,,,,,,,,,,,,,,,,,,,,,,,,2
393,20190393,M,241,NA,IP (X),SCHOOL X,0,52,,,59.5,,,54,63.7,,,,,55.5,,,,,,,,,,,,,,,,,,,,,,,,,,,,1
394,20190394,M,253,NA,IP (X),SCHOOL X,0,67,,,67,,,71,63.3,,,,,,,,,,,,,,64.8,,,,,,,,,,,,,,,,,,,1
395,20190395,M,258,NA,IP (X),SCHOOL X,0,74,,,84.5,,,87.2,85.1,,,,,,,,,77.2,,,,,,,,,,,,,,,,,,,,,,,,1
396,20190396,F,258,NA,IP (Y),SCHOOL Y,0,69,,,55,,,,63.5,65.3,,,,,,,,,,,,,72.4,,,,,,,,,,,,,,,,,,,1
397,20190397,F,0,NA,JAE Ordinary Admission,NAN HUA HIGH SCHOOL,0,53,,,61,,,,48.3,47.8,,,,39.2,,,,,,,,,,,,,,,,,,,,,,,,,,,,1
398,20190398,F,0,NA,JAE Ordinary Admission,ZHONGHUA SECONDARY SCHOOL,0,71,,,63.5,,,,54.3,,,,,61.7,,66,,,,,,,,,,,,,,,,,,,,,,,,,,2
399,20190399,M,0,NA,JAE Ordinary Admission,MARIS STELLA HIGH SCHOOL,0,62,,,37,,,,,52.4,,,,56.8,,,,,,,,,,,,,,,,59.9,,,,,,,,,,,,1
400,20190400,F,244,NA,IP (Y),SCHOOL Y,0,67,,,67,,,,69.2,60.2,,,,65.6,,,,,,,,,,,,,,,,,,,,,,,,,,,,2
401,20190401,M,256,NA,IP (X),SCHOOL X,0,65,,,55,,,61.6,59.3,,,,,57.5,,,,,,,,,,,,,,,,,,,,,,,,,,,,1
402,20190402,M,251,NA,IP (X),SCHOOL X,0,64,,,54,,,58.6,65.2,,,,,57.2,,,,,,,,,,,,,,,,,,,,,,,,,,,,1
403,20190403,M,260,NA,IP (X),SCHOOL X,0,60,,,60.5,,,62.6,52.1,,,,,48.5,,,,,,,,,,,,,,,,,,,,,,,,,,,,1
404,20190404,F,267,NA,IP (Y),SCHOOL Y,0,68,,,52,,,,54.7,67.4,,,,,,,,,,,,,62.4,,,,,,,,,,,,,,,,,,,1
405,20190405,M,0,NA,JAE Ordinary Admission,NAN HUA HIGH SCHOOL,0,67,,,79.5,,,,73.3,74.2,,,,53.2,,,,,,,,,,,,,,,,,,,,,,,,,,,,2
406,20190406,M,257,NA,IP (X),SCHOOL X,0,54,,,30,,,35.1,,,,,,36.9,,,,,,,,,,,,,,,,27.5,,,,,,,,,,,,1
407,20190407,F,0,NA,JAE Ordinary Admission,METHODIST GIRLS' SCHOOL (SECONDARY),0,57,,,50,,,,49.4,,52.7,,,,,,,,,,,,,,,,,,62.2,,,,,,,,,,,,,1
408,20190408,F,228,NA,Appeals (Academic),CHIJ KATONG CONVENT,0,55,,,78,,,69.3,72.8,,,,,,,,,62.9,,,,,,,,,,,,,,,,,,,,,,,,1
409,20190409,F,265,NA,IP (Y),SCHOOL Y,0,68,,,53.5,,,,61.2,56.3,,,,59.5,,,,,,,,,,,,,,,,,,,,,,,,,,,,1
410,20190410,F,247,NA,IP (Y),SCHOOL Y,0,76,,,44.5,,,,57,64.1,,,,58.8,,,,,,,,,,,,,,,,,,,,,,,,,,,,1
411,20190411,F,238,NA,IP (Y),SCHOOL Y,0,52,,,52,,,,43.4,59,,,,49.2,,,,,,,,,,,,,,,,,,,,,,,,,,,,1
412,20190412,F,0,NA,JAE Ordinary Admission,ANDERSON SECONDARY SCHOOL,0,58,,,37,,,58,49.6,,,,,52.7,,,,,,,,,,,,,,,,,,,,,,,,,,,,1
413,20190413,F,0,NA,JAE Ordinary Admission,CHUNG CHENG HIGH SCHOOL (YISHUN),0,60,,,56.5,,,46,45.8,,,,,43.5,,,,,,,,,,,,,,,,,,,,,,,,,,,,1
414,20190414,F,259,NA,IP (Y),SCHOOL Y,0,58,,,54.5,,,57.1,57.2,,,,,55.7,,,,,,,,,,,,,,,,,,,,,,,,,,,,1
415,20190415,M,259,NA,IP (X),SCHOOL X,0,63,,,48,,,53,,,,,,59.7,,,,62.8,,,,,,,,,,,,,,,,,,,,,,,,1
416,20190416,F,261,NA,IP (Y),SCHOOL Y,0,64,,,74.5,,,,,,,,,60,,,,,,,,68.5,,71,,,,,,,,,,,,,,,,,78,1
417,20190417,M,257,NA,IP (X),SCHOOL X,0,63,,,69,,,66,54.2,,,,,48.8,,,,,,,,,,,,,,,,,,,,,,,,,,,,1
418,20190418,M,250,NA,IP (X),SCHOOL X,0,60,,,53.5,,,,58.3,67.6,,,,62.1,,,,,,,,,,,,,,,,,,,,,,,,,,,,1
419,20190419,M,257,NA,IP (X),SCHOOL X,0,73,,,78.5,,,83.5,82.2,,,,,72.5,,,,,,,,,,,,,,,,,,,,,,,,,,,,1
420,20190420,F,250,NA,IP (Y),SCHOOL Y,0,58,,,60,,,,37.7,,63.3,,,,,,,,,,,,,,,,,,,,,50,,,,,,,,,,1
421,20190421,F,0,NA,JAE Ordinary Admission,NAN HUA HIGH SCHOOL,0,52,,,53.5,,,,60,59.2,,,,51.1,,,,,,,,,,,,,,,,,,,,,,,,,,,,1
422,20190422,F,248,NA,DSA,METHODIST GIRLS' SCHOOL (SECONDARY),0,69,,,72.5,,,,75.1,73.6,,,,,,,,78.7,,,,,,,,,,,,,,,,,,,,,,,,1
423,20190423,F,216,NA,IP (Y),SCHOOL Y,0,52,,,39.5,,,44.2,,,,,,50.4,,,,,,,,,,,,,,,,,,,,45,,,,,,,,1
424,20190424,M,262,NA,IP (X),SCHOOL X,0,61,,,52.5,,,64.5,66.2,,,,,53.2,,,,,,,,,,,,,,,,,,,,,,,,,,,,2
425,20190425,M,0,NA,JAE Ordinary Admission,CHUNG CHENG HIGH SCHOOL (MAIN),0,65,,,41,,,59.3,49.8,,,,,,,,,,,,,,50,,,,,,,,,,,,,,,,,,,2
426,20190426,M,0,NA,JAE Ordinary Admission,NAN HUA HIGH SCHOOL,0,67,,,80.5,,,73.8,76.3,,,,,60.4,,,,,,,,,,,,,,,,,,,,,,,,,,,,1
427,20190427,F,272,NA,IP (Y),SCHOOL Y,0,57,,,60.5,,,68.5,57.8,,,,,,,,,,,,,,61.4,,,,,,,,,,,,,,,,,,,1
428,20190428,F,247,NA,IP (Y),SCHOOL Y,0,58,,,,,,,33.1,,62,,,48.4,,,,,,,,,,,,,,66,,,,,,,,,,,,,,0
429,20190429,F,0,NA,JAE Ordinary Admission,METHODIST GIRLS' SCHOOL (SECONDARY),0,64,,,66,,,57.3,69.1,,,,,57.5,,,,,,,,,,,,,,,,,,,,,,,36.5,,,,,1
430,20190430,F,0,NA,JAE Ordinary Admission,NAN HUA HIGH SCHOOL,0,58,,,73.5,,,,71.9,64.5,,,,64.8,,,,,,,,,,,,,,,,,,,,,,,,,,,,1
431,20190431,F,0,NA,IP (Y),SCHOOL Y,0,,83.3,,88.5,,90.2,89.5,,,,,,,,,,,,,,,,,,,,,,,,,,,,93,,,,,,2
432,20190432,M,0,NA,JAE Ordinary Admission,ST. JOSEPH'S INSTITUTION,0,55,,,50.5,,,58.9,54.8,,,,,,,,,,,,,59.3,,,,,,,,,,,,,,,,,,,,1
433,20190433,F,256,NA,IP (Y),SCHOOL Y,0,63,,,70,,,,68.8,67.8,,,,54.9,,,,,,,,,,,,,,,,,,,,,,,,,,,,1
434,20190434,F,254,NA,IP (Y),SCHOOL Y,0,58,,,51,,,57.3,,,,,,56.8,,,,,,,,,,,,,,,,70.3,,,,,,,,,,,,1
435,20190435,F,0,NA,JAE Ordinary Admission,TANJONG KATONG GIRLS' SCHOOL,0,59,,,49.5,,,56.6,56.6,,,,,57.5,,,,,,,,,,,,,,,,,,,,,,,,,,,,1
436,20190436,F,262,NA,IP (Y),SCHOOL Y,0,68,,,79,,,,75.9,73.5,,,,66.3,,,,,,,,,,,,,,,,,,,,,,,,84,,,,1
437,20190437,F,262,NA,IP (Y),SCHOOL Y,0,65,,,52.5,,,58.9,50.2,,,,,46.4,,,,,,,,,,,,,,,,,,,,,,,,,,,,1
438,20190438,M,0,NA,JAE Ordinary Admission,CATHOLIC HIGH SCHOOL,0,68,,,80.5,,,82.2,91,,,,,75.1,,,,,,,,,,,,,,,,,,,,,,,66,,,,,1
439,20190439,M,0,NA,JAE Ordinary Admission,NAN HUA HIGH SCHOOL,0,64,,,63.5,,,,74.9,74.9,,,,72,,,,,,,,,,,,,,,,,,,,,,,,78.7,,,,1
440,20190440,F,258,NA,IP (Y),SCHOOL Y,0,65,,,34.5,,,,47.2,51.1,,,,,,,,,,,,,,,,,,,,,,67.8,,,,,,,,,,1
441,20190441,M,251,NA,IP (X),SCHOOL X,0,64,,,52,,,,,,,,,56,,,,59.7,,,,,,,,,,,,69.7,,,,,,,,,,,,1
442,20190442,F,249,NA,IP (Y),SCHOOL Y,0,64,,,55,,,,55.4,60.4,,,,,,64.5,,,,,,,,,,,,,,,,,,,,,,,,,,1
443,20190443,F,0,NA,JAE Ordinary Admission,NAN CHIAU HIGH SCHOOL,0,56,,,56,,,,66.6,56.7,,,,,,61.5,,,,,,,,,,,,,,,,,,,,,,,,,,1
444,20190444,F,0,NA,JAE Ordinary Admission,NAN HUA HIGH SCHOOL,0,63,,,70.5,,,,62.8,55.1,,,,42,,,,,,,,,,,,,,,,,,,,,,,,,,,,1
445,20190445,F,260,NA,IP (Y),SCHOOL Y,0,61,,,36.5,,,,55,50.1,,,,49.9,,,,,,,,,,,,,,,,,,,,,,,,,,,,1
446,20190446,F,259,NA,IP (Y),SCHOOL Y,0,67,,,67.5,,,,63.1,69.6,,,,,,,,,,81.1,,,,,,,,,,,,,,,,,,,,70,,1
447,20190447,M,0,NA,IP (X),SCHOOL X,0,56,,,47,,,62.1,56,,,,,53.6,,,,,,,,,,,,,,,,,,,,,,,,,,,,1
448,20190448,M,250,NA,IP (X),SCHOOL X,0,63,,,72,,,71.8,71.2,,,,,64.4,,,,,,,,,,,,,,,,,,,,,,,,,,,,1
449,20190449,F,226,NA,DSA (CCA),SINGAPORE CHINESE GIRLS' SCHOOL,0,66,,,33.5,,,51.2,37.7,,,,,54.8,,,,,,,,,,,,,,,,,,,,,,,,,,,,1
450,20190450,F,0,NA,JAE Ordinary Admission,CEDAR GIRLS' SECONDARY SCHOOL,0,59,,,70,,,69.1,66.9,,,,,61.6,,,,,,,,,,,,,,,,,,,,,,,,,,,,1
451,20190451,M,255,NA,IP (X),SCHOOL X,0,57,,,65.5,,,65.7,62.3,,,,,48,,,,,,,,,,,,,,,,,,,,,,,,,,,,2
452,20190452,F,0,NA,JAE Ordinary Admission,CEDAR GIRLS' SECONDARY SCHOOL,0,62,,,60.5,,,,,,,,,61.5,,59.5,,,,,,,,,,,,,,68.8,,,,,,,,,,,,1
453,20190453,F,242,NA,IP (Y),SCHOOL Y,0,63,,,51,,,64.6,69.8,,,,,60.4,,,,,,,,,,,,,,,,,,,,,,,,,,,,1
454,20190454,M,257,NA,IP (X),SCHOOL X,0,65,,,74.5,,,77.1,74.1,,,,,67.5,,,,,,,,,,,,,,,,,,,,,,,,,,,,1
455,20190455,M,267,NA,IP (X),SCHOOL X,0,70,,,58,,,66.5,54.8,,,,,59.9,,,,,,,,,,,,,,,,,,,,,,36,,,,,,1
456,20190456,F,0,NA,JAE Ordinary Admission,ZHONGHUA SECONDARY SCHOOL,0,54,,,81,,,,57.6,,,,,60.8,,,,,,,,77,,,,,,,,,,,,,,,,,,,74,1
457,20190457,M,0,NA,JAE Ordinary Admission,NGEE ANN SECONDARY SCHOOL,0,65,,,36.5,,71.2,,50.4,,,,,45.5,,,,,,,,,,,,,,,,,,,,,,,29.5,,,,,1
458,20190458,M,254,NA,IP (X),SCHOOL X,0,57,,,73,,,70.7,66.1,,,,,62.9,,,,,,,,,,,,,,,,,,,,,,,,,,,,1
459,20190459,M,254,NA,IP (X),SCHOOL X,0,55,,,56,,,,52.6,52.9,,,,52.5,,,,,,,,,,,,,,,,,,,,,,,,,,,,2
460,20190460,F,0,NA,JAE Ordinary Admission,CHIJ ST. NICHOLAS GIRLS' SCHOOL,0,60,,,36,,,,,,58.7,,,60.1,,59.5,,,,,,,,,,,,,,,,,,,,,,,,,,1
461,20190461,M,0,NA,JAE Ordinary Admission,TANJONG KATONG SECONDARY SCHOOL,0,51,,,78.5,,,71.4,75.6,,,,,45.2,,,,,,,,,,,,,,,,,,,,,,,,,,,,1
462,20190462,M,254,NA,IP (X),SCHOOL X,0,68,,,87.5,,,84.4,84.1,,,,,69.5,,,,,,,,,,,,,,,,,,,,,,,65,,,,,1
463,20190463,F,0,NA,JAE Ordinary Admission,NAN HUA HIGH SCHOOL,0,63,,,74.5,,,,61.8,58.3,,,,56,,,,,,,,,,,,,,,,,,,,,,,,,,,,1
464,20190464,F,260,NA,IP (Y),SCHOOL Y,0,71,,,74.5,,,70.5,,,,,69.3,66.3,,,,,,,,,,,,,,,,,,,,,,,,,,,,1
465,20190465,F,220,NA,DSA (CCA),BUKIT PANJANG GOVT. HIGH SCHOOL,0,46,,,41,,,,53.8,48.9,,,,,,,,,,,,,,,,,,,,,,64.4,,,,,,,,,,1
466,20190466,M,257,NA,IP (X),SCHOOL X,0,75,,,62,,,,,,,56.3,,,60.1,,,,58.7,,,,,,,,,,,,,,,,,,,,,,,1
467,20190467,M,243,NA,DSA (CCA),RAFFLES INSTITUTION,0,46,,,24.5,,,25.2,31.8,,,,,,,,,,,,,,,,,,,,,,,,,26,,,,,,,,1
468,20190468,M,253,NA,IP (X),SCHOOL X,0,,65.8,,57,,,59.4,,,,,,45.7,,,,,,,,,,,,,,,,,,,,,,,,,,,,2
469,20190469,M,0,NA,JAE Ordinary Admission,ANGLICAN HIGH SCHOOL,0,62,,,91,,,84.8,80.4,,,,,65.9,,,,,,,,,,,,,,,,,,,,,,,49.5,,,,,2
470,20190470,F,248,NA,IP (Y),SCHOOL Y,0,54,,,57.5,,,58.8,62.7,,,,,49.6,,,,,,,,,,,,,,,,,,,,,,,,,,,,2
471,20190471,F,254,NA,IP (Y),SCHOOL Y,0,56,,,6.5,,,,,29.1,,,,45.1,,,,,,,,,,,,,,,,51.8,,,,,,,,,,,,1
472,20190472,F,260,NA,IP (Y),SCHOOL Y,0,62,,,70.5,,,69.6,73.4,,,,,59.7,,,,,,,,,,,,,,,,,,,,,,,,,,,,1
473,20190473,M,252,NA,IP (X),SCHOOL X,0,68,,,68.5,,,74.9,68.6,,,,,59.6,,,,,,,,,,,,,,,,,,,,,,78,,,,,,1
474,20190474,M,254,NA,IP (X),SCHOOL X,0,62,,,70,,,,78.3,65.8,,,,61.2,,,,,,,,,,,,,,,,,,,,,,,,,,,,1
475,20190475,F,226,NA,IP (Y),SCHOOL Y,0,71,,,49,,,,58,62,,,,57.6,,,,,,,,,,,,,,,,,,,,,,,,,,,,1
476,20190476,M,0,NA,JAE Ordinary Admission,FAIRFIELD METHODIST SCHOOL (SECONDARY),0,60,,,80.5,,,,69.2,64.8,,,,56.3,,,,,,,,,,,,,,,,,,,,,,,,,,,,1
477,20190477,F,0,NA,DSA,CHIJ ST. NICHOLAS GIRLS' SCHOOL,0,67,,,72.5,,,,78.9,75.5,,,,73.2,,,,,,,,,,,,,,,,,,,,,,,,,,,,2
478,20190478,F,252,NA,IP (Y),SCHOOL Y,0,58,,,17,,,,32.3,43.3,,,,,,,,,,,,,,,,,,,,,,46.7,,,,,,,,,,1
479,20190479,F,0,NA,JAE Ordinary Admission,CHIJ ST. NICHOLAS GIRLS' SCHOOL,0,60,,,55,,,,58.6,63.6,,,,52.7,,,,,,,,,,,,,,,,,,,,,,,,,,,,1
480,20190480,F,264,NA,IP (Y),SCHOOL Y,0,62,,,78,,,74.6,73.2,,,,,,,,,,,,,,62.4,,,,,,,,,,,,,,,,,,,1
481,20190481,M,255,NA,IP (X),SCHOOL X,0,59,,,58.5,,,,71.8,64.7,,,,63.5,,,,,,,,,,,,,,,,,,,,,,,,,,,,1
482,20190482,F,259,NA,IP (Y),SCHOOL Y,0,66,,,28,,,,49.4,59.4,,,,,,,,,,,,,68.1,,,,,,,,,,,,,,,,,,,1
483,20190483,M,256,NA,IP (X),SCHOOL X,0,59,,,64.5,,,61.2,,,,,,55.1,,,,,,,,,68.6,,,,,,,,,,,,,,,,,,,1
484,20190484,F,262,NA,IP (Y),SCHOOL Y,0,50,,,34,,,,,,,,,50.4,,,,,,,,,60.5,,,,,,29.2,,,,,,,,,,,,,0
485,20190485,F,233,NA,IP (Y),SCHOOL Y,0,46,,,50,,,51.9,,,,,,44.7,,,,,,,,,,,,,,,,61.4,,,,,,,,,,,,1
486,20190486,F,262,NA,IP (Y),SCHOOL Y,0,58,,,59,,,59.8,61.4,,,,,62.9,,,,,,,,,,,,,,,,,,,,,,,,,,,,2
487,20190487,F,246,NA,IP (Y),SCHOOL Y,0,53,,,59.5,,,54.7,46.1,,,,,44.8,,,,,,,,,,,,,,,,,,,,,,,,,,,,1
488,20190488,M,265,NA,IP (X),SCHOOL X,0,,75,,68.5,,,,64.5,57.4,,,,,,,,,,,,,,,,,,,,,,,,,,,,,,,,2
489,20190489,M,256,NA,IP (X),SCHOOL X,0,52,,,41.5,,,52,49.6,,,,,42.4,,,,,,,,,,,,,,,,,,,,,,,,,,,,1
490,20190490,M,243,NA,DSA (CCA),CATHOLIC HIGH SCHOOL,0,62,,,60,,,60.1,58,,,,,50.5,,,,,,,,,,,,,,,,,,,,,,,,,,,,1
491,20190491,M,259,NA,IP (X),SCHOOL X,0,77,,,86,,,85,,,,,,74.8,,,,,,,,,77.6,,,,,,,,,,,,,,,,66,,,2
492,20190492,F,260,NA,IP (Y),SCHOOL Y,0,62,,,48,,,62.5,,,,,50,58.9,,,,,,,,,,,,,,,,,,,,,,,,,,,,2
493,20190493,F,264,NA,IP (Y),SCHOOL Y,0,67,,,55,,,,59.9,42.7,58,,,,,,,,,,,,,,,,,,,,,,,,,,,,,,,1
494,20190494,M,0,NA,JAE Ordinary Admission,NAN HUA HIGH SCHOOL,0,43,,,56.5,,,66.3,64.6,,,,,53.2,,,,,,,,,,,,,,,,,,,,,,,,,,,,1
495,20190495,F,264,NA,IP (Y),SCHOOL Y,0,72,,,73.5,,,86.1,78.4,,,,,74.9,,,,,,,,,,,,,,,,,,,,,,72,,,,,,2
496,20190496,F,260,NA,IP (Y),SCHOOL Y,0,60,,,50.5,,,58.2,48.4,,,,,48.7,,,,,,,,,,,,,,,,,,,,,,,,,,,,1
497,20190497,M,255,NA,IP (X),SCHOOL X,0,74,,,74,,,,,,,,,67.9,,62.5,,,,,,,73.8,,,,,,,,,,,,,,,,,,,1
498,20190498,F,264,NA,IP (Y),SCHOOL Y,0,70,,,68.5,,,,,,,67,,,67.1,,,,66,,,,,,,,,,,,,,,,,,,,,,,1
499,20190499,F,267,NA,IP (Y),SCHOOL Y,0,74,,,61.5,,,,71.2,,74,,,72.5,,,,,,,,,,,,,,,,,,,,,,,,,,,,2
500,20190500,M,263,NA,IP (X),SCHOOL X,0,67,,,73,,,77.2,75.8,,,,,54.7,,,,,,,,,,,,,,,,,,,,,,,,,,,,1