SN,NEWID,GENDER,PSLE,REPEAT,INTAKE,SEC SCHOOL,KI,GP,KI (A),MA2,FM2,CP2,PH2,CH2,BY2,EL2,EL2 (A),ELL2,EC2,EC2 (A),EH2,EH2 (A),EG2,EG2 (A),S1_2,S2_2,S3_2,S4_2,S5_2,FR2,GM2,JP2,SP2,MA1,PH1,CH1,EL1,EC1,EG1,S1_1,NO OF CCA
1,20200001,F,0,NA,JAE Ordinary Admission,"SCHOOL OF SCIENCE AND TECHNOLOGY, SINGAPORE",,60.9,,67.5,,,64.6,76.2,,,,,60.4,,,,,,,,,,,,,,,,,,,,,,1
2,20200002,F,0,NA,IP (Y),SCHOOL Y,,57.6,,61.1,,,,51.7,69.2,61,,,,,,,,,,,,,,,,,,,,,,,,,1
3,20200003,F,0,NA,JAE Ordinary Admission,NAN CHIAU HIGH SCHOOL,,56.9,,63.1,,,,56.1,,,,,52.5,,42.8,,,,,,,,,,,,,,,,,,,,1
4,20200004,M,0,NA,IP (X),SCHOOL X,,53.1,,59.2,,,46.8,59.4,,,,,61.1,,,,,,,,,,,,,,,,,,,,,,2
5,20200005,F,0,NA,IP (Y),SCHOOL Y,,55.4,,42.4,,,,56.7,49.9,,,,,,,,53.7,,,,,,,,,,,,,,,,,,1
6,20200006,F,0,NA,IP (Y),SCHOOL Y,,55.7,,44.6,,,39.8,63.8,,,,,53.2,,,,,,,,,,,,,,,,,,,,,,1
7,20200007,F,0,NA,IP (Y),SCHOOL Y,,54.2,,57.8,,,,59.9,60.5,,,,50.8,,,,,,,,,,,,,,,,,,,,,,2
8,20200008,F,0,NA,IP (Y),SCHOOL Y,,53.2,,80.8,,,55.8,68.6,,,,,57.5,,,,,,,,,,,,,,,,,,,,,,1
9,20200009,M,0,NA,IP (X),SCHOOL X,,67.3,,83.8,,,85.3,90.8,,,,,70.5,,,,,,,,,,,,,,,,,,,,,,1
10,20200010,F,0,NA,JAE Ordinary Admission,CHIJ ST. NICHOLAS GIRLS' SCHOOL,,56.2,,37.3,,,,41.3,61.3,,,,52.2,,,,,,,,,,,,,,,,,,,,,,1
11,20200011,F,0,NA,JAE Ordinary Admission,CRESCENT GIRLS' SCHOOL,,58.1,,76,,,,76.3,69.3,,,,48.6,,,,,,,,,,,,,,,,,,,,,,1
12,20200012,M,246,NA,DSA (CCA),CATHOLIC HIGH SCHOOL,,54,,54.7,,,66.5,72.3,,,,,44.3,,,,,,,,,,,,,,,,,,,,,,1
13,20200013,M,0,NA,IP (X),SCHOOL X,,52.4,,63.3,,,,67.5,65.3,,,,58.9,,,,,,,,,,,,,,,,,,,,,,1
14,20200014,M,247,NA,DSA,BUKIT PANJANG GOVT. HIGH SCHOOL,,59.5,,77.2,,,MC,78.9,,,,,MC,,,,,,,,,,,,,,,,,,,,,,2
15,20200015,F,0,NA,JAE Ordinary Admission,BUKIT PANJANG GOVT. HIGH SCHOOL,,57.9,,66.3,,,,80.4,53.1,,,,48,,,,,,,,,,,,,,,,,,,,,,2
16,20200016,F,0,NA,IP (Y),SCHOOL Y,,58.7,,38.9,,,,,,52.7,,,60.2,,,,64.4,,,,,,,,,,,,,,,,,,1
17,20200017,F,0,NA,IP (Y),SCHOOL Y,,57.5,,50,,,,58.7,50.8,,,,54.1,,,,,,,,,,,,,,,,,,,,,,1
18,20200018,F,0,NA,IP (Y),SCHOOL Y,,57.7,,58.7,,,,72.4,70.4,,,,54.7,,,,,,,,,,,,,,,,,,,,,,2
19,20200019,M,0,NA,IP (X),SCHOOL X,,67.8,,70.2,,,69.9,74.4,,,,,66.1,,,,,,,,,,,,,,,,,,,,,,1
20,20200020,M,0,NA,IP (X),SCHOOL X,,60.1,,54.5,,,,59.7,48.1,,,,,,,,,,,,,62.4,,,,,,,,,,,,,1
21,20200021,M,0,NA,JAE Ordinary Admission,ZHONGHUA SECONDARY SCHOOL,,51,,41.2,,,,45.7,25.6,,,,45.3,,,,,,,,,,,,,,,,,,,,,,2
22,20200022,M,0,NA,IP (X),SCHOOL X,,57.1,,77.9,,,71.4,67.3,,,,,53.7,,,,,,,,,,,,,,,,,,,,,,1
23,20200023,F,0,NA,IP (Y),SCHOOL Y,,64.5,,52.1,,,,61.9,53.7,,,,43.8,,,,,,,,,,,,,,,,,,,,,,1
24,20200024,M,0,NA,IP (X),SCHOOL X,,59.9,,88.6,,,78.1,86.3,,,,,68.4,,,,,,,,,,,,,,,,,,,,,,1
25,20200025,F,0,NA,JAE Ordinary Admission,CRESCENT GIRLS' SCHOOL,,56.5,,67,,,,60,67,,,,,,,,,,,,,,,,,,,,,,,,,64,1
26,20200026,M,0,NA,IP (X),SCHOOL X,,56.2,,38.4,,,63.7,47.5,,,,,,,,,,,,,,55.7,,,,,,,,,,,,,1
27,20200027,F,0,NA,IP (Y),SCHOOL Y,,53.5,,47.6,,,,49.7,51,55.9,,,,,,,,,,,,,,,,,,,,,,,,,1
28,20200028,F,0,NA,IP (Y),SCHOOL Y,72.8,,,96.5,,,87.2,93.6,,,,,,,,,,,,,,,,,,,,,,,,,,,1
29,20200029,F,0,NA,JAE Ordinary Admission,PAYA LEBAR METHODIST GIRLS' SCHOOL (SECONDARY),,62.6,,51.8,,,,60.9,,,,,61,,,,63.2,,,,,,,,,,,,,,,,,,1
30,20200030,F,0,NA,IP (Y),SCHOOL Y,,58.3,,44,,,53.1,,,57.6,,,50,,,,,,,,,,,,,,,,,,,,,,1
31,20200031,F,0,NA,IP (Y),SCHOOL Y,,62.7,,28.9,,,,43,,67.1,,,,,,,,,,,,55.8,,,,,,,,,,,,,1
32,20200032,F,0,NA,IP (Y),SCHOOL Y,,55.1,,74.1,,,63.2,66.1,,,,,62.5,,,,,,,,,,,,,,,,,,,,,,1
33,20200033,F,0,NA,IP (Y),SCHOOL Y,,58.7,,86.5,,,65.1,86.6,,,,,66.5,,,,,,,,,,,,,,,,,,,,,,2
34,20200034,F,0,NA,IP (Y),SCHOOL Y,,77.4,,79.1,,,,,,,69,,,51.3,,60,,,,,,,,,,,,,,,,,,,2
35,20200035,F,223,NA,DSA (CCA),SCHOOL Y,,53.9,,60.7,,,,71.6,50.7,,,,,,,,,,,,,,,,,,,,,,,71,,,1
36,20200036,F,0,NA,IP (Y),SCHOOL Y,,55.5,,70.5,,,,79.7,64.1,,,,55.6,,,,,,,,,,,,,,,,,,,,,,1
37,20200037,F,0,NA,IP (Y),SCHOOL Y,,58.5,,72.4,,,64.5,70.9,,,,,66.7,,,,,,,,,,,,,,,,,,,,,,1
38,20200038,F,0,NA,IP (Y),SCHOOL Y,,,64.8,,,,,,,,59,,,33.4,,,,46,,,,,,,,,,,,,,,,,2
39,20200039,F,249,NA,DSA (CCA),CRESCENT GIRLS' SCHOOL,,63.2,,66.1,,,,68.9,77.9,,,,55.6,,,,,,,,,,,,,,,,,,,,,,2
40,20200040,F,251,NA,Appeals (Academic),NAN HUA HIGH SCHOOL,,52.5,,49.6,,,,,,53.7,,,30.2,,43,,,,,,,,,,,,,,,,,,,,3
41,20200041,F,0,NA,IP (Y),SCHOOL Y,,55.3,,41.2,,,,58.9,51.5,,,,40.9,,,,,,,,,,,,,,,,,,,,,,1
42,20200042,F,0,NA,DSA,CHIJ ST. NICHOLAS GIRLS' SCHOOL,,59.6,,80.4,,,,80.4,75.5,,,,63.4,,,,,,,,,,,,,,,,,,,,,,2
43,20200043,F,0,NA,IP (Y),SCHOOL Y,,62.5,,70.7,,,,77.6,,,,,70.1,,,,74.6,,,,,,,,,,,,,,,,,,2
44,20200044,F,0,NA,JAE Ordinary Admission,CLEMENTI TOWN SECONDARY SCHOOL,,57.6,,,,,,,,58.5,,,43.3,,,,61.9,,,,,,,,,,,40.7,,,,,,,1
45,20200045,M,0,NA,IP (X),SCHOOL X,,58.1,,64.5,,,58.6,73.1,,,,,49.7,,,,,,,,,,,,,,,,,,,,,,1
46,20200046,F,0,NA,IP (Y),SCHOOL Y,,57.5,,79.1,,,65.9,72.6,,,,,62.5,,,,,,,,,,,,,,,,,,,,,,2
47,20200047,M,0,NA,IP (X),SCHOOL X,,59.9,,69.7,,,66.3,74.4,,,,,67,,,,,,,,,,,,,,,,,,,,,,1
48,20200048,M,0,NA,IP (X),SCHOOL X,,62,,70.6,,,,83.4,64.8,,,,64.2,,,,,,,,,,,,,,,,,,,,,,1
49,20200049,F,0,NA,IP (Y),SCHOOL Y,,56.7,,60.4,,,,67.6,,,,,58.2,,,,,,,,,71.6,,,,,,,,,,,,,1
50,20200050,M,0,NA,IP (X),SCHOOL X,,62.8,,67,,,64.9,76.8,,,,,68.7,,,,,,,,,,,,,,,,,,,,,,1
51,20200051,F,0,NA,IP (Y),SCHOOL Y,,54.2,,39.9,,,,62.4,,,,,45.7,,,,,,,,,56,,,,,,,,,,,,,1
52,20200052,M,242,NA,DSA (CCA),CATHOLIC HIGH SCHOOL,,49,,21.7,,,,56.6,29.3,,,,,,,,,,,,,,,,,,,,,,,,58.9,,1
53,20200053,F,0,NA,JAE Ordinary Admission,ASSUMPTION ENGLISH SCHOOL,,54.3,,68.6,,,,70.4,66.1,,,,57.7,,,,,,,,,,,,,,,,,,,,,,2
54,20200054,F,0,NA,IP (Y),SCHOOL Y,,64.8,,47.6,,,,40.5,41.5,,,,41.3,,,,,,,,,,,,,,,,,,,,,,1
55,20200055,M,0,NA,IP (X),SCHOOL X,,60.6,,87.3,,,80.9,80.4,,,,,,,,,,,,,,,,,81.1,,,,,,,,,,1
56,20200056,M,0,NA,JAE Ordinary Admission,CATHOLIC HIGH SCHOOL,,54.9,,73.3,,,58.6,75.8,,63.1,,,,,,,,,,,,,,,,,,,,,,,,,1
57,20200057,F,0,NA,JAE Ordinary Admission,NAN HUA HIGH SCHOOL,,55.2,,66.3,,,78.2,80.4,,,,,53.9,,,,,,,,,,,,,,,,,,,,,,1
58,20200058,F,0,NA,IP (Y),SCHOOL Y,,60.2,,44.7,,,52.7,52.1,,,,,62.1,,,,,,,,,,,,,,,,,,,,,,1
59,20200059,F,0,NA,JAE Ordinary Admission,GAN ENG SENG SCHOOL,,58,,66.8,,,,57.1,57.1,,,,60.3,,,,,,,,,,,,,,,,,,,,,,1
60,20200060,F,0,NA,IP (Y),SCHOOL Y,,52.8,,68.6,,,59.5,69.6,,,,,50.8,,,,,,,,,,,,,,,,,,,,,,1
61,20200061,F,0,NA,JAE Ordinary Admission,CHIJ ST. NICHOLAS GIRLS' SCHOOL,,51.1,,72.9,,,,69.5,57.4,,,,55.6,,,,,,,,,,,,,,,,,,,,,,1
62,20200062,F,0,NA,JAE Ordinary Admission,CHIJ ST. NICHOLAS GIRLS' SCHOOL,,57.7,,54.7,,,,70.4,61.8,,,,57.3,,,,,,,,,,,,,,,,,,,,,,1
63,20200063,F,0,NA,IP (Y),SCHOOL Y,,76.1,,71,,,,84.7,86.1,,,,66.5,,,,,,,,,,,,,,,,,,,,,,1
64,20200064,M,0,NA,JAE Ordinary Admission,NAN HUA HIGH SCHOOL,,52.2,,55.1,,,44,52.4,,,,,58.7,,,,,,,,,,,,,,,,,,,,,,1
65,20200065,M,0,NA,IP (X),SCHOOL X,,64.2,,69.7,,,,85.7,72.6,,,,57.1,,,,,,,,,,,,,,,,,,,,,,1
66,20200066,M,0,NA,IP (X),SCHOOL X,,50.8,,35,,,45.2,57.5,,,,,45,,,,,,,,,,,,,,,,,,,,,,1
67,20200067,M,0,NA,IP (X),SCHOOL X,,53.3,,67.2,,,,84,,,,,46.3,,,,,,,,,56.4,,,,,,,,,,,,,1
68,20200068,M,0,NA,IP (X),SCHOOL X,,65,,93.4,,,81.9,91.6,,,,,,,,,,,,,,68.7,,,,,,,,,,,,,1
69,20200069,M,0,NA,IP (X),SCHOOL X,,57,,70.6,,,53.6,78.2,,,,,59.6,,,,,,,,,,,,,,,,,,,,,,1
70,20200070,M,0,NA,IP (X),SCHOOL X,,55.3,,68.2,,,,52.7,53.6,,,,57.3,,,,,,,,,,,,,,,,,,,,,,1
71,20200071,F,0,NA,IP (Y),SCHOOL Y,,58.3,,72.2,,,,72.2,72.6,,,,56.2,,,,,,,,,,,,,,,,,,,,,,1
72,20200072,M,0,NA,IP (X),SCHOOL X,,65,,41.2,,,,58.2,55.4,,,,49.8,,,,,,,,,,,,,,,,,,,,,,1
73,20200073,M,0,NA,IP (X),SCHOOL X,,,77.5,81.7,,,,,,,70,,,,,70,,,,,,,,,,,,,,,,,,,2
74,20200074,F,0,NA,IP (Y),SCHOOL Y,,62.4,,65.2,,,64.3,68.5,,,,,56.5,,,,,,,,,,,,,,,,,,,,,,1
75,20200075,M,0,NA,JAE Ordinary Admission,DAMAI SECONDARY SCHOOL,,40.3,,64.3,,,60.4,72.4,,,,,,,,,,,,,66.9,,,,,,,,,,,,,,1
76,20200076,F,0,NA,IP (Y),SCHOOL Y,,55.8,,64.3,,,,53.9,68.8,,,,45,,,,,,,,,,,,,,,,,,,,,,1
77,20200077,F,0,NA,IP (Y),SCHOOL Y,,65.7,,58.2,,,61.3,66.2,,,,,66.3,,,,,,,,,,,,,,,,,,,,,,1
78,20200078,F,0,NA,IP (Y),SCHOOL Y,,54.3,,39.5,,,,55.3,54.6,,,,44.7,,,,,,,,,,,,,,,,,,,,,,1
79,20200079,F,0,NA,JAE Ordinary Admission,NAN CHIAU HIGH SCHOOL,,55,,63.9,,,61.5,75.5,,,,,60.3,,,,,,,,,,,,,,,,,,,,,,1
80,20200080,F,0,NA,IP (Y),SCHOOL Y,,51.6,,48.1,,,,56.7,46.8,,,,,,,,,,,,51.8,,,,,,,,,,,,,,1
81,20200081,M,0,NA,IP (X),SCHOOL X,,63.5,,77,,,,85.5,72.8,,,,73.1,,,,,,,,,,,,,,,,,,,,,,1
82,20200082,M,0,NA,IP (X),SCHOOL X,,55.9,,50.9,,,51.5,61.4,,,,,58.2,,,,,,,,,,,,,,,,,,,,,,1
83,20200083,F,0,NA,IP (Y),SCHOOL Y,,55.7,,33.7,,,,,,55.9,,,41.5,,49.5,,,,,,,,,,,,,,,,,,,,1
84,20200084,M,0,NA,IP (X),SCHOOL X,,63.1,,76.6,,,71.5,80.1,,,,,61.4,,,,,,,,,,,,,,,,,,,,,,1
85,20200085,F,0,NA,IP (Y),SCHOOL Y,,54.2,,75.6,,,,75,57.5,,,,59.2,,,,,,,,,,,,,,,,,,,,,,1
86,20200086,F,0,Repeat Yr2,JAE Ordinary Admission,CHUNG CHENG HIGH SCHOOL (MAIN),,,,,,,,,,,,,,,,,,,,,,,,,,,,,,,,,,,0
87,20200087,M,0,NA,IP (X),SCHOOL X,,50,,32.7,,31.5,42.6,,,,,,,,,,,,,,,,,,,,,,,,,44.5,,,1
88,20200088,F,0,NA,IP (Y),SCHOOL Y,,55.2,,34.3,,,,61.6,45.5,,,,70,,,,,,,,,,,,,,,,,,,,,,2
89,20200089,M,0,NA,IP (X),SCHOOL X,,62.6,,84.4,,,82.4,87.9,,,,,67.8,,,,,,,,,,,,,,,,,,,,,,1
90,20200090,F,0,NA,IP (Y),SCHOOL Y,,60,,64.1,,,,70.6,67.6,,,,60.3,,,,,,,,,,,,,,,,,,,,,,1
91,20200091,F,0,NA,JAE Ordinary Admission,NAN CHIAU HIGH SCHOOL,,48.8,,42.6,,,,65.2,47.7,,,,54.4,,,,,,,,,,,,,,,,,,,,,,1
92,20200092,M,0,NA,JAE Ordinary Admission,NAN HUA HIGH SCHOOL,,53.8,,68.3,61.2,,68.6,,,,,,50.7,,,,,,,,,,,,,,,,,,,,,,1
93,20200093,F,0,NA,IP (Y),SCHOOL Y,,59,,44.1,,,,44.9,64.9,,,,56,,,,,,,,,,,,,,,,,,,,,,1
94,20200094,F,0,NA,IP (Y),SCHOOL Y,,70.3,,71.6,,,,68.3,68.4,,,,,,,,,,,,,68.1,,,,,,,,,,,,,2
95,20200095,F,0,NA,JAE Ordinary Admission,ZHONGHUA SECONDARY SCHOOL,,56.4,,72.2,,,,76.6,69,,,,59.1,,,,,,,,,,,,,,,,,,,,,,1
96,20200096,F,0,NA,IP (Y),SCHOOL Y,,57.8,,52.8,,,,,,55.7,,,55.4,,,,57.8,,,,,,,,,,,,,,,,,,1
97,20200097,F,0,NA,IP (Y),SCHOOL Y,,73.1,,84.2,,,,,,,65,,,69.9,,65.7,,,,,,,,,,,,,,,,,,,1
98,20200098,F,0,NA,JAE Ordinary Admission,CHIJ ST. NICHOLAS GIRLS' SCHOOL,,63.5,,51.2,,,,61.1,,,,,60.8,,64.1,,,,,,,,,,,,,,,,,,,,1
99,20200099,F,0,NA,IP (Y),SCHOOL Y,,71.8,,73.6,,,,85.7,84,,,,,,,,,,,,,73.8,,,,,,,,,,,,,1
100,20200100,M,0,NA,IP (X),SCHOOL X,,66.9,,81.7,,,74.3,85,,,,,65.6,,,,,,,,,,,,,,,,,,,,,,2
101,20200101,M,0,NA,IP (X),SCHOOL X,,61,,50.9,,,55.8,74.9,,,,,,,,,,,,,,56.1,,,,,,,,,,,,,1
102,20200102,F,0,NA,IP (Y),SCHOOL Y,,52.8,,60.3,,71.6,58.1,,,,,,53.4,,,,,,,,,,,,,,,,,,,,,,1
103,20200103,F,0,NA,IP (Y),SCHOOL Y,,56.1,,43.7,,,43.8,64.9,,,,,,,,,,,,,,,,,,,,,,,,45.3,,,1
104,20200104,F,0,NA,JAE Ordinary Admission,METHODIST GIRLS' SCHOOL (SECONDARY),,52.3,,74.9,,,,84.8,70,,,,51.2,,,,,,,,,,,,,,,,,,,,,,1
105,20200105,F,0,NA,JAE Ordinary Admission,BUKIT PANJANG GOVT. HIGH SCHOOL,,66.6,,88.5,,,,82.7,74.2,,,,70.9,,,,,,,,,,,,,,,,,,,,,,1
106,20200106,M,0,NA,IP (X),SCHOOL X,,53.5,,55.6,,,,67.9,57.8,,,,56.4,,,,,,,,,,,,,,,,,,,,,,1
107,20200107,F,0,NA,JAE Ordinary Admission,NAN HUA HIGH SCHOOL,,55.3,,57.3,,,,,,61.3,,,54.7,,62.3,,,,,,,,,,,,,,,,,,,,1
108,20200108,M,0,NA,JAE Ordinary Admission,SERANGOON GARDEN SECONDARY SCHOOL,,52.8,,76.5,,,59.5,74.5,,,,,57.1,,,,,,,,,,,,,,,,,,,,,,1
109,20200109,F,0,NA,IP (Y),SCHOOL Y,,62.1,,74.9,,,70.5,84.4,,,,,66.8,,,,,,,,,,,,,,,,,,,,,,1
110,20200110,F,0,NA,IP (Y),SCHOOL Y,,58.6,,28.8,,,,,,,62,,,,,,,50,,,,60.8,,,,,,,,,,,,,1
111,20200111,F,0,NA,IP (Y),SCHOOL Y,,59.9,,75.3,,,,71.9,59.6,,,,,,,,,,,,,,64.5,,,,,,,,,,,,1
112,20200112,M,0,NA,IP (X),SCHOOL X,,56,,68.8,,,,71.5,74.9,,,,51.2,,,,,,,,,,,,,,,,,,,,,,1
113,20200113,M,0,NA,IP (X),SCHOOL X,,54.9,,51.6,,,,47.9,42.1,,,,47.9,,,,,,,,,,,,,,,,,,,,,,1
114,20200114,F,0,NA,IP (Y),SCHOOL Y,,59.3,,82.1,,,59.8,79.9,,,,,57.2,,,,,,,,,,,,,,,,,,,,,,1
115,20200115,M,0,NA,IP (X),SCHOOL X,,61.8,,65.7,,,67.3,83.1,,,,,62.7,,,,,,,,,,,,,,,,,,,,,,1
116,20200116,F,0,NA,IP (Y),SCHOOL Y,,MC,,,,,,,,,,,EX,,,,,,,,61,EX,,,,,,78,,,,,,,1
117,20200117,F,0,NA,IP (Y),SCHOOL Y,70.8,,,73.6,,,,76.1,83.5,,,,,,,,,,,,,,,,,,,,,,,,,,1
118,20200118,M,0,NA,IP (X),SCHOOL X,,64.9,,88.5,,,,91.7,85.5,,,,78.5,,,,,,,,,,,,,,,,,,,,,,2
119,20200119,F,0,NA,JAE Ordinary Admission,CHIJ SECONDARY (TOA PAYOH),,57,,71.6,,,62.7,65.4,,54,,,,,,,,,,,,,,,,,,,,,,,,,1
120,20200120,M,0,NA,IP (X),SCHOOL X,,66.2,,69,,,63.9,74.5,,,,,64,,,,,,,,,,,,,,,,,,,,,,1
121,20200121,M,0,NA,IP (X),SCHOOL X,,53.5,,37.7,,,,43.9,54.7,53.5,,,,,,,,,,,,,,,,,,,,,,,,,1
122,20200122,M,0,NA,IP (X),SCHOOL X,69.3,,,83.4,,84.6,71.8,,,,,,,,,,,,,,,,,,,,,,,,,,,,1
123,20200123,M,0,NA,IP (X),SCHOOL X,,56.1,,43,,,55.7,79.2,,,,,,,,,,,56.6,,,,,,,,,,,,,,,,1
124,20200124,M,0,NA,JAE Ordinary Admission,CATHOLIC HIGH SCHOOL,,62.1,,81.7,,,,87.2,88,,,,54.4,,,,,,,,,,,,,,,,,,,,,,2
125,20200125,F,0,NA,IP (Y),SCHOOL Y,,62.1,,64.2,,,,75.1,79.8,,,,66.6,,,,,,,,,,,,,,,,,,,,,,1
126,20200126,F,0,NA,IP (Y),SCHOOL Y,,54.8,,60.1,,,48.6,71.5,,,,,54.9,,,,,,,,,,,,,,,,,,,,,,1
127,20200127,M,0,NA,IP (X),SCHOOL X,,50.2,,58.1,,58.1,61,,,,,,53.6,,,,,,,,,,,,,,,,,,,,,,2
128,20200128,M,0,NA,IP (X),SCHOOL X,,56.6,,49,,,62.3,54.7,,,,,36.6,,,,,,,,,,,,,,,,,,,,,,1
129,20200129,F,0,NA,IP (Y),SCHOOL Y,,58.5,,68.4,,,,72.6,71.5,,,,,,,,74.8,,,,,,,,,,,,,,,,,,1
130,20200130,M,0,NA,IP (X),SCHOOL X,,61.6,,69.1,,,68.6,71.2,,,,,65,,,,,,,,,,,,,,,,,,,,,,2
131,20200131,M,0,NA,JAE Ordinary Admission,CHUNG CHENG HIGH SCHOOL (MAIN),60.7,,,67,,,,,,59.5,,,43.5,,,,,,,,,,,,,,,,,,,,,,1
132,20200132,F,0,NA,IP (Y),SCHOOL Y,,63.8,,68.3,,,,79.3,81.8,,,,60.3,,,,,,,,,,,,,,,,,,,,,,1
133,20200133,F,0,NA,IP (Y),SCHOOL Y,,54.3,,65.9,,75.4,64.3,,,,,,,,,,,,,,,59.7,,,,,,,,,,,,,1
134,20200134,F,0,NA,JAE Ordinary Admission,BUKIT PANJANG GOVT. HIGH SCHOOL,,MC,,35.5,,,,,,56.3,,,MC,,,,,,60.7,,,,,,,,,,,,,,,,1
135,20200135,M,0,NA,IP (X),SCHOOL X,,57,,57.6,,,,70.6,48.8,,,,40.6,,,,,,,,,,,,,,,,,,,,,,1
136,20200136,F,0,NA,IP (Y),SCHOOL Y,,56.3,,41.8,,,46.7,47.1,,,,,51.7,,,,,,,,,,,,,,,,,,,,,,2
137,20200137,M,0,NA,IP (X),SCHOOL X,,66.7,,77.2,,,79.5,85.4,,,,,69.1,,,,,,,,,,,,,,,,,,,,,,1
138,20200138,M,0,NA,IP (X),SCHOOL X,,58.1,,52.7,,,,60.8,,,,,58.1,,,,,,,,,51.9,,,,,,,,,,,,,1
139,20200139,M,0,NA,IP (X),SCHOOL X,,53.3,,68.1,,,,65,50.9,,,,44.6,,,,,,,,,,,,,,,,,,,,,,1
140,20200140,F,259,Repeat Yr1,IP (Y),SCHOOL Y,,48,,MC,,,,MC,MC,,,,,,,,,,,,,,,,,,,,,,,EX,,,0
141,20200141,M,0,NA,JAE Ordinary Admission,CATHOLIC HIGH SCHOOL,,56.8,,69.3,,,66.4,79.6,,,,,62.1,,,,,,,,,,,,,,,,,,,,,,1
142,20200142,M,0,NA,JAE Ordinary Admission,CATHOLIC HIGH SCHOOL,,62.7,,68.3,,,59.8,71.2,,,,,59.6,,,,,,,,,,,,,,,,,,,,,,1
143,20200143,M,0,NA,IP (X),SCHOOL X,,54.6,,67.7,,,,,,,64,,,72,,,,71,,,,,,,,,,,,,,,,,1
144,20200144,F,0,NA,IP (Y),SCHOOL Y,,62,,70.3,,,,67.3,75,,,,54.3,,,,,,,,,,,,,,,,,,,,,,1
145,20200145,F,0,NA,IP (Y),SCHOOL Y,,62.5,,72.8,,,69.2,71,,,,,56.3,,,,,,,,,,,,,,,,,,,,,,1
146,20200146,M,0,NA,JAE Ordinary Admission,BUKIT PANJANG GOVT. HIGH SCHOOL,,46.8,,68.9,,,,75.1,62.5,,,,54.4,,,,,,,,,,,,,,,,,,,,,,1
147,20200147,M,0,NA,IP (X),SCHOOL X,,65.6,,79.1,,,74.8,83.9,,,,,,,,,,,,,,74,,,,,,,,,,,,,1
148,20200148,M,0,NA,JAE Ordinary Admission,NAN HUA HIGH SCHOOL,,57.7,,57.2,,,52.5,61.2,,,,,53.2,,,,,,,,,,,,,,,,,,,,,,2
149,20200149,M,0,NA,IP (X),SCHOOL X,,62.3,,48.9,,,,50.2,,,,,65.2,,51.7,,,,,,,,,,,,,,,,,,,,1
150,20200150,F,0,NA,JAE Ordinary Admission,NAN HUA HIGH SCHOOL,,54.4,,45.8,,,50,56.5,,,,,,,,,57.7,,,,,,,,,,,,,,,,,,1
151,20200151,F,0,NA,JAE Ordinary Admission,WEST SPRING SECONDARY SCHOOL,,52,,70.9,,,,61.1,65.7,,,,64.5,,,,,,,,,,,,,,,,,,,,,,2
152,20200152,F,0,NA,IP (Y),SCHOOL Y,,62.6,,77.3,,,72.1,76,,,,,61.4,,,,,,,,,,,,,,,,,,,,,,2
153,20200153,M,0,NA,IP (X),SCHOOL X,,63.7,,76.7,,,,91.6,83.7,,,,59.9,,,,,,,,,,,,,,,,,,,,,,2
154,20200154,F,0,NA,JAE Ordinary Admission,CHUNG CHENG HIGH SCHOOL (MAIN),,58.2,,66.1,,,,70.8,58.1,,,,56.1,,,,,,,,,,,,,,,,,,,,,,1
155,20200155,F,234,NA,DSA (CCA),TEMASEK SECONDARY SCHOOL,,62.6,,65.2,,,,65.5,59.8,,,,59.2,,,,,,,,,,,,,,,,,,,,,,1
156,20200156,F,0,NA,JAE Ordinary Admission,CHUNG CHENG HIGH SCHOOL (MAIN),,63.3,,47.1,,70.9,,71.1,,,,,55.6,,,,,,,,,,,,,,,,,,,,,,1
157,20200157,F,0,NA,IP (Y),SCHOOL Y,,,72.8,50.7,,,,,,,64,,,69.8,,,,,,,,,,,,,,,,,,,,,1
158,20200158,M,0,NA,IP (X),SCHOOL X,,49.3,,47.3,,,41.3,42.1,,,,,37.1,,,,,,,,,,,,,,,,,,,,,,1
159,20200159,M,0,NA,JAE Ordinary Admission,CATHOLIC HIGH SCHOOL,,52.9,,36.5,,,28.6,37.5,,,,,35.1,,,,,,,,,,,,,,,,,,,,,,1
160,20200160,M,0,NA,IP (X),SCHOOL X,,66.1,,52.2,,,48.2,,,,,,54.4,,,,,,,,46.5,,,,,,,,,,,,,,1
161,20200161,F,0,NA,JAE Ordinary Admission,CRESCENT GIRLS' SCHOOL,,57.5,,41.7,,,,55.2,,,,,58.7,,58,,,,,,,,,,,,,,,,,,,,1
162,20200162,F,0,NA,JAE Ordinary Admission,CEDAR GIRLS' SECONDARY SCHOOL,,56,,76.6,,,70.5,82.2,,,,,58.4,,,,,,,,,,,,,,,,,,,,,,1
163,20200163,F,0,NA,IP (Y),SCHOOL Y,,57.5,,73.3,71.3,,63.3,,,,,,57.5,,,,,,,,,,,,,,,,,,,,,,1
164,20200164,M,0,NA,IP (X),SCHOOL X,,63.6,,63.6,,,,71.4,69.3,,,,67.8,,,,,,,,,,,,,,,,,,,,,,1
165,20200165,F,0,NA,JAE Ordinary Admission,CEDAR GIRLS' SECONDARY SCHOOL,,56.3,,54.7,,,60.3,71.6,,,,,,,,,54.4,,,,,,,,,,,,,,,,,,1
166,20200166,M,0,NA,IP (X),SCHOOL X,,57.5,,56.6,,,,,,66.5,,,62.7,,61,,,,,,,,,,,,,,,,,,,,2
167,20200167,M,0,NA,IP (X),SCHOOL X,,60.3,,59.5,,,,77.9,79.4,,,,56.4,,,,,,,,,,,,,,,,,,,,,,1
168,20200168,M,0,NA,JAE Ordinary Admission,NAN HUA HIGH SCHOOL,,54.2,,59,,,60.7,73,,,,,56.2,,,,,,,,,,,,,,,,,,,,,,1
169,20200169,M,0,NA,JAE Ordinary Admission,NAN HUA HIGH SCHOOL,,54.4,,71.2,,,,74.4,79.2,,,,56,,,,,,,,,,,,,,,,,,,,,,1
170,20200170,F,0,NA,IP (Y),SCHOOL Y,,57.3,,53.1,,,,58.3,63.7,,,,65.7,,,,,,,,,,,,,,,,,,,,,,1
171,20200171,F,0,NA,JAE Ordinary Admission,CHIJ SECONDARY (TOA PAYOH),,57.8,,62.1,,,58.6,67.4,,,,,,,,,,,,,70.1,,,,,,,,,,,,,,1
172,20200172,F,0,NA,JAE Ordinary Admission,METHODIST GIRLS' SCHOOL (SECONDARY),,53.5,,61,,,62.2,66.1,,,,,,,,,,,,,,,,,70.6,,,,,,,,,,2
173,20200173,F,0,NA,JAE Ordinary Admission,METHODIST GIRLS' SCHOOL (SECONDARY),,54.7,,53.1,,,,60.3,69.4,,,,52.4,,,,,,,,,,,,,,,,,,,,,,1
174,20200174,F,0,NA,DSA,METHODIST GIRLS' SCHOOL (SECONDARY),,68.3,,45.5,,,,,,,62,,,36.3,,,,66,,,,,,,,,,,,,,,,,1
175,20200175,F,251,NA,DSA,SINGAPORE CHINESE GIRLS' SCHOOL,,55.8,,61.9,,,,,,,60,,,51.1,,58.6,,,,,,,,,,,,,,,,,,,2
176,20200176,F,0,NA,IP (Y),SCHOOL Y,,60.9,,48.3,,,,53.6,45,,,,,,,,,,,,,,,,,,,,,,,61.7,,,1
177,20200177,F,0,NA,IP (Y),SCHOOL Y,,69.1,,66.9,,,,69.8,73.7,,,,,,,,,,,,,66.6,,,,,,,,,,,,,1
178,20200178,M,0,NA,IP (X),SCHOOL X,,59.5,,41,,,58.6,62.5,,,,,,,,,,,,,,,,,,56.7,,,,,,,,,1
179,20200179,M,0,NA,JAE Ordinary Admission,NAN HUA HIGH SCHOOL,,61.2,,62.2,,,,72.9,,,,,73.1,,76.5,,,,,,,,,,,,,,,,,,,,2
180,20200180,F,0,NA,JAE Ordinary Admission,CHUNG CHENG HIGH SCHOOL (MAIN),,66.4,,66.7,,,,70.6,,57.4,,,63.7,,,,,,,,,,,,,,,,,,,,,,1
181,20200181,F,0,NA,IP (Y),SCHOOL Y,,53.7,,36.9,,,53.9,46.9,,,,,32.6,,,,,,,,,,,,,,,,,,,,,,1
182,20200182,M,0,NA,IP (X),SCHOOL X,,54.2,,66.1,,,,79,66.8,,,,56.8,,,,,,,,,,,,,,,,,,,,,,1
183,20200183,M,0,NA,IP (X),SCHOOL X,,61.2,,86.1,,,,,,,71,,,70.9,,58.6,,,,,,,,,,,,,,,,,,,2
184,20200184,M,0,NA,IP (X),SCHOOL X,,56.8,,69.1,,,,84.4,79.7,,,,62.4,,,,,,,,,,,,,,,,,,,,,,1
185,20200185,F,0,NA,IP (Y),SCHOOL Y,,53.3,,29.3,,,,42.8,,55.1,,,44.5,,,,,,,,,,,,,,,,,,,,,,1
186,20200186,F,0,NA,JAE Ordinary Admission,BUKIT PANJANG GOVT. HIGH SCHOOL,,55.7,,59.9,,,55.5,58,,,,,51.2,,,,,,,,,,,,,,,,,,,,,,1
187,20200187,F,0,NA,IP (Y),SCHOOL Y,,59,,55.2,,,,54.5,58.1,53,,,,,,,,,,,,,,,,,,,,,,,,,1
188,20200188,F,0,NA,JAE Ordinary Admission,FUHUA SECONDARY SCHOOL,,57,,55.7,,,58.4,78.5,,,,,61,,,,,,,,,,,,,,,,,,,,,,1
189,20200189,M,0,NA,JAE Ordinary Admission,SWISS COTTAGE SECONDARY SCHOOL,,49.1,,68.4,,,,77.2,61.5,,,,54.8,,,,,,,,,,,,,,,,,,,,,,1
190,20200190,M,0,NA,IP (X),SCHOOL X,,62.5,,66.3,,,62.1,65.5,,,,,69.7,,,,,,,,,,,,,,,,,,,,,,1
191,20200191,M,0,NA,JAE Ordinary Admission,PEI HWA SECONDARY SCHOOL,,57.6,,61.4,,71,66.2,,,,,,69.3,,,,,,,,,,,,,,,,,,,,,,1
192,20200192,F,0,NA,JAE Ordinary Admission,CHIJ ST. NICHOLAS GIRLS' SCHOOL,,59.7,,35.1,,,40.9,70,,67.3,,,,,,,,,,,,,,,,,,,,,,,,,1
193,20200193,F,0,NA,IP (Y),SCHOOL Y,,58.6,,56.5,,,,57.2,66.7,,,,55.7,,,,,,,,,,,,,,,,,,,,,,1
194,20200194,F,0,NA,JAE Ordinary Admission,PAYA LEBAR METHODIST GIRLS' SCHOOL (SECONDARY),,62.1,,65.8,,,64.6,79,,,,,51,,,,,,,,,,,,,,,,,,,,,,1
195,20200195,F,0,NA,JAE Ordinary Admission,ST. MARGARET'S SECONDARY SCHOOL,,57.6,,58.8,,,76.1,81.1,,,,,,,,,58.3,,,,,,,,,,,,,,,,,,1
196,20200196,F,0,NA,IP (Y),SCHOOL Y,,69.3,,58.7,,,,52.1,59.8,,,,,,45.5,,,,,,,,,,,,,,,,,,,,1
197,20200197,F,0,NA,DSA (CCA),CLEMENTI TOWN SECONDARY SCHOOL,,61.7,,,,,,,,63.1,,,40.3,,52.1,,,,,,,,,,,,,64,,,,,,,1
198,20200198,F,0,NA,JAE Ordinary Admission,CHUNG CHENG HIGH SCHOOL (MAIN),,53.5,,56.1,,,,64.8,55.8,,,,63.9,,,,,,,,,,,,,,,,,,,,,,1
199,20200199,F,0,NA,JAE Ordinary Admission,ST. MARGARET'S SECONDARY SCHOOL,,59.1,,73.2,,,,59.5,61.4,,,,57.4,,,,,,,,,,,,,,,,,,,,,,1
200,20200200,F,0,NA,IP (Y),SCHOOL Y,,MC,,MC,,,,43.4,35.8,,,,40.9,,,,,,,,,,,,,,,,,,,,,,1
201,20200201,F,0,NA,JAE Ordinary Admission,NAN HUA HIGH SCHOOL,,60.5,,66.9,,,,76.4,73.6,,,,61.5,,,,,,,,,,,,,,,,,,,,,,1
202,20200202,F,0,NA,JAE Ordinary Admission,NAN CHIAU HIGH SCHOOL,,57.1,,78.7,,,,,,66.9,,,64.9,,55.8,,,,,,,,,,,,,,,,,,,,1
203,20200203,M,0,NA,JAE Ordinary Admission,CATHOLIC HIGH SCHOOL,,54.9,,61,,,65.3,71.5,,,,,54.9,,,,,,,,,,,,,,,,,,,,,,1
204,20200204,F,0,NA,IP (Y),SCHOOL Y,,66.8,,74.4,,,67.2,78.2,,,,,55.7,,,,,,,,,,,,,,,,,,,,,,1
205,20200205,M,0,NA,IP (X),SCHOOL X,,62,,56.9,,,,69.3,80,,,,56.8,,,,,,,,,,,,,,,,,,,,,,2
206,20200206,F,233,NA,DSA (CCA),SINGAPORE CHINESE GIRLS' SCHOOL,,48.1,,51.1,,,,33.9,47.5,,,,,,,,,,,,,,,,,,,,,,,63.3,,,1
207,20200207,F,0,NA,JAE Ordinary Admission,CRESCENT GIRLS' SCHOOL,,60.9,,46.9,,,,67.4,,,,,61.5,,58.2,,,,,,,,,,,,,,,,,,,,1
208,20200208,M,0,NA,JAE Ordinary Admission,CATHOLIC HIGH SCHOOL,,60.5,,58.3,,,64.2,69.6,,,,,47.9,,,,,,,,,,,,,,,,,,,,,,2
209,20200209,F,0,NA,JAE Ordinary Admission,BEDOK GREEN SECONDARY SCHOOL,,54.3,,49.2,,,,,,,,,63.2,,,,59.7,,,,,72.6,,,,,,,,,,,,,1
210,20200210,F,0,NA,IP (Y),SCHOOL Y,,52.5,,23.7,,,51.5,55.2,,,,,51.4,,,,,,,,,,,,,,,,,,,,,,2
211,20200211,M,0,NA,JAE Ordinary Admission,CHANGKAT CHANGI SECONDARY SCHOOL,,59.9,,67.7,,,81.5,83.7,,,,,,,,,,,,,,79.9,,,,,,,,,,,,,1
212,20200212,M,0,NA,IP (X),SCHOOL X,,58.5,,45.2,,,49.8,81.1,,,,,58.8,,,,,,,,,,,,,,,,,,,,,,1
213,20200213,M,0,NA,IP (X),SCHOOL X,,62.5,,64.4,,,,72.5,64.9,,,,54,,,,,,,,,,,,,,,,,,,,,,1
214,20200214,M,0,NA,IP (X),SCHOOL X,,59.8,,45.9,,,57.8,67.3,,,,,50.7,,,,,,,,,,,,,,,,,,,,,,1
215,20200215,M,0,NA,IP (X),SCHOOL X,,56.4,,90,,82.2,78.3,,,,,,64.1,,,,,,,,,,,,,,,,,,,,,,1
216,20200216,M,0,NA,IP (X),SCHOOL X,,59.8,,82.7,,,69,88.9,,,,,70.2,,,,,,,,,,,,,,,,,,,,,,1
217,20200217,M,0,NA,IP (X),SCHOOL X,,60.2,,33.5,,,,,,,61,,,44.5,,50,,,,,,,,,,,,,,,,,,,1
218,20200218,M,0,NA,IP (X),SCHOOL X,,54.9,,60.7,,,51.6,69.4,,,,,,,,,,,58.9,,,,,,,,,,,,,,,,1
219,20200219,M,0,NA,IP (X),SCHOOL X,,56.2,,63.9,,,,66,51.8,,,,66.1,,,,,,,,,,,,,,,,,,,,,,1
220,20200220,F,0,NA,IP (Y),SCHOOL Y,,52.5,,38.1,,58.5,48.2,,,,,,44.1,,,,,,,,,,,,,,,,,,,,,,1
221,20200221,M,0,NA,IP (X),SCHOOL X,,52.7,,61.5,,,59.6,73.6,,,,,,,,,,,,,61.7,,,,,,,,,,,,,,1
222,20200222,F,0,NA,IP (Y),SCHOOL Y,,55.2,,55.9,,,64.7,66.2,,,,,61,,,,,,,,,,,,,,,,,,,,,,1
223,20200223,F,0,NA,JAE Ordinary Admission,WHITLEY SECONDARY SCHOOL,,46.5,,54.8,,,54.1,75.4,,,,,,,,,,,,,61.3,,,,,,,,,,,,,,1
224,20200224,M,0,NA,IP (X),SCHOOL X,,58,,75,,,51.8,67.9,,,,,52.2,,,,,,,,,,,,,,,,,,,,,,1
225,20200225,M,0,NA,IP (X),SCHOOL X,72.9,,,94.3,,,,90.4,86,,,,,,,,,,,,,,,,,,,,,,,,,,1
226,20200226,M,0,NA,IP (X),SCHOOL X,,59.9,,79.5,,,68,79.2,,,,,66.4,,,,,,,,,,,,,,,,,,,,,,1
227,20200227,M,0,NA,IP (X),SCHOOL X,,70.4,,79.8,,,,84.2,74.2,,,,65.2,,,,,,,,,,,,,,,,,,,,,,1
228,20200228,F,0,NA,IP (Y),SCHOOL Y,,49.4,,45.9,,,,66.3,49.2,,,,44.8,,,,,,,,,,,,,,,,,,,,,,1
229,20200229,F,0,NA,IP (Y),SCHOOL Y,,62,,76.2,,,,80.7,76.4,,,,67,,,,,,,,,,,,,,,,,,,,,,1
230,20200230,M,0,NA,IP (X),SCHOOL X,,60.4,,52.6,,,62.9,58.8,,,,,57.8,,,,,,,,,,,,,,,,,,,,,,1
231,20200231,M,0,NA,IP (X),SCHOOL X,,58.7,,67.8,,,,,,,59,,,59.9,,58.6,,,,,,,,,,,,,,,,,,,1
232,20200232,M,0,NA,IP (X),SCHOOL X,77.8,,,73.4,,,87,87,,,,,,,,,,,,,,,,,,,,,,,,,,,1
233,20200233,F,242,NA,DSA (CCA),METHODIST GIRLS' SCHOOL (SECONDARY),,53.6,,57.4,,,71.3,66.7,,,,55,,,,,,,,,,,,,,,,,,,,,,,1
234,20200234,F,0,NA,IP (Y),SCHOOL Y,72.6,,,75.1,,,73.5,83.2,,,,,,,,,,,,,,,,,,,,,,,,,,,2
235,20200235,F,0,NA,IP (Y),SCHOOL Y,,63.5,,50.9,,,,72.8,58,,,,,,,,60.5,,,,,,,,,,,,,,,,,,2
236,20200236,F,0,NA,IP (Y),SCHOOL Y,,53.4,,68.7,,,,70.6,66.2,,,,54.1,,,,,,,,,,,,,,,,,,,,,,2
237,20200237,M,0,NA,IP (X),SCHOOL X,,59.7,,67.2,,,,72.8,78.1,,,,58.9,,,,,,,,,,,,,,,,,,,,,,1
238,20200238,F,243,NA,DSA (CCA),CRESCENT GIRLS' SCHOOL,,53.1,,41.3,,,,,,53,,,37.3,,42.8,,,,,,,,,,,,,,,,,,,,1
239,20200239,M,0,NA,IP (X),SCHOOL X,,59.3,,67.9,,,,78.9,70.6,,,,66.6,,,,,,,,,,,,,,,,,,,,,,1
240,20200240,M,0,NA,IP (X),SCHOOL X,,60.3,,83.5,,,,81.9,79.6,,,,64.1,,,,,,,,,,,,,,,,,,,,,,2
241,20200241,M,250,NA,DSA (CCA),SCHOOL X,,53.9,,46.5,,,46.3,45.3,,,,,,,,,,,,,,,,,,,,,,,,31.8,,,1
242,20200242,M,248,NA,DSA (CCA),ST. JOSEPH'S INSTITUTION,,50.8,,60.6,,,,67.7,73.4,55.2,,,,,,,,,,,,,,,,,,,,,,,,,1
243,20200243,M,0,NA,IP (X),SCHOOL X,,66.5,,60.6,,,,,,,,,60.8,,64.3,,,,,,,,68.1,,,,,,,,,,,,1
244,20200244,M,0,NA,IP (X),SCHOOL X,,57.8,,35.4,,,,41.5,,,,,53.3,,59,,,,,,,,,,,,,,,,,,,,1
245,20200245,M,0,NA,IP (X),SCHOOL X,,64.1,,64.8,,,,70.5,62.2,,,,,,,,64.6,,,,,,,,,,,,,,,,,,1
246,20200246,M,0,NA,IP (X),SCHOOL X,,52.5,,67,,,,65.9,74.5,,,,57.5,,,,,,,,,,,,,,,,,,,,,,1
247,20200247,M,0,NA,IP (X),SCHOOL X,,59.6,,66.1,,,71.6,77.1,,,,,62.1,,,,,,,,,,,,,,,,,,,,,,1
248,20200248,M,0,NA,IP (X),SCHOOL X,,56.5,,47.6,,,51.5,70.4,,,,,51.9,,,,,,,,,,,,,,,,,,,,,,1
249,20200249,F,0,NA,JAE Ordinary Admission,GAN ENG SENG SCHOOL,,40.9,,67.5,,,65.5,77.4,,,,,,,,,,,,,72.1,,,,,,,,,,,,,,1
250,20200250,F,0,NA,JAE Ordinary Admission,DUNMAN SECONDARY SCHOOL,,54.6,,90.9,,,82.6,92.4,,,,,64.1,,,,,,,,,,,,,,,,,,,,,,1
251,20200251,M,215,NA,DSA (CCA),BUKIT PANJANG GOVT. HIGH SCHOOL,,48.8,,40,,,38,46.1,,,,,,,,,,,,,,,,,,,,,,,,45.1,,,1
252,20200252,F,0,NA,IP (Y),SCHOOL Y,,57.3,,74.7,,,,68.3,55.4,,,,52.9,,,,,,,,,,,,,,,,,,,,,,1
253,20200253,M,0,NA,IP (X),SCHOOL X,,56.4,,63,,,69.6,76.4,,,,,,,,,,,70.9,,,,,,,,,,,,,,,,2
254,20200254,F,0,NA,IP (Y),SCHOOL Y,,46.5,,23.3,,,33.4,30.5,,,,,,,,,,,,,,,,,,,,,,,,56.3,,,1
255,20200255,F,0,NA,JAE Ordinary Admission,CEDAR GIRLS' SECONDARY SCHOOL,,72.3,,88.8,,,,93.6,90.9,,,,72.7,,,,,,,,,,,,,,,,,,,,,,1
256,20200256,M,0,NA,JAE Ordinary Admission,YISHUN SECONDARY SCHOOL,,63.1,,87,,,87.5,90.2,,,,,67.3,,,,,,,,,,,,,,,,,,,,,,1
257,20200257,F,0,NA,JAE Ordinary Admission,CHUNG CHENG HIGH SCHOOL (YISHUN),,72.5,,73.7,,,,77.8,80.3,,,,70.2,,,,,,,,,,,,,,,,,,,,,,1
258,20200258,F,0,NA,IP (Y),SCHOOL Y,,61.8,,55.5,,,,75.9,83.9,,,,48.2,,,,,,,,,,,,,,,,,,,,,,1
259,20200259,F,0,NA,IP (Y),SCHOOL Y,,57.7,,75.9,,,79,85.5,,,,,57.7,,,,,,,,,,,,,,,,,,,,,,1
260,20200260,F,0,NA,IP (Y),SCHOOL Y,,57,,79.9,,,,82.3,72.3,,,,65.2,,,,,,,,,,,,,,,,,,,,,,1
261,20200261,M,235,Repeat Yr1,DSA (CCA),NAN HUA HIGH SCHOOL,,49.3,,44.1,,,36.1,54.4,,,,,,,,,,,,,,,,,,,,,,,,,33.9,,1
262,20200262,F,0,NA,IP (Y),SCHOOL Y,,54.8,,59.9,,,54,61.2,,,,,64.9,,,,,,,,,,,,,,,,,,,,,,2
263,20200263,M,0,NA,IP (X),SCHOOL X,,57.3,,68.9,,,52.9,76,,,,,55,,,,,,,,,,,,,,,,,,,,,,1
264,20200264,F,0,NA,IP (Y),SCHOOL Y,,57.5,,,,,,,,,,,49,,66.3,,,,,,,55,,,,,,66.6,,,,,,,1
265,20200265,F,0,NA,JAE Ordinary Admission,TANJONG KATONG SECONDARY SCHOOL,,50.8,,38.8,,,,54,45,,,,38.2,,,,,,,,,,,,,,,,,,,,,,1
266,20200266,M,0,NA,IP (X),SCHOOL X,,41.8,,73.4,,84.7,83.7,,,,,,60.5,,,,,,,,,,,,,,,,,,,,,,1
267,20200267,M,0,NA,JAE Ordinary Admission,NAN HUA HIGH SCHOOL,,56,,68.4,,,66,86.9,,,,,57.5,,,,,,,,,,,,,,,,,,,,,,1
268,20200268,M,0,NA,IP (X),SCHOOL X,,57.8,,81.4,,,82.1,84,,,,,62.7,,,,,,,,,,,,,,,,,,,,,,1
269,20200269,M,246,NA,DSA,NAN HUA HIGH SCHOOL,,,67.8,65.2,,,,,,,59,,,,,57.1,,,,,,,,,,,,,,,,,,,2
270,20200270,M,0,NA,IP (X),SCHOOL X,,58.3,,56.5,,,63.2,76.2,,,,,,,,,,,,76.8,,,,,,,,,,,,,,,1
271,20200271,M,0,NA,IP (X),SCHOOL X,,59.1,,60.2,,,,65.3,50.1,,,,50.7,,,,,,,,,,,,,,,,,,,,,,1
272,20200272,M,0,NA,JAE Ordinary Admission,CHUNG CHENG HIGH SCHOOL (MAIN),,69.8,,49.7,,,,72.8,68.1,,,,57.1,,,,,,,,,,,,,,,,,,,,,,1
273,20200273,M,0,NA,IP (X),SCHOOL X,,,68.4,,,,,,,,63,,,54.5,,57.1,,,,,,,,,,,,88,,,,,,,2
274,20200274,F,0,NA,IP (Y),SCHOOL Y,,74,,67.6,,,,78.2,69.9,,,,62.7,,,,,,,,,,,,,,,,,,,,,,2
275,20200275,F,0,NA,IP (Y),SCHOOL Y,,71.6,,69.9,,,62.8,73.5,,,,,,,,,,,,,,,70.2,,,,,,,,,,,,2
276,20200276,M,0,NA,IP (X),SCHOOL X,,55.2,,70.3,,,,76.1,59.8,,,,51.1,,,,,,,,,,,,,,,,,,,,,,1
277,20200277,F,0,NA,JAE Ordinary Admission,CRESCENT GIRLS' SCHOOL,,60.5,,38.8,,,,60.7,43.3,,,,60.3,,,,,,,,,,,,,,,,,,,,,,1
278,20200278,F,0,NA,IP (Y),SCHOOL Y,,68.4,,46.7,,,,68.1,63.7,,,,,,,,,,,,,,,59.9,,,,,,,,,,,1
279,20200279,F,0,NA,IP (Y),SCHOOL Y,,58.3,,89.7,,89.1,82.7,,,,,,65.8,,,,,,,,,,,,,,,,,,,,,,3
280,20200280,M,0,NA,JAE Ordinary Admission,"SCHOOL OF SCIENCE AND TECHNOLOGY, SINGAPORE",,58.5,,63.9,,,65.2,74.1,,,,,58.1,,,,,,,,,,,,,,,,,,,,,,2
281,20200281,M,0,NA,JAE Ordinary Admission,NAN HUA HIGH SCHOOL,,57,,63.5,,,,76.7,80.6,,,,70.3,,,,,,,,,,,,,,,,,,,,,,1
282,20200282,M,0,NA,IP (X),SCHOOL X,62.2,,,69,,,,84.8,71.6,,,,,,,,,,,,,,,,,,,,,,,,,,1
283,20200283,M,0,NA,JAE Ordinary Admission,CATHOLIC HIGH SCHOOL,,45.4,,62.1,,,63.6,75.2,,,,,51.3,,,,,,,,,,,,,,,,,,,,,,1
284,20200284,M,0,NA,IP (X),SCHOOL X,,62.8,,53.6,,,,61,57.2,,,,51.1,,,,,,,,,,,,,,,,,,,,,,2
285,20200285,M,0,NA,IP (X),SCHOOL X,,56.8,,79.8,,,,74.3,90.4,,,,67.5,,,,,,,,,,,,,,,,,,,,,,1
286,20200286,F,0,NA,IP (Y),SCHOOL Y,,63.3,,70.8,,,,64.6,,64.3,,,,,,,,,,73.2,,,,,,,,,,,,,,,2
287,20200287,F,0,NA,IP (Y),SCHOOL Y,,63,,39.1,,,,67.3,,,,,58.3,,,,,,,,,,63.1,,,,,,,,,,,,1
288,20200288,F,252,NA,DSA (CCA),CHIJ ST. NICHOLAS GIRLS' SCHOOL,,59,,44.2,,,,67.2,64.6,,,,54.5,,,,,,,,,,,,,,,,,,,,,,1
289,20200289,F,0,NA,JAE Ordinary Admission,NAN CHIAU HIGH SCHOOL,,49.6,,59.1,,,,61.4,25.2,,,,45.8,,,,,,,,,,,,,,,,,,,,,,1
290,20200290,M,0,NA,IP (X),SCHOOL X,,71,,78.3,,85.8,72.1,,,,,,65.9,,,,,,,,,,,,,,,,,,,,,,1
291,20200291,M,0,NA,IP (X),SCHOOL X,,65.7,,64.4,,,63.7,74.7,,,,,55.9,,,,,,,,,,,,,,,,,,,,,,1
292,20200292,F,0,NA,IP (Y),SCHOOL Y,,54.1,,42.6,,,,61.2,59,,,,58.7,,,,,,,,,,,,,,,,,,,,,,1
293,20200293,M,0,NA,JAE Ordinary Admission,CHUNG CHENG HIGH SCHOOL (MAIN),,56.7,,MC,,,,MC,56.2,,,,60,,,,,,,,,,,,,,,,,,,,,,1
294,20200294,F,0,NA,JAE Ordinary Admission,CRESCENT GIRLS' SCHOOL,,46.1,,52.8,,61.2,48.6,,,,,,,,,,,,,,,,,,,81.1,,,,,,,,,1
295,20200295,F,0,NA,IP (Y),SCHOOL Y,,51.2,,45.5,,42.8,50.4,,,,,,40.1,,,,,,,,,,,,,,,,,,,,,,1
296,20200296,F,0,NA,IP (Y),SCHOOL Y,,59,,41.5,,,,62.9,59.4,,,,61.4,,,,,,,,,,,,,,,,,,,,,,1
297,20200297,F,0,NA,IP (Y),SCHOOL Y,,60.3,,77.8,,,75.1,84.3,,,,,,,,,,,72.4,,,,,,,,,,,,,,,,1
298,20200298,M,0,NA,DSA,NAN CHIAU HIGH SCHOOL,,62.7,,91.8,,94.2,85.9,,,,,,66.8,,,,,,,,,,,,,,,,,,,,,,1
299,20200299,M,247,NA,DSA (CCA),NAN HUA HIGH SCHOOL,,46.1,,86.8,,,66.3,74.7,,,,,62.5,,,,,,,,,,,,,,,,,,,,,,1
300,20200300,M,0,NA,IP (X),SCHOOL X,,50.9,,50.4,,,,51.5,,,,,51.3,,,,,,,,,53.2,,,,,,,,,,,,,1
301,20200301,F,0,NA,JAE Ordinary Admission,CEDAR GIRLS' SECONDARY SCHOOL,,55.5,,62.7,,,58,54.9,,,,,51,,,,,,,,,,,,,,,,,,,,,,1
302,20200302,F,0,NA,IP (Y),SCHOOL Y,,65.2,,53.6,,,,75.1,73.3,,,,56.7,,,,,,,,,,,,,,,,,,,,,,1
303,20200303,F,0,NA,IP (Y),SCHOOL Y,,62,,66.2,,,,74.5,79.9,,,,71,,,,,,,,,,,,,,,,,,,,,,1
304,20200304,F,0,NA,IP (Y),SCHOOL Y,,62.4,,55.9,,,,49.6,47,,,,,,,,,,,,,55.1,,,,,,,,,,,,,1
305,20200305,F,0,NA,JAE Ordinary Admission,YISHUN TOWN SECONDARY SCHOOL,,55.1,,66,,,69.1,76,,,,,58.9,,,,,,,,,,,,,,,,,,,,,,1
306,20200306,F,0,NA,IP (Y),SCHOOL Y,,62,,82.7,,,,84.5,73.1,,,,64.6,,,,,,,,,,,,,,,,,,,,,,1
307,20200307,M,0,NA,IP (X),SCHOOL X,,52.1,,63,,,49.4,60.7,,,,,45.8,,,,,,,,,,,,,,,,,,,,,,1
308,20200308,F,0,NA,JAE Ordinary Admission,CHUNG CHENG HIGH SCHOOL (MAIN),,49.5,,57.4,,,52.7,60.8,,,,,56,,,,,,,,,,,,,,,,,,,,,,1
309,20200309,F,0,NA,IP (Y),SCHOOL Y,,63.2,,38.5,,,,,,64.4,,,43.8,,32,,,,,,,,,,,,,,,,,,,,1
310,20200310,M,0,NA,JAE Ordinary Admission,CATHOLIC HIGH SCHOOL,,54.2,,48.2,,,49.4,58.2,,,,,,,,,66.8,,,,,,,,,,,,,,,,,,1
311,20200311,F,0,NA,IP (Y),SCHOOL Y,,61.9,,85.3,,,82.1,87.4,,,,,69.8,,,,,,,,,,,,,,,,,,,,,,1
312,20200312,F,0,NA,IP (Y),SCHOOL Y,,55.9,,64.1,,,66.6,64,,,,,,,,,,,,,,61.1,,,,,,,,,,,,,1
313,20200313,M,0,NA,IP (X),SCHOOL X,,52.4,,53.9,,,,48.6,31.2,,,,37.2,,,,,,,,,,,,,,,,,,,,,,1
314,20200314,M,0,NA,IP (X),SCHOOL X,,65.8,,69.7,,,63.8,83.5,,,,,67.1,,,,,,,,,,,,,,,,,,,,,,1
315,20200315,M,0,NA,IP (X),SCHOOL X,,60.4,,56.5,,,,72.9,75.1,,,,56.4,,,,,,,,,,,,,,,,,,,,,,1
316,20200316,F,0,NA,IP (Y),SCHOOL Y,,69.8,,89.1,,,,,,,73,,,,,70,,,,,,58,,,,,,,,,,,,,1
317,20200317,F,0,NA,IP (Y),SCHOOL Y,,57.7,,86.4,,85.8,77.7,,,,,,73.8,,,,,,,,,,,,,,,,,,,,,,1
318,20200318,F,0,NA,IP (Y),SCHOOL Y,,60.2,,73.7,,,69.2,73,,,,,,,,,,,,,,58.9,,,,,,,,,,,,,1
319,20200319,F,0,NA,IP (Y),SCHOOL Y,,58.7,,75.8,,,62,64.9,,,,,,,,,,,,,,59.8,,,,,,,,,,,,,2
320,20200320,M,0,NA,IP (X),SCHOOL X,,61.2,,71,,,76.2,82,,,,,,,,,,,,,,,,,64.3,,,,,,,,,,1
321,20200321,M,0,NA,IP (X),SCHOOL X,,62.1,,75.1,,,,87.9,81.3,,,,57.9,,,,,,,,,,,,,,,,,,,,,,1
322,20200322,F,0,NA,IP (Y),SCHOOL Y,,51.7,,91.6,,,79.5,87.5,,,,,60.8,,,,,,,,,,,,,,,,,,,,,,1
323,20200323,M,253,NA,DSA,CATHOLIC HIGH SCHOOL,,56.3,,53.2,,,,,,,59,,,53.4,,61.4,,,,,,,,,,,,,,,,,,,2
324,20200324,F,0,NA,IP (Y),SCHOOL Y,,58,,46.3,,,,70.9,65.4,,,,44.1,,,,,,,,,,,,,,,,,,,,,,1
325,20200325,F,0,NA,IP (Y),SCHOOL Y,,57.9,,44.6,,,,59.4,49.2,,,,46.1,,,,,,,,,,,,,,,,,,,,,,1
326,20200326,F,0,NA,IP (Y),SCHOOL Y,,55.5,,70,,,,73.2,47,,,,48,,,,,,,,,,,,,,,,,,,,,,1
327,20200327,F,0,NA,IP (Y),SCHOOL Y,,70.6,,55.3,,,,,,56.8,,,57.3,,,,69.8,,,,,,,,,,,,,,,,,,1
328,20200328,F,0,NA,IP (Y),SCHOOL Y,,39.9,,74.9,,,69.7,86.8,,,,,,,,,59.4,,,,,,,,,,,,,,,,,,1
329,20200329,F,0,NA,JAE Ordinary Admission,NAN HUA HIGH SCHOOL,,52.9,,26.3,,,,,,,,,49.7,,,,55.9,,,,EX,,,,,,,,,,,,,,1
330,20200330,F,0,NA,IP (Y),SCHOOL Y,,48.5,,89.8,,,,79,61.1,,,,,,,,,,,,,82.9,,,,,,,,,,,,,1
331,20200331,F,0,NA,IP (Y),SCHOOL Y,,60.7,,65.8,,78,,67.4,,,,,60.6,,,,,,,,,,,,,,,,,,,,,,1
332,20200332,M,0,NA,IP (X),SCHOOL X,,54.4,,47.1,,,,63.9,38.6,,,,50.4,,,,,,,,,,,,,,,,,,,,,,1
333,20200333,M,0,NA,IP (X),SCHOOL X,,67.1,,89.3,,,,77.3,77.3,,,,73.3,,,,,,,,,,,,,,,,,,,,,,2
334,20200334,F,0,NA,IP (Y),SCHOOL Y,,53.3,,52.6,,,57.1,61.7,,,,,62.6,,,,,,,,,,,,,,,,,,,,,,1
335,20200335,F,0,NA,IP (Y),SCHOOL Y,,64.6,,76.3,,,78.1,79.9,,,,,60.4,,,,,,,,,,,,,,,,,,,,,,1
336,20200336,F,0,NA,IP (Y),SCHOOL Y,,66.4,,75.5,,,72.1,75.8,,61.7,,,,,,,,,,,,,,,,,,,,,,,,,1
337,20200337,F,242,NA,DSA,SWISS COTTAGE SECONDARY SCHOOL,,66.5,,51.1,,,,,,,67,,,59.8,,64.3,,,,,,,,,,,,,,,,,,,2
338,20200338,F,0,NA,IP (Y),SCHOOL Y,,62.5,,79.9,,,,91,73,,,,48.1,,,,,,,,,,,,,,,,,,,,,,2
339,20200339,M,0,NA,IP (X),SCHOOL X,,61.4,,45.5,,,,,,,,,57.2,,57.5,,,,,,,,,,,,,,,,,,,61.5,1
340,20200340,F,0,NA,IP (Y),SCHOOL Y,,58.7,,79.5,,,72,68,,,,,,,,,,,,,,69.7,,,,,,,,,,,,,1
341,20200341,F,0,NA,IP (Y),SCHOOL Y,,52.6,,57.1,,,41.3,50.6,,,,,56.2,,,,,,,,,,,,,,,,,,,,,,2
342,20200342,M,0,NA,IP (X),SCHOOL X,,59.8,,34.5,,,58,51.7,,,,,48.4,,,,,,,,,,,,,,,,,,,,,,1
343,20200343,F,0,NA,IP (Y),SCHOOL Y,,63.3,,75.6,,,,82.6,74.7,,,,49.7,,,,,,,,,,,,,,,,,,,,,,2
344,20200344,F,0,NA,DSA (CCA),METHODIST GIRLS' SCHOOL (SECONDARY),,52.1,,70.7,,,,77.4,66.5,,,,57.2,,,,,,,,,,,,,,,,,,,,,,2
345,20200345,M,0,NA,IP (X),SCHOOL X,,54.7,,26.3,,,34.9,42.3,,,,,44.4,,,,,,,,,,,,,,,,,,,,,,1
346,20200346,M,254,Repeat Yr2,IP (X),SCHOOL X,,,,,,,,,,,,,,,,,,,,,,,,,,,,,,,,,,,0
347,20200347,F,0,NA,IP (Y),SCHOOL Y,,52.7,,57,,,,42,52.4,,,,53.6,,,,,,,,,,,,,,,,,,,,,,1
348,20200348,M,0,NA,IP (X),SCHOOL X,,56.1,,46.7,,,,46.6,58.8,,,,47.4,,,,,,,,,,,,,,,,,,,,,,1
349,20200349,M,0,NA,IP (X),SCHOOL X,,61.8,,55.3,,,,74.3,63.5,,,,,,,,74.2,,,,,,,,,,,,,,,,,,1
350,20200350,M,0,NA,IP (X),SCHOOL X,,56.3,,53.9,,,,,,59.3,,,53.4,,,,,,,,,60.7,,,,,,,,,,,,,1
351,20200351,M,0,NA,IP (X),SCHOOL X,,65,,83.5,,,76.5,77.7,,,,,,,,,,,,,,55.4,,,,,,,,,,,,,1
352,20200352,M,0,NA,JAE Ordinary Admission,BOWEN SECONDARY SCHOOL,,50.3,,74.9,,,76.2,79.5,,,,,,,,,59.1,,,,,,,,,,,,,,,,,,1
353,20200353,M,0,NA,IP (X),SCHOOL X,,76.3,,83.4,,,76.5,89.9,,,,,,,,,,,,,,,,,71.3,,,,,,,,,,1
354,20200354,M,0,NA,DSA (CCA),BUKIT PANJANG GOVT. HIGH SCHOOL,,53.3,,83,,,,87.2,72.2,,,,63.3,,,,,,,,,,,,,,,,,,,,,,1
355,20200355,M,0,NA,JAE Ordinary Admission,NAN CHIAU HIGH SCHOOL,,54.1,,63.3,,,68.9,74.6,,,,,49.7,,,,,,,,,,,,,,,,,,,,,,1
356,20200356,M,0,NA,IP (X),SCHOOL X,,68.8,,87.7,,,86.3,88.8,,,,,72.5,,,,,,,,,,,,,,,,,,,,,,2
357,20200357,M,259,Repeat Yr1,IP (X),SCHOOL X,,60.7,,39.6,,,,,,56.4,,,,,,,47.4,,,,,,,,,,,,,,,60.3,,,1
358,20200358,F,0,NA,IP (Y),SCHOOL Y,,54,,89.4,,,81.9,81.5,,,,,65.9,,,,,,,,,,,,,,,,,,,,,,1
359,20200359,F,0,NA,IP (Y),SCHOOL Y,,64.6,,71.7,,,,82.4,75.3,,,,62.9,,,,,,,,,,,,,,,,,,,,,,1
360,20200360,F,0,NA,IP (Y),SCHOOL Y,,61,,60.2,,,55.8,59.2,,,,,,,,,,,,,,61.1,,,,,,,,,,,,,1
361,20200361,F,0,NA,JAE Ordinary Admission,ANDERSON SECONDARY SCHOOL,,57.8,,74.6,,,,84.5,82.2,,,,71.7,,,,,,,,,,,,,,,,,,,,,,1
362,20200362,M,0,NA,IP (X),SCHOOL X,,51.6,,43,,,,69.2,42,,,,47.3,,,,,,,,,,,,,,,,,,,,,,1
363,20200363,M,0,NA,IP (X),SCHOOL X,,59.7,,57.3,,,,87.4,75.5,,,,60.5,,,,,,,,,,,,,,,,,,,,,,1
364,20200364,M,0,NA,IP (X),SCHOOL X,,70.8,,74.3,,,71.8,79.6,,,,,72.6,,,,,,,,,,,,,,,,,,,,,,1
365,20200365,F,0,NA,IP (Y),SCHOOL Y,,56.6,,76.3,,,62.2,84.3,,,,,58.3,,,,,,,,,,,,,,,,,,,,,,1
366,20200366,M,0,NA,IP (X),SCHOOL X,,57.8,,49.2,,,59.7,53.6,,,,,60.5,,,,,,,,,,,,,,,,,,,,,,0
367,20200367,F,0,NA,IP (Y),SCHOOL Y,,63.3,,77.8,,,65.7,75,,,,,66,,,,,,,,,,,,,,,,,,,,,,1
368,20200368,F,0,NA,IP (Y),SCHOOL Y,,65,,51.4,,,,50.1,,,,,62.5,,55.3,,,,,,,,,,,,,,,,,,,,1
369,20200369,F,0,NA,IP (Y),SCHOOL Y,,57,,,,,,,,56.3,,,50,,,,62.2,,,,,,,,,,,67.4,,,,,,,2
370,20200370,M,0,NA,JAE Ordinary Admission,TANJONG KATONG SECONDARY SCHOOL,,61.7,,53.3,,,,76.1,73.9,66.9,,,,,,,,,,,,,,,,,,,,,,,,,1
371,20200371,M,0,NA,JAE Ordinary Admission,CATHOLIC HIGH SCHOOL,,58,,70.1,,,78.9,82.6,,,,,56.6,,,,,,,,,,,,,,,,,,,,,,1
372,20200372,M,0,NA,IP (X),SCHOOL X,,55.6,,62.2,,,,69.9,71.6,,,,51,,,,,,,,,,,,,,,,,,,,,,1
373,20200373,M,0,NA,IP (X),SCHOOL X,,57.3,,37,,,,50.6,49.8,,,,48.8,,,,,,,,,,,,,,,,,,,,,,1
374,20200374,M,233,NA,DSA,CLEMENTI TOWN SECONDARY SCHOOL,,59.3,,65.4,,,,79.3,85.9,,,,58.2,,,,,,,,,,,,,,,,,,,,,,1
375,20200375,M,0,NA,IP (X),SCHOOL X,70.7,,,83.2,,,,,,,,,59.5,,,,82.2,,,,,,,,,,,,,,,,,,1
376,20200376,M,0,NA,IP (X),SCHOOL X,,56,,80.9,,,75.4,77.5,,,,,62.6,,,,,,,,,,,,,,,,,,,,,,1
377,20200377,M,244,NA,DSA (CCA),SCHOOL X,,53.4,,,,,,,,58.5,,,45.5,,,,59.7,,,,,,,,,,,47.5,,,,,,,1
378,20200378,M,0,NA,IP (X),SCHOOL X,,68.9,,87.2,,,,89.3,89,,,,80.6,,,,,,,,,,,,,,,,,,,,,,1
379,20200379,M,0,NA,IP (X),SCHOOL X,,62.9,,82.9,,,,85.4,75.4,,,,65.2,,,,,,,,,,,,,,,,,,,,,,1
380,20200380,F,0,NA,IP (Y),SCHOOL Y,,55.4,,75.6,,,,71.1,74.8,,,,,,,,,,,,,66.6,,,,,,,,,,,,,1
381,20200381,F,0,NA,IP (Y),SCHOOL Y,,70.8,,82.4,,,,81.5,73.3,,,,72.6,,,,,,,,,,,,,,,,,,,,,,1
382,20200382,F,0,NA,IP (Y),SCHOOL Y,,64.8,,71.3,,,,,,,67,,,63.5,,60,,,,,,,,,,,,,,,,,,,2
383,20200383,M,0,NA,IP (X),SCHOOL X,,55.8,,48.7,,,59.2,56.6,,,,,52.5,,,,,,,,,,,,,,,,,,,,,,1
384,20200384,M,0,NA,IP (X),SCHOOL X,,70.3,,47.2,,,51,,,,,,,,62.1,,,,,,,,,,,,,,,,,59.9,,,1
385,20200385,M,0,NA,IP (X),SCHOOL X,68.7,,,74.2,,,71.3,,,,,,62.1,,,,,,,,,,,,,,,,,,,,,,2
386,20200386,M,0,NA,IP (X),SCHOOL X,,48.9,,65.1,,,,71.3,64.4,,,,56.9,,,,,,,,,,,,,,,,,,,,,,1
387,20200387,M,0,NA,IP (X),SCHOOL X,,58.7,,76.3,,,,87.1,81.4,,,,64.8,,,,,,,,,,,,,,,,,,,,,,1
388,20200388,M,0,NA,IP (X),SCHOOL X,,59.3,,82.3,,,79.8,88,,,,,59.4,,,,,,,,,,,,,,,,,,,,,,1
389,20200389,F,0,NA,IP (Y),SCHOOL Y,,60.5,,67.9,,,60.9,64.7,,,,,53.6,,,,,,,,,,,,,,,,,,,,,,1
390,20200390,M,0,NA,IP (X),SCHOOL X,,60,,67.1,,,66.9,66.8,,,,,54.6,,,,,,,,,,,,,,,,,,,,,,1
391,20200391,F,0,NA,JAE Ordinary Admission,CHIJ ST. NICHOLAS GIRLS' SCHOOL,,56.1,,57.7,,,,64.5,65.6,,,,56.7,,,,,,,,,,,,,,,,,,,,,,1
392,20200392,F,0,NA,JAE Ordinary Admission,ZHONGHUA SECONDARY SCHOOL,,56.3,,54.5,,,,71.3,74.2,,,,,,,,67.7,,,,,,,,,,,,,,,,,,1
393,20200393,M,0,NA,IP (X),SCHOOL X,,58.3,,66.2,,,,81.5,67.5,,,,56.5,,,,,,,,,,,,,,,,,,,,,,1
394,20200394,M,244,NA,DSA (CCA),CATHOLIC HIGH SCHOOL,,43.7,,33.4,,,35.2,33.4,,,,,,,,,,,,,,,,,,,,,,,,50.9,,,1
395,20200395,F,0,NA,IP (Y),SCHOOL Y,,55.4,,62,,67.5,59.7,,,,,,39.6,,,,,,,,,,,,,,,,,,,,,,1
396,20200396,F,0,NA,JAE Ordinary Admission,SWISS COTTAGE SECONDARY SCHOOL,,54.9,,27.2,,,,48.5,52.6,,,,45.4,,,,,,,,,,,,,,,,,,,,,,1
397,20200397,F,0,NA,IP (Y),SCHOOL Y,,,76,,,,,,,,66,,,56.1,,,,69,,,,,,,,,,,,,,,,,2
398,20200398,M,0,NA,IP (X),SCHOOL X,,62.7,,58.7,,,,56.1,52.6,,,,52.2,,,,,,,,,,,,,,,,,,,,,,1
399,20200399,M,0,NA,IP (X),SCHOOL X,,57.9,,70.8,,,71.3,73.7,,,,,47,,,,,,,,,,,,,,,,,,,,,,1
400,20200400,M,0,NA,IP (X),SCHOOL X,,56.7,,73,,78.4,70.2,,,,,,61.3,,,,,,,,,,,,,,,,,,,,,,1
401,20200401,M,0,NA,JAE Ordinary Admission,NAN CHIAU HIGH SCHOOL,,52,,51.9,,,54.6,51.2,,,,,63.4,,,,,,,,,,,,,,,,,,,,,,1
402,20200402,M,0,NA,IP (X),SCHOOL X,,54,,MC,,,56.4,38.1,,,,,45.9,,,,,,,,,,,,,,,,,,,,,,0
403,20200403,M,0,NA,IP (X),SCHOOL X,,53,,56.9,,,58.5,70.5,,,,,54,,,,,,,,,,,,,,,,,,,,,,1
404,20200404,F,0,NA,IP (Y),SCHOOL Y,,61.3,,73.4,,,71.9,70,,,,,56.4,,,,,,,,,,,,,,,,,,,,,,1
405,20200405,F,0,NA,JAE Ordinary Admission,METHODIST GIRLS' SCHOOL (SECONDARY),,63.3,,60.8,,,,71.3,69.2,,,,55.8,,,,,,,,,,,,,,,,,,,,,,1
406,20200406,M,0,NA,IP (X),SCHOOL X,,57.9,,88.9,,86.2,,84.1,,,,,49.2,,,,,,,,,,,,,,,,,,,,,,1
407,20200407,M,0,NA,IP (X),SCHOOL X,,59.5,,82.3,,89.1,76.9,,,,,,68.8,,,,,,,,,,,,,,,,,,,,,,1
408,20200408,F,0,NA,JAE Ordinary Admission,CRESCENT GIRLS' SCHOOL,,54.4,,54.6,,,52.2,60.8,,,,,52.8,,,,,,,,,,,,,,,,,,,,,,1
409,20200409,F,0,NA,IP (Y),SCHOOL Y,,58.1,,60.9,,,59.3,53.4,,,,,48.8,,,,,,,,,,,,,,,,,,,,,,1
410,20200410,M,0,NA,IP (X),SCHOOL X,,59.9,,80.7,,,,,,,70,65.5,,,,,,77,,,,,,,,,,,,,,,,,2
411,20200411,F,0,NA,JAE Ordinary Admission,NAN HUA HIGH SCHOOL,,57.6,,51.6,,,,59.7,66.4,,,,53.3,,,,,,,,,,,,,,,,,,,,,,1
412,20200412,F,0,NA,IP (Y),SCHOOL Y,,41.7,,44.6,,,56,11.7,,,,,,,,,,,,,,,,,,,,,,,,28.4,,,0
413,20200413,F,0,NA,IP (Y),SCHOOL Y,,53.6,,42,,,41.4,50,,,,,45,,,,,,,,,,,,,,,,,,,,,,1
414,20200414,M,0,NA,IP (X),SCHOOL X,,57,,83.6,,,65.7,78.2,,,,,52.2,,,,,,,,,,,,,,,,,,,,,,1
415,20200415,M,0,NA,IP (X),SCHOOL X,,64.3,,95.7,,,92.6,93.8,,,,,67.6,,,,,,,,,,,,,,,,,,,,,,1
416,20200416,F,0,NA,JAE Ordinary Admission,CHIJ ST. NICHOLAS GIRLS' SCHOOL,,57.9,,76.3,,,,78,75.6,,,,70.2,,,,,,,,,,,,,,,,,,,,,,1
417,20200417,F,0,NA,JAE Ordinary Admission,BUKIT PANJANG GOVT. HIGH SCHOOL,,54.7,,,,,,,,59.9,,,56.3,,43.6,,,,,,,,,,,,,55.8,,,,,,,1
418,20200418,F,0,NA,JAE Ordinary Admission,CHIJ ST. NICHOLAS GIRLS' SCHOOL,,52.5,,32.9,,,,59.1,47.7,,,,42.2,,,,,,,,,,,,,,,,,,,,,,1
419,20200419,M,0,NA,IP (X),SCHOOL X,,62.8,,51.3,,,57.7,53.4,,,,,60,,,,,,,,,,,,,,,,,,,,,,1
420,20200420,M,0,NA,IP (X),SCHOOL X,,62.3,,82.6,,,,76.8,67.4,,,,58.5,,,,,,,,,,,,,,,,,,,,,,3
421,20200421,M,0,NA,IP (X),SCHOOL X,,76.7,,83,,,,,,,74,,,,,78.6,,,,,,75.9,,,,,,,,,,,,,2
422,20200422,F,0,NA,IP (Y),SCHOOL Y,,,61.6,60.4,,,,,,,60,,,55.8,,,,,,,,,,,,,,,,,,,,,2
423,20200423,F,0,NA,JAE Ordinary Admission,CHIJ KATONG CONVENT,,47.8,,35.2,,,,58.2,43.5,,,,,,,,,,,,49.3,,,,,,,,,,,,,,1
424,20200424,F,0,NA,IP (Y),SCHOOL Y,,,61,65.9,,,,,,,67,,,62,,,,,,,,,,,,,,,,,,,,,1
425,20200425,M,0,NA,JAE Ordinary Admission,NAN HUA HIGH SCHOOL,,49.3,,61.9,,,66.8,73,,,,,50.7,,,,,,,,,,,,,,,,,,,,,,1
426,20200426,M,0,NA,IP (X),SCHOOL X,,67.6,,94.3,,,87.9,97.5,,,,,68.9,,,,,,,,,,,,,,,,,,,,,,2
427,20200427,F,0,NA,IP (Y),SCHOOL Y,,60.8,,24.5,,,,48.6,33.8,,,,49.2,,,,,,,,,,,,,,,,,,,,,,1
428,20200428,M,246,Repeat Yr1,DSA (CCA),RAFFLES INSTITUTION,,49.7,,65.6,,,41.4,61.4,,,,,,,,,,,,,,,,,,,,,,,,67.3,,,1
429,20200429,F,0,NA,IP (Y),SCHOOL Y,,56.7,,53.2,,,,75.9,52.3,,,,48.1,,,,,,,,,,,,,,,,,,,,,,1
430,20200430,M,0,NA,IP (X),SCHOOL X,,55.4,,59.9,,,,,,,55,,,49.8,,54.3,,,,,,,,,,,,,,,,,,,1
431,20200431,F,0,NA,IP (Y),SCHOOL Y,,59,,55.4,,,,71.2,61.6,,,,57.7,,,,,,,,,,,,,,,,,,,,,,1
432,20200432,M,0,NA,IP (X),SCHOOL X,,,72.6,70.4,,,,,,,63,,,74.6,,,,,,,,,,,,,,,,,,,,,1
433,20200433,F,0,NA,IP (Y),SCHOOL Y,,65.6,,68.5,,73.7,77.7,,,,,,72.3,,,,,,,,,,,,,,,,,,,,,,1
434,20200434,F,0,NA,JAE Ordinary Admission,NAN HUA HIGH SCHOOL,,49.8,,47.6,,,,55.2,49.6,,,,48.6,,,,,,,,,,,,,,,,,,,,,,1
435,20200435,M,0,NA,JAE Ordinary Admission,NAN CHIAU HIGH SCHOOL,,52.5,,73,,,,62.1,71.8,,,,57.5,,,,,,,,,,,,,,,,,,,,,,1
436,20200436,F,0,NA,IP (Y),SCHOOL Y,,68.6,,91.9,,,,87.9,84.2,,,,64.9,,,,,,,,,,,,,,,,,,,,,,1
437,20200437,F,0,NA,IP (Y),SCHOOL Y,70.2,,,MC,,,,62.1,63.3,,,,,,,,,,,,,,,,,,,,,,,,,,1
438,20200438,F,0,NA,IP (Y),SCHOOL Y,,66.7,,66.7,,,64,69.2,,,,,62.2,,,,,,,,,,,,,,,,,,,,,,1
439,20200439,F,232,NA,DSA (CCA),METHODIST GIRLS' SCHOOL (SECONDARY),,68.4,,81.3,,,,,,74.6,,,64.4,,73.5,,,,,,,,,,,,,,,,,,,,1
440,20200440,M,0,NA,IP (X),SCHOOL X,,55.2,,52.7,,,,64.3,61.1,59.1,,,,,,,,,,,,,,,,,,,,,,,,,1
441,20200441,M,0,NA,IP (X),SCHOOL X,,61.8,,65.2,,,54.4,70.2,,,,,60.2,,,,,,,,,,,,,,,,,,,,,,1
442,20200442,F,0,NA,JAE Ordinary Admission,NAN CHIAU HIGH SCHOOL,,56.1,,69.1,,,,69.1,61.7,,,67.1,,,,,,,,,,,,,,,,,,,,,,,1
443,20200443,F,0,NA,IP (Y),SCHOOL Y,,57.3,,59.3,,,,56.2,,,,,,,,,,,,,54.2,,70.7,,,,,,,,,,,,1
444,20200444,F,0,NA,JAE Ordinary Admission,BUKIT PANJANG GOVT. HIGH SCHOOL,,54.1,,58.5,,,,79.3,55.9,,,,,,,,,,,,51.3,,,,,,,,,,,,,,1
445,20200445,F,0,NA,IP (Y),SCHOOL Y,,55.1,,82.2,,,,78.1,69.8,,,,,,,,,,,72.4,,,,,,,,,,,,,,,1
446,20200446,F,0,NA,IP (Y),SCHOOL Y,,66.7,,66,,,,,,,70,,,61.6,,58.6,,,,,,,,,,,,,,,,,,,1
447,20200447,F,0,NA,JAE Ordinary Admission,PRESBYTERIAN HIGH SCHOOL,,51.5,,69.8,,,,67,82.7,,,,58.9,,,,,,,,,,,,,,,,,,,,,,1
448,20200448,M,0,NA,IP (X),SCHOOL X,,50.2,,16.7,,,,,,,,,47.7,,56.1,,,,,,,,,,,,,,,,55.1,,,,2
449,20200449,M,0,NA,IP (X),SCHOOL X,,57.6,,49.9,,58.9,,76.9,,,,,32.9,,,,,,,,,,,,,,,,,,,,,,1
450,20200450,F,0,NA,JAE Ordinary Admission,CHIJ SECONDARY (TOA PAYOH),,54.4,,25.9,,,,53.7,47.3,,,,,,,,47,,,,,,,,,,,,,,,,,,1
451,20200451,F,0,NA,JAE Ordinary Admission,TANJONG KATONG GIRLS' SCHOOL,,55.8,,60.8,,,,72.8,70.3,,,,53.9,,,,,,,,,,,,,,,,,,,,,,1
452,20200452,F,0,NA,IP (Y),SCHOOL Y,,74.7,,97,,,,87.3,80.3,,,,,,,,,,,,,74.9,,,,,,,,,,,,,1
453,20200453,F,0,NA,IP (Y),SCHOOL Y,,58.8,,51.4,,,54.4,54,,,,,45.1,,,,,,,,,,,,,,,,,,,,,,1
454,20200454,M,0,NA,IP (X),SCHOOL X,,61.8,,62.6,,,63.3,,,,,,,,,,,,71.1,,,,65.5,,,,,,,,,,,,1
455,20200455,F,0,NA,IP (Y),SCHOOL Y,,58.8,,50,,45.7,41.2,,,,,,28.3,,,,,,,,,,,,,,,,,,,,,,1
456,20200456,M,0,NA,IP (X),SCHOOL X,,67.9,,81.3,,,,,,,64,,,66,,64.3,,,,,,,,,,,,,,,,,,,2
457,20200457,F,0,NA,IP (Y),SCHOOL Y,,61,,56.4,,,,,,,59,50.5,,42.1,,,,,,,,,,,,,,,,,,,,,1
458,20200458,M,0,NA,IP (X),SCHOOL X,,56.4,,,,,,,,60.4,,,,,,,51.3,,,,47.3,,,,,,,79.5,,,,,,,1
459,20200459,F,0,NA,IP (Y),SCHOOL Y,,53.1,,63.3,,,55.7,68.8,,,,,47.8,,,,,,,,,,,,,,,,,,,,,,1
460,20200460,F,0,NA,IP (Y),SCHOOL Y,,62.3,,72.6,,,66,71.2,,,,,54.6,,,,,,,,,,,,,,,,,,,,,,1
461,20200461,M,0,NA,IP (X),SCHOOL X,,55.1,,76.1,,,82.7,88.6,,,,,,,,,,,,,,,,,,,,,,,,,,66,1
462,20200462,M,0,NA,IP (X),SCHOOL X,,52.5,,72.8,,,50.3,63.8,,,,,42.2,,,,,,,,,,,,,,,,,,,,,,1
463,20200463,M,0,NA,IP (X),SCHOOL X,,62.3,,92.3,,,88.5,84.2,,,,,69.9,,,,,,,,,,,,,,,,,,,,,,1
464,20200464,F,0,NA,JAE Ordinary Admission,METHODIST GIRLS' SCHOOL (SECONDARY),,53.7,,24.5,,,59.2,31.6,,,,,45.3,,,,,,,,,,,,,,,,,,,,,,1
465,20200465,M,0,NA,IP (X),SCHOOL X,,56.4,,76.2,,,80.3,88.1,,,,,52.7,,,,,,,,,,,,,,,,,,,,,,1
466,20200466,F,0,NA,IP (Y),SCHOOL Y,,56.6,,67.4,,,58.4,60.3,,,,,53.6,,,,,,,,,,,,,,,,,,,,,,2
467,20200467,M,0,NA,IP (X),SCHOOL X,,48.2,,74.5,,,58,71.1,,,,,62.3,,,,,,,,,,,,,,,,,,,,,,1
468,20200468,F,0,NA,IP (Y),SCHOOL Y,,68.6,,60.3,,,,63.1,55.1,,,,62.6,,,,,,,,,,,,,,,,,,,,,,1
469,20200469,M,0,NA,JAE Ordinary Admission,NAN HUA HIGH SCHOOL,,51.7,,77,,,,81.2,80.8,,,,53.8,,,,,,,,,,,,,,,,,,,,,,2
470,20200470,F,0,NA,JAE Ordinary Admission,NAN HUA HIGH SCHOOL,,63.3,,76.7,,,67.2,76.2,,,,,66.1,,,,,,,,,,,,,,,,,,,,,,1
471,20200471,F,0,NA,IP (Y),SCHOOL Y,,54,,87.5,,,65.7,67.8,,,,,,,,,,,,,,,,,,,,,,,,,,55.5,1
472,20200472,F,0,NA,IP (Y),SCHOOL Y,,62.3,,,,,,,,55.9,,,58.1,,,,59.4,,,,,,,,,,,79.2,,,,,,,1
473,20200473,F,263,NA,DSA (CCA),CEDAR GIRLS' SECONDARY SCHOOL,,55.1,,44.4,,,,60.5,65.4,,,,54.9,,,,,,,,,,,,,,,,,,,,,,1
474,20200474,M,0,NA,JAE Ordinary Admission,VICTORIA SCHOOL,,54.7,,93.9,,,73.6,83.1,,,,,54.6,,,,,,,,,,,,,,,,,,,,,,1
475,20200475,F,0,NA,IP (Y),SCHOOL Y,,62.1,,68.2,,,68.3,68.3,,,,,,,,,,,,,,60.1,,,,,,,,,,,,,1
476,20200476,F,0,NA,JAE Ordinary Admission,CHUNG CHENG HIGH SCHOOL (MAIN),,56.5,,55.2,,,,80.7,79.5,,,,60,,,,,,,,,,,,,,,,,,,,,,1
477,20200477,M,0,NA,IP (X),SCHOOL X,,59.6,,74.7,,,79.3,78.4,,,,,,,,,,,70.7,,,,,,,,,,,,,,,,1
478,20200478,F,0,NA,JAE Ordinary Admission,CHIJ ST. NICHOLAS GIRLS' SCHOOL,,60.2,,60.6,,,,MC,,,,,63.5,,MC,,,,,,,,,,,,,,,,,,,,1
479,20200479,M,0,NA,IP (X),SCHOOL X,,52,,60.1,,,55,71.8,,,,,52.3,,,,,,,,,,,,,,,,,,,,,,1
480,20200480,M,0,NA,JAE Ordinary Admission,ANDERSON SECONDARY SCHOOL,,64.3,,87.9,,,80.7,85.5,,,,,61.5,,,,,,,,,,,,,,,,,,,,,,1
481,20200481,F,0,NA,IP (Y),SCHOOL Y,,62.3,,40.3,,,,61.4,68.7,,,,53.2,,,,,,,,,,,,,,,,,,,,,,1
482,20200482,M,0,NA,IP (X),SCHOOL X,,54.6,,75,,,,85.2,79.5,,,,61.9,,,,,,,,,,,,,,,,,,,,,,1
483,20200483,F,0,NA,IP (Y),SCHOOL Y,,52.5,,81.1,,,,72.2,74.5,,,,58,,,,,,,,,,,,,,,,,,,,,,1
484,20200484,M,0,NA,IP (X),SCHOOL X,,54.7,,32.3,,,,62.6,60.2,,,,50.7,,,,,,,,,,,,,,,,,,,,,,2
485,20200485,M,0,Repeat Yr2,JAE Ordinary Admission,LOYANG VIEW SECONDARY SCHOOL,,,,,,,,,,,,,,,,,,,,,,,,,,,,,,,,,,,0
486,20200486,F,0,NA,JAE Ordinary Admission,BUKIT MERAH SECONDARY SCHOOL,,53.5,,53,,,,,,,,51,53.6,,50,,,,,,,,,,,,,,,,,,,,1
487,20200487,F,0,NA,IP (Y),SCHOOL Y,,52,,72.3,,,,89.3,84.1,,,,67.4,,,,,,,,,,,,,,,,,,,,,,1
488,20200488,F,0,NA,IP (Y),SCHOOL Y,69.5,,,90.3,92.3,,86.2,,,,,,,,,,,,,,,,,,,,,,,,,,,,2
489,20200489,M,0,NA,IP (X),SCHOOL X,,48.7,,43.3,,,42.9,,,,,,63.4,,,,,,58.3,,,,,,,,,,,,,,,,1
490,20200490,M,0,NA,JAE Ordinary Admission,MONTFORT SECONDARY SCHOOL,,40.9,,70.2,,80.5,58.7,,,,,,,,,,,,,,,56.6,,,,,,,,,,,,,1
491,20200491,F,0,NA,JAE Ordinary Admission,JUNYUAN SECONDARY SCHOOL,,58.2,,73.2,,,,83.5,67.7,,,,,,,,,,,,74.8,,,,,,,,,,,,,,1
492,20200492,M,0,NA,IP (X),SCHOOL X,,57.1,,22.7,,33.1,39.5,,,,,,,,,,,,,,56,,,,,,,,,,,,,,1
493,20200493,M,0,NA,IP (X),SCHOOL X,,67.9,,71,,,,86.7,79.4,,,,79.5,,,,,,,,,,,,,,,,,,,,,,1
494,20200494,F,0,NA,DSA,METHODIST GIRLS' SCHOOL (SECONDARY),,68.4,,87.6,,,,92,92.8,,,,71.8,,,,,,,,,,,,,,,,,,,,,,1
495,20200495,F,0,NA,IP (Y),SCHOOL Y,,52.9,,66.2,,,52.5,62.7,,,,,57.8,,,,,,,,,,,,,,,,,,,,,,1
496,20200496,F,0,NA,IP (Y),SCHOOL Y,,58.4,,73.5,,,66.2,75.2,,,,,61,,,,,,,,,,,,,,,,,,,,,,1
497,20200497,M,0,NA,IP (X),SCHOOL X,,64.2,,79.7,,,,,,,57,,,55.9,,68.6,,,,,,,,,,,,,,,,,,,2
498,20200498,F,0,NA,IP (Y),SCHOOL Y,,58.9,,54.4,,,,56.9,62.2,,,,,,,,,,73.8,,,,,,,,,,,,,,,,2
499,20200499,F,0,NA,IP (Y),SCHOOL Y,,71.3,,58.3,,,,63.5,59.2,,,,49.6,,,,,,,,,,,,,,,,,,,,,,1
500,20200500,F,0,NA,JAE Ordinary Admission,SWISS COTTAGE SECONDARY SCHOOL,,54.6,,45.1,,,,51.6,,,,,56.2,,,,65.7,,,,,,,,,,,,,,,,,,1